"","injuries","crash_date","crash_hour","report_type","num_units","posted_speed_limit","weather_condition","lighting_condition","roadway_surface_cond","first_crash_type","trafficway_type","prim_contributory_cause","latitude","longitude"
"240","injuries",2021-11-23 19:15:00,19,"ON SCENE",2,30,"CLEAR","DARKNESS, LIGHTED ROAD","DRY","REAR END","DIVIDED - W/MEDIAN (NOT RAISED)","FOLLOWING TOO CLOSELY",41.966210469,-87.65782791
"241","injuries",2021-11-23 19:13:00,19,"ON SCENE",2,30,"CLEAR","DARKNESS, LIGHTED ROAD","DRY","PEDALCYCLIST","NOT DIVIDED","IMPROPER LANE USAGE",41.931659455,-87.745398006
"242","injuries",2021-11-23 19:05:00,19,"ON SCENE",2,30,"CLEAR","DARKNESS, LIGHTED ROAD","DRY","TURNING","FOUR WAY","IMPROPER TURNING/NO SIGNAL",41.973394811,-87.747794014
"243","none",2021-11-23 19:01:00,19,"ON SCENE",1,30,"CLEAR","DARKNESS, LIGHTED ROAD","DRY","FIXED OBJECT","FOUR WAY","UNABLE TO DETERMINE",41.990327872,-87.704103435
"244","injuries",2021-11-23 19:00:00,19,"ON SCENE",3,30,"CLEAR","DARKNESS, LIGHTED ROAD","DRY","REAR END","DIVIDED - W/MEDIAN (NOT RAISED)","EQUIPMENT - VEHICLE CONDITION",41.906112827,-87.77535152
"245","none",2021-11-23 18:50:00,18,"NOT ON SCENE (DESK REPORT)",3,30,"RAIN","DAYLIGHT","DRY","REAR END","NOT DIVIDED","FOLLOWING TOO CLOSELY",41.729927433,-87.585639296
"246","none",2021-11-23 18:48:00,18,"NOT ON SCENE (DESK REPORT)",2,40,"CLEAR","DARKNESS","DRY","REAR END","NOT DIVIDED","UNABLE TO DETERMINE",41.915165359,-87.627731462
"247","none",2021-11-23 18:45:00,18,"NOT ON SCENE (DESK REPORT)",2,30,"CLEAR","DARKNESS, LIGHTED ROAD","DRY","TURNING","NOT DIVIDED","IMPROPER OVERTAKING/PASSING",41.806177391,-87.645317211
"248","none",2021-11-23 18:45:00,18,"NOT ON SCENE (DESK REPORT)",2,30,"CLEAR","DAYLIGHT","DRY","SIDESWIPE SAME DIRECTION","NOT DIVIDED","FAILING TO REDUCE SPEED TO AVOID CRASH",41.786155308,-87.703493141
"249","none",2021-11-23 18:40:00,18,"ON SCENE",2,25,"CLEAR","DARKNESS, LIGHTED ROAD","DRY","SIDESWIPE SAME DIRECTION","DIVIDED - W/MEDIAN (NOT RAISED)","FAILING TO YIELD RIGHT-OF-WAY",41.867295359,-87.647065688
"250","none",2021-11-23 18:36:00,18,"NOT ON SCENE (DESK REPORT)",2,30,"CLEAR","DARKNESS, LIGHTED ROAD","DRY","TURNING","T-INTERSECTION","FOLLOWING TOO CLOSELY",41.809095821,-87.632731197
"251","none",2021-11-23 18:34:00,18,"NOT ON SCENE (DESK REPORT)",2,30,"CLEAR","DARKNESS","DRY","REAR END","NOT DIVIDED","UNABLE TO DETERMINE",41.954247568,-87.727780846
"252","none",2021-11-23 18:25:00,18,"NOT ON SCENE (DESK REPORT)",2,30,"CLEAR","DARKNESS, LIGHTED ROAD","DRY","SIDESWIPE SAME DIRECTION","NOT DIVIDED","UNABLE TO DETERMINE",41.721060248,-87.66574645
"253","none",2021-11-23 18:21:00,18,"ON SCENE",4,30,"CLEAR","DARKNESS, LIGHTED ROAD","DRY","PARKED MOTOR VEHICLE","NOT DIVIDED","OPERATING VEHICLE IN ERRATIC, RECKLESS, CARELESS, NEGLIGENT OR AGGRESSIVE MANNER",41.789629406,-87.712474128
"254","none",2021-11-23 18:20:00,18,"ON SCENE",1,30,"CLEAR","DARKNESS","DRY","FIXED OBJECT","DIVIDED - W/MEDIAN (NOT RAISED)","UNABLE TO DETERMINE",41.924593022,-87.726819268
"255","none",2021-11-23 18:15:00,18,"ON SCENE",2,30,"CLEAR","DARKNESS, LIGHTED ROAD","DRY","TURNING","DIVIDED - W/MEDIAN (NOT RAISED)","DRIVING SKILLS/KNOWLEDGE/EXPERIENCE",41.856391396,-87.710258009
"256","none",2021-11-23 18:08:00,18,"NOT ON SCENE (DESK REPORT)",2,30,"CLEAR","DARKNESS, LIGHTED ROAD","DRY","REAR END","NOT DIVIDED","FOLLOWING TOO CLOSELY",41.699851185,-87.634130014
"257","none",2021-11-23 18:00:00,18,"NOT ON SCENE (DESK REPORT)",2,30,"CLEAR","DARKNESS, LIGHTED ROAD","DRY","FIXED OBJECT","NOT DIVIDED","NOT APPLICABLE",41.852754298,-87.623893704
"258","none",2021-11-23 18:00:00,18,"NOT ON SCENE (DESK REPORT)",4,45,"CLEAR","DARKNESS, LIGHTED ROAD","DRY","REAR END","DIVIDED - W/MEDIAN BARRIER","UNABLE TO DETERMINE",41.932677009,-87.632247708
"259","none",2021-11-23 18:00:00,18,"NOT ON SCENE (DESK REPORT)",2,30,"CLEAR","DARKNESS","DRY","SIDESWIPE SAME DIRECTION","NOT DIVIDED","DRIVING ON WRONG SIDE/WRONG WAY",41.968502269,-87.689357048
"260","none",2021-11-23 18:00:00,18,"NOT ON SCENE (DESK REPORT)",2,15,"CLEAR","UNKNOWN","DRY","PARKED MOTOR VEHICLE","PARKING LOT","UNABLE TO DETERMINE",41.881069374,-87.685307553
"261","none",2021-11-23 17:50:00,17,"NOT ON SCENE (DESK REPORT)",2,35,"CLEAR","DARKNESS, LIGHTED ROAD","DRY","REAR END","NOT DIVIDED","FOLLOWING TOO CLOSELY",41.713905148,-87.658859066
"262","none",2021-11-23 17:45:00,17,"NOT ON SCENE (DESK REPORT)",2,30,"CLEAR","DARKNESS","UNKNOWN","REAR END","NOT DIVIDED","FOLLOWING TOO CLOSELY",41.924419531,-87.723040278
"263","none",2021-11-23 17:38:00,17,"ON SCENE",4,30,"CLEAR","DARKNESS","DRY","PARKED MOTOR VEHICLE","DIVIDED - W/MEDIAN (NOT RAISED)","UNABLE TO DETERMINE",41.902052839,-87.721557289
"264","none",2021-11-23 17:38:00,17,"ON SCENE",2,30,"CLEAR","DUSK","UNKNOWN","SIDESWIPE SAME DIRECTION","NOT DIVIDED","FAILING TO YIELD RIGHT-OF-WAY",41.743472283,-87.643518666
"265","none",2021-11-23 17:30:00,17,"NOT ON SCENE (DESK REPORT)",2,30,"CLEAR","DARKNESS, LIGHTED ROAD","DRY","TURNING","NOT DIVIDED","UNABLE TO DETERMINE",41.895757459,-87.69808608
"266","none",2021-11-23 17:30:00,17,"NOT ON SCENE (DESK REPORT)",2,30,"CLEAR","DAYLIGHT","DRY","PARKED MOTOR VEHICLE","NOT DIVIDED","FAILING TO REDUCE SPEED TO AVOID CRASH",41.779130821,-87.686237106
"267","none",2021-11-23 17:24:00,17,"ON SCENE",2,30,"CLEAR","DARKNESS, LIGHTED ROAD","DRY","ANGLE","FOUR WAY","FAILING TO YIELD RIGHT-OF-WAY",41.856992607,-87.666168063
"268","none",2021-11-23 17:20:00,17,"ON SCENE",3,30,"CLEAR","DARKNESS, LIGHTED ROAD","DRY","ANGLE","NOT DIVIDED","UNABLE TO DETERMINE",41.890073301,-87.647462351
"269","none",2021-11-23 17:20:00,17,"NOT ON SCENE (DESK REPORT)",2,30,"UNKNOWN","UNKNOWN","OTHER","SIDESWIPE SAME DIRECTION","UNKNOWN","UNABLE TO DETERMINE",41.881904857,-87.645932756
"270","none",2021-11-23 17:15:00,17,"NOT ON SCENE (DESK REPORT)",2,30,"CLEAR","DUSK","DRY","TURNING","DIVIDED - W/MEDIAN (NOT RAISED)","FAILING TO YIELD RIGHT-OF-WAY",41.722315219,-87.578854323
"271","injuries",2021-11-23 17:15:00,17,"NOT ON SCENE (DESK REPORT)",4,30,"CLEAR","DARKNESS, LIGHTED ROAD","DRY","REAR END","DIVIDED - W/MEDIAN (NOT RAISED)","FOLLOWING TOO CLOSELY",41.707239231,-87.612693334
"272","none",2021-11-23 17:15:00,17,"ON SCENE",2,30,"CLEAR","DARKNESS, LIGHTED ROAD","DRY","SIDESWIPE SAME DIRECTION","NOT DIVIDED","FAILING TO YIELD RIGHT-OF-WAY",41.750072522,-87.703315241
"273","none",2021-11-23 17:15:00,17,"NOT ON SCENE (DESK REPORT)",2,30,"UNKNOWN","UNKNOWN","UNKNOWN","SIDESWIPE SAME DIRECTION","NOT DIVIDED","UNABLE TO DETERMINE",41.885052462,-87.614215739
"274","none",2021-11-23 17:10:00,17,"NOT ON SCENE (DESK REPORT)",2,35,"CLEAR","DARKNESS","DRY","TURNING","T-INTERSECTION","UNABLE TO DETERMINE",41.909399928,-87.794952198
"275","injuries",2021-11-23 17:01:00,17,"ON SCENE",2,30,"CLEAR","DARKNESS","DRY","PEDESTRIAN","DIVIDED - W/MEDIAN (NOT RAISED)","UNABLE TO DETERMINE",41.886998497,-87.774379303
"276","none",2021-11-23 17:00:00,17,"ON SCENE",2,30,"CLEAR","DARKNESS, LIGHTED ROAD","DRY","TURNING","NOT DIVIDED","IMPROPER TURNING/NO SIGNAL",41.954081925,-87.698556754
"277","none",2021-11-23 17:00:00,17,"NOT ON SCENE (DESK REPORT)",2,30,"CLEAR","DARKNESS, LIGHTED ROAD","DRY","TURNING","NOT DIVIDED","UNABLE TO DETERMINE",41.881062237,-87.685767706
"278","none",2021-11-23 17:00:00,17,"NOT ON SCENE (DESK REPORT)",2,25,"CLEAR","DARKNESS","DRY","SIDESWIPE SAME DIRECTION","ONE-WAY","FAILING TO YIELD RIGHT-OF-WAY",41.936361569,-87.76749016
"279","none",2021-11-23 17:00:00,17,"ON SCENE",2,30,"CLEAR","DARKNESS, LIGHTED ROAD","DRY","SIDESWIPE SAME DIRECTION","DIVIDED - W/MEDIAN BARRIER","UNABLE TO DETERMINE",41.808063087,-87.664812528
"280","none",2021-11-23 17:00:00,17,"ON SCENE",2,30,"CLEAR","DARKNESS","DRY","ANGLE","NOT DIVIDED","UNABLE TO DETERMINE",41.836268106,-87.634201345
"281","none",2021-11-23 16:56:00,16,"NOT ON SCENE (DESK REPORT)",3,30,"CLEAR","DARKNESS, LIGHTED ROAD","DRY","REAR END","DIVIDED - W/MEDIAN BARRIER","DRIVING SKILLS/KNOWLEDGE/EXPERIENCE",41.765411843,-87.586457442
"282","none",2021-11-23 16:56:00,16,"NOT ON SCENE (DESK REPORT)",2,30,"CLEAR","DUSK","DRY","SIDESWIPE SAME DIRECTION","NOT DIVIDED","UNABLE TO DETERMINE",41.881284103,-87.685620418
"283","injuries",2021-11-23 16:55:00,16,"ON SCENE",2,30,"CLEAR","DAYLIGHT","DRY","TURNING","FOUR WAY","UNABLE TO DETERMINE",41.73682263,-87.58578342
"284","none",2021-11-23 16:46:00,16,"ON SCENE",2,25,"CLEAR","DUSK","DRY","REAR END","NOT DIVIDED","FAILING TO REDUCE SPEED TO AVOID CRASH",41.710139246,-87.536342027
"285","injuries",2021-11-23 16:45:00,16,"NOT ON SCENE (DESK REPORT)",2,30,"CLEAR","DARKNESS, LIGHTED ROAD","DRY","REAR END","DIVIDED - W/MEDIAN (NOT RAISED)","UNABLE TO DETERMINE",41.968702213,-87.691411225
"286","none",2021-11-23 16:43:00,16,"NOT ON SCENE (DESK REPORT)",2,30,"CLEAR","DUSK","DRY","SIDESWIPE SAME DIRECTION","ONE-WAY","UNABLE TO DETERMINE",41.892457694,-87.622188014
"287","none",2021-11-23 16:40:00,16,"ON SCENE",2,30,"CLEAR","DAYLIGHT","DRY","TURNING","DIVIDED - W/MEDIAN BARRIER","IMPROPER TURNING/NO SIGNAL",41.880109395,-87.66660828
"288","none",2021-11-23 16:38:00,16,"NOT ON SCENE (DESK REPORT)",2,30,"UNKNOWN","UNKNOWN","UNKNOWN","REAR END","NOT DIVIDED","UNABLE TO DETERMINE",41.949039363,-87.688174714
"289","injuries",2021-11-23 16:32:00,16,"NOT ON SCENE (DESK REPORT)",2,30,"CLEAR","DARKNESS, LIGHTED ROAD","DRY","ANGLE","NOT DIVIDED","UNABLE TO DETERMINE",41.816981196,-87.601794086
"290","none",2021-11-23 16:30:00,16,"NOT ON SCENE (DESK REPORT)",2,30,"CLEAR","DAYLIGHT","DRY","SIDESWIPE SAME DIRECTION","NOT DIVIDED","FAILING TO YIELD RIGHT-OF-WAY",41.778422886,-87.735110665
"291","none",2021-11-23 16:30:00,16,"NOT ON SCENE (DESK REPORT)",2,30,"CLEAR","DAYLIGHT","DRY","SIDESWIPE SAME DIRECTION","NOT DIVIDED","DRIVING SKILLS/KNOWLEDGE/EXPERIENCE",41.791349424,-87.723255323
"292","none",2021-11-23 16:30:00,16,"ON SCENE",2,30,"UNKNOWN","UNKNOWN","UNKNOWN","TURNING","DIVIDED - W/MEDIAN (NOT RAISED)","FAILING TO YIELD RIGHT-OF-WAY",41.924152334,-87.744469615
"293","none",2021-11-23 16:30:00,16,"NOT ON SCENE (DESK REPORT)",3,30,"UNKNOWN","DAYLIGHT","UNKNOWN","REAR END","DIVIDED - W/MEDIAN (NOT RAISED)","FOLLOWING TOO CLOSELY",41.890431846,-87.74579396
"294","none",2021-11-23 16:30:00,16,"NOT ON SCENE (DESK REPORT)",2,30,"CLEAR","DARKNESS","DRY","TURNING","NOT DIVIDED","FOLLOWING TOO CLOSELY",41.967984217,-87.76068093
"295","none",2021-11-23 16:20:00,16,"NOT ON SCENE (DESK REPORT)",2,30,"CLEAR","DAYLIGHT","DRY","TURNING","NOT DIVIDED","IMPROPER TURNING/NO SIGNAL",41.858805781,-87.638826366
"296","none",2021-11-23 16:20:00,16,"NOT ON SCENE (DESK REPORT)",2,30,"CLEAR","DUSK","DRY","REAR END","DIVIDED - W/MEDIAN (NOT RAISED)","UNABLE TO DETERMINE",41.97959355,-87.758589272
"297","none",2021-11-23 16:15:00,16,"UNKNOWN",2,25,"CLEAR","DARKNESS, LIGHTED ROAD","DRY","SIDESWIPE SAME DIRECTION","NOT DIVIDED","FAILING TO YIELD RIGHT-OF-WAY",41.881992298,-87.632506627
"298","none",2021-11-23 16:15:00,16,"NOT ON SCENE (DESK REPORT)",2,30,"CLEAR","DAYLIGHT","DRY","SIDESWIPE SAME DIRECTION","NOT DIVIDED","VISION OBSCURED (SIGNS, TREE LIMBS, BUILDINGS, ETC.)",41.851742681,-87.717493438
"299","injuries",2021-11-23 16:09:00,16,"ON SCENE",2,30,"CLEAR","DAYLIGHT","DRY","ANGLE","FOUR WAY","FAILING TO YIELD RIGHT-OF-WAY",41.750918138,-87.624690123
"300","none",2021-11-23 16:00:00,16,"NOT ON SCENE (DESK REPORT)",2,30,"CLEAR","DAYLIGHT","DRY","ANGLE","NOT DIVIDED","UNABLE TO DETERMINE",41.74606821,-87.576033522
"301","none",2021-11-23 16:00:00,16,"NOT ON SCENE (DESK REPORT)",2,30,"CLEAR","DAYLIGHT","DRY","TURNING","OTHER","UNABLE TO DETERMINE",41.924152334,-87.744469615
"302","none",2021-11-23 16:00:00,16,"NOT ON SCENE (DESK REPORT)",2,30,"CLEAR","DAYLIGHT","UNKNOWN","REAR END","DIVIDED - W/MEDIAN (NOT RAISED)","UNABLE TO DETERMINE",41.960861944,-87.725948158
"303","none",2021-11-23 16:00:00,16,"NOT ON SCENE (DESK REPORT)",2,25,"CLEAR","DAYLIGHT","UNKNOWN","PARKED MOTOR VEHICLE","OTHER","UNABLE TO DETERMINE",41.877192287,-87.708662982
"304","injuries",2021-11-23 16:00:00,16,"ON SCENE",2,35,"CLEAR","DAYLIGHT","DRY","SIDESWIPE SAME DIRECTION","CENTER TURN LANE","UNABLE TO DETERMINE",41.86619857,-87.705516482
"305","none",2021-11-23 15:52:00,15,"ON SCENE",3,30,"CLEAR","DUSK","DRY","SIDESWIPE SAME DIRECTION","NOT DIVIDED","DRIVING SKILLS/KNOWLEDGE/EXPERIENCE",41.830722061,-87.641379722
"306","injuries",2021-11-23 15:51:00,15,"ON SCENE",2,30,"UNKNOWN","DAYLIGHT","UNKNOWN","PEDESTRIAN","ONE-WAY","UNABLE TO DETERMINE",41.881907122,-87.642516505
"307","none",2021-11-23 15:50:00,15,"ON SCENE",2,30,"CLEAR","DAYLIGHT","DRY","PARKED MOTOR VEHICLE","NOT DIVIDED","UNABLE TO DETERMINE",41.785496187,-87.654505726
"308","none",2021-11-23 15:50:00,15,"NOT ON SCENE (DESK REPORT)",2,30,"CLEAR","DAYLIGHT","DRY","SIDESWIPE SAME DIRECTION","DIVIDED - W/MEDIAN (NOT RAISED)","UNABLE TO DETERMINE",41.775064818,-87.586416575
"309","none",2021-11-23 15:45:00,15,"NOT ON SCENE (DESK REPORT)",2,30,"CLEAR","DAYLIGHT","DRY","REAR END","NOT DIVIDED","FAILING TO REDUCE SPEED TO AVOID CRASH",41.771884028,-87.683588402
"310","injuries",2021-11-23 15:35:00,15,"ON SCENE",2,30,"CLEAR","DAYLIGHT","DRY","REAR END","DIVIDED - W/MEDIAN BARRIER","UNABLE TO DETERMINE",41.900752974,-87.624235
"311","none",2021-11-23 15:30:00,15,"ON SCENE",2,30,"CLEAR","DAYLIGHT","DRY","PARKED MOTOR VEHICLE","NOT DIVIDED","PHYSICAL CONDITION OF DRIVER",41.816733345,-87.728041783
"312","none",2021-11-23 15:30:00,15,"NOT ON SCENE (DESK REPORT)",2,30,"CLEAR","DAYLIGHT","DRY","REAR END","DIVIDED - W/MEDIAN (NOT RAISED)","FAILING TO REDUCE SPEED TO AVOID CRASH",41.736006565,-87.645341819
"313","injuries",2021-11-23 15:30:00,15,"ON SCENE",2,35,"CLEAR","DAYLIGHT","DRY","PEDESTRIAN","NOT DIVIDED","UNABLE TO DETERMINE",41.741409589,-87.638431491
"314","none",2021-11-23 15:30:00,15,"NOT ON SCENE (DESK REPORT)",2,30,"CLEAR","DAYLIGHT","DRY","SIDESWIPE SAME DIRECTION","DIVIDED - W/MEDIAN (NOT RAISED)","IMPROPER LANE USAGE",41.800878474,-87.694057308
"315","none",2021-11-23 15:27:00,15,"NOT ON SCENE (DESK REPORT)",3,30,"CLEAR","DUSK","DRY","PARKED MOTOR VEHICLE","NOT DIVIDED","UNABLE TO DETERMINE",41.804268733,-87.656762636
"316","none",2021-11-23 15:20:00,15,"NOT ON SCENE (DESK REPORT)",2,30,"CLEAR","DAYLIGHT","DRY","SIDESWIPE SAME DIRECTION","DIVIDED - W/MEDIAN (NOT RAISED)","NOT APPLICABLE",41.868972929,-87.643864205
"317","none",2021-11-23 15:15:00,15,"NOT ON SCENE (DESK REPORT)",2,30,"CLEAR","DAYLIGHT","DRY","SIDESWIPE SAME DIRECTION","NOT DIVIDED","NOT APPLICABLE",41.776511601,-87.742372341
"318","none",2021-11-23 15:15:00,15,"NOT ON SCENE (DESK REPORT)",2,30,"CLEAR","DAYLIGHT","UNKNOWN","PARKED MOTOR VEHICLE","NOT DIVIDED","IMPROPER OVERTAKING/PASSING",41.927400289,-87.651281449
"319","none",2021-11-23 15:14:00,15,"ON SCENE",2,30,"CLEAR","DAYLIGHT","DRY","SIDESWIPE SAME DIRECTION","DIVIDED - W/MEDIAN (NOT RAISED)","FAILING TO YIELD RIGHT-OF-WAY",41.793922946,-87.801442112
"320","injuries",2021-11-23 15:11:00,15,"ON SCENE",2,30,"CLEAR","DAYLIGHT","DRY","SIDESWIPE SAME DIRECTION","NOT DIVIDED","FAILING TO REDUCE SPEED TO AVOID CRASH",41.873502527,-87.735074485
"321","none",2021-11-23 15:11:00,15,"NOT ON SCENE (DESK REPORT)",2,30,"CLEAR","DAYLIGHT","DRY","TURNING","OTHER","DRIVING SKILLS/KNOWLEDGE/EXPERIENCE",41.778312714,-87.743648058
"322","none",2021-11-23 15:10:00,15,"ON SCENE",2,30,"CLEAR","DAYLIGHT","DRY","REAR END","NOT DIVIDED","FOLLOWING TOO CLOSELY",41.752601357,-87.644237599
"323","none",2021-11-23 15:07:00,15,"ON SCENE",2,30,"CLEAR","DAYLIGHT","DRY","PARKED MOTOR VEHICLE","DIVIDED - W/MEDIAN (NOT RAISED)","UNABLE TO DETERMINE",41.833123433,-87.650877922
"324","injuries",2021-11-23 15:01:00,15,"ON SCENE",2,35,"CLEAR","DAYLIGHT","DRY","PEDESTRIAN","NOT DIVIDED","UNABLE TO DETERMINE",41.912342208,-87.667568392
"325","none",2021-11-23 15:01:00,15,"ON SCENE",1,40,"CLEAR","DAYLIGHT","DRY","FIXED OBJECT","DIVIDED - W/MEDIAN BARRIER","UNABLE TO DETERMINE",41.896828045,-87.617207703
"326","none",2021-11-23 15:00:00,15,"NOT ON SCENE (DESK REPORT)",2,45,"CLEAR","DAYLIGHT","DRY","SIDESWIPE SAME DIRECTION","NOT DIVIDED","FAILING TO YIELD RIGHT-OF-WAY",41.925503567,-87.652589582
"327","none",2021-11-23 15:00:00,15,"NOT ON SCENE (DESK REPORT)",2,30,"CLEAR","DAYLIGHT","DRY","PARKED MOTOR VEHICLE","ONE-WAY","NOT APPLICABLE",41.781099811,-87.671672297
"328","none",2021-11-23 15:00:00,15,"ON SCENE",2,30,"CLEAR","DAYLIGHT","DRY","ANGLE","DIVIDED - W/MEDIAN (NOT RAISED)","IMPROPER LANE USAGE",41.75000301,-87.702253891
"329","none",2021-11-23 15:00:00,15,"NOT ON SCENE (DESK REPORT)",2,30,"UNKNOWN","UNKNOWN","UNKNOWN","PARKED MOTOR VEHICLE","NOT DIVIDED","UNABLE TO DETERMINE",41.778069435,-87.700531315
"330","none",2021-11-23 14:55:00,14,"ON SCENE",2,35,"CLEAR","DAYLIGHT","DRY","ANGLE","NOT DIVIDED","DISREGARDING TRAFFIC SIGNALS",41.855577413,-87.625601974
"331","none",2021-11-23 14:49:00,14,"ON SCENE",2,20,"CLEAR","DAYLIGHT","DRY","TURNING","NOT DIVIDED","FAILING TO YIELD RIGHT-OF-WAY",41.915264524,-87.69728163
"332","none",2021-11-23 14:49:00,14,"NOT ON SCENE (DESK REPORT)",2,30,"CLEAR","DAYLIGHT","DRY","TURNING","OTHER","IMPROPER TURNING/NO SIGNAL",41.778932912,-87.699628664
"333","injuries",2021-11-23 14:48:00,14,"ON SCENE",4,25,"CLEAR","DAYLIGHT","DRY","ANGLE","FOUR WAY","DISREGARDING TRAFFIC SIGNALS",41.823629662,-87.626573071
"334","none",2021-11-23 14:45:00,14,"NOT ON SCENE (DESK REPORT)",2,30,"CLEAR","DAYLIGHT","DRY","SIDESWIPE SAME DIRECTION","DIVIDED - W/MEDIAN (NOT RAISED)","UNABLE TO DETERMINE",41.917670806,-87.760525652
"335","none",2021-11-23 14:45:00,14,"NOT ON SCENE (DESK REPORT)",2,30,"CLEAR","DAYLIGHT","DRY","ANGLE","DIVIDED - W/MEDIAN (NOT RAISED)","UNABLE TO DETERMINE",41.975946118,-87.677725746
"336","none",2021-11-23 14:40:00,14,"NOT ON SCENE (DESK REPORT)",2,30,"CLEAR","DAYLIGHT","DRY","SIDESWIPE SAME DIRECTION","ONE-WAY","FAILING TO YIELD RIGHT-OF-WAY",41.714098768,-87.643488697
"337","none",2021-11-23 14:34:00,14,"NOT ON SCENE (DESK REPORT)",2,30,"CLEAR","DAYLIGHT","DRY","PARKED MOTOR VEHICLE","DIVIDED - W/MEDIAN (NOT RAISED)","IMPROPER BACKING",41.939719555,-87.675192719
"338","none",2021-11-23 14:30:00,14,"NOT ON SCENE (DESK REPORT)",2,25,"CLEAR","DAYLIGHT","DRY","PARKED MOTOR VEHICLE","NOT DIVIDED","UNABLE TO DETERMINE",41.668719805,-87.633332138
"339","injuries",2021-11-23 14:28:00,14,"ON SCENE",2,30,"CLEAR","DAYLIGHT","DRY","PEDESTRIAN","DIVIDED - W/MEDIAN BARRIER","VISION OBSCURED (SIGNS, TREE LIMBS, BUILDINGS, ETC.)",41.973141431,-87.659927815
"340","none",2021-11-23 14:20:00,14,"ON SCENE",2,40,"CLEAR","DAYLIGHT","DRY","REAR END","DIVIDED - W/MEDIAN BARRIER","FOLLOWING TOO CLOSELY",41.910037242,-87.626119253
"341","none",2021-11-23 14:20:00,14,"NOT ON SCENE (DESK REPORT)",2,30,"CLEAR","DAYLIGHT","DRY","SIDESWIPE SAME DIRECTION","DIVIDED - W/MEDIAN (NOT RAISED)","IMPROPER LANE USAGE",41.953556372,-87.745213133
"342","injuries",2021-11-23 14:11:00,14,"ON SCENE",1,30,"CLEAR","DAYLIGHT","DRY","FIXED OBJECT","RAMP","EQUIPMENT - VEHICLE CONDITION",41.851058626,-87.613152893
"343","none",2021-11-23 14:10:00,14,"NOT ON SCENE (DESK REPORT)",2,30,"CLEAR","DAYLIGHT","DRY","REAR TO REAR","NOT DIVIDED","UNABLE TO DETERMINE",41.880128783,-87.647164601
"344","none",2021-11-23 14:05:00,14,"NOT ON SCENE (DESK REPORT)",2,35,"CLEAR","DAYLIGHT","DRY","PARKED MOTOR VEHICLE","DIVIDED - W/MEDIAN BARRIER","UNABLE TO DETERMINE",41.824489781,-87.685006103
"345","none",2021-11-23 14:00:00,14,"ON SCENE",2,30,"CLEAR","DAYLIGHT","DRY","REAR END","NOT DIVIDED","FOLLOWING TOO CLOSELY",41.848589813,-87.661206618
"346","none",2021-11-23 14:00:00,14,"NOT ON SCENE (DESK REPORT)",2,30,"CLEAR","DAYLIGHT","DRY","REAR END","DIVIDED - W/MEDIAN (NOT RAISED)","FAILING TO REDUCE SPEED TO AVOID CRASH",41.750054934,-87.682992203
"347","none",2021-11-23 14:00:00,14,"NOT ON SCENE (DESK REPORT)",2,30,"UNKNOWN","UNKNOWN","UNKNOWN","PARKED MOTOR VEHICLE","NOT DIVIDED","UNABLE TO DETERMINE",41.899478361,-87.746679394
"348","none",2021-11-23 14:00:00,14,"ON SCENE",2,15,"CLEAR","DAYLIGHT","DRY","PARKED MOTOR VEHICLE","ONE-WAY","UNABLE TO DETERMINE",41.776583672,-87.696839285
"349","none",2021-11-23 14:00:00,14,"ON SCENE",2,30,"CLEAR","DAYLIGHT","DRY","PARKED MOTOR VEHICLE","DIVIDED - W/MEDIAN (NOT RAISED)","UNABLE TO DETERMINE",41.968456969,-87.679031636
"350","injuries",2021-11-23 13:52:00,13,"NOT ON SCENE (DESK REPORT)",2,30,"CLEAR","DAYLIGHT","DRY","TURNING","NOT DIVIDED","FAILING TO YIELD RIGHT-OF-WAY",41.851198491,-87.638637495
"351","none",2021-11-23 13:50:00,13,"ON SCENE",2,15,"CLEAR","DAYLIGHT","DRY","PARKED MOTOR VEHICLE","RAMP","UNABLE TO DETERMINE",41.936450168,-87.650552452
"352","none",2021-11-23 13:45:00,13,"NOT ON SCENE (DESK REPORT)",2,35,"UNKNOWN","DAYLIGHT","UNKNOWN","PARKED MOTOR VEHICLE","DIVIDED - W/MEDIAN (NOT RAISED)","UNABLE TO DETERMINE",41.923025621,-87.645166361
"353","none",2021-11-23 13:45:00,13,"NOT ON SCENE (DESK REPORT)",2,30,"CLEAR","DAYLIGHT","DRY","TURNING","NOT DIVIDED","UNABLE TO DETERMINE",41.920829411,-87.677585327
"354","none",2021-11-23 13:45:00,13,"ON SCENE",2,35,"CLEAR","DAYLIGHT","DRY","ANGLE","FOUR WAY","CELL PHONE USE OTHER THAN TEXTING",41.869805222,-87.643776302
"355","none",2021-11-23 13:44:00,13,"ON SCENE",2,30,"CLEAR","DAYLIGHT","DRY","PARKED MOTOR VEHICLE","ONE-WAY","IMPROPER BACKING",41.795286238,-87.714698175