"","injuries","crash_date","crash_hour","report_type","num_units","posted_speed_limit","weather_condition","lighting_condition","roadway_surface_cond","first_crash_type","trafficway_type","prim_contributory_cause","latitude","longitude"
"356","none",2021-11-23 13:37:00,13,"ON SCENE",2,30,"CLEAR","DAYLIGHT","DRY","PARKED MOTOR VEHICLE","NOT DIVIDED","NOT APPLICABLE",41.9128515,-87.765488892
"357","none",2021-11-23 13:35:00,13,"NOT ON SCENE (DESK REPORT)",2,30,"CLEAR","DAYLIGHT","DRY","REAR END","NOT DIVIDED","UNABLE TO DETERMINE",41.904795555,-87.697073044
"358","none",2021-11-23 13:35:00,13,"ON SCENE",3,35,"CLEAR","DAYLIGHT","DRY","REAR END","DIVIDED - W/MEDIAN (NOT RAISED)","FOLLOWING TOO CLOSELY",41.876226088,-87.725370142
"359","injuries",2021-11-23 13:30:00,13,"ON SCENE",2,30,"CLEAR","DAYLIGHT","DRY","TURNING","T-INTERSECTION","FAILING TO YIELD RIGHT-OF-WAY",41.798505044,-87.723458737
"360","none",2021-11-23 13:30:00,13,"NOT ON SCENE (DESK REPORT)",2,30,"CLEAR","DAYLIGHT","DRY","SIDESWIPE SAME DIRECTION","ONE-WAY","IMPROPER LANE USAGE",41.810504832,-87.622723607
"361","none",2021-11-23 13:30:00,13,"ON SCENE",2,35,"CLEAR","DAYLIGHT","DRY","REAR END","FOUR WAY","NOT APPLICABLE",41.761464287,-87.585661052
"362","none",2021-11-23 13:20:00,13,"NOT ON SCENE (DESK REPORT)",2,10,"CLEAR","DAYLIGHT","DRY","PARKED MOTOR VEHICLE","PARKING LOT","UNABLE TO DETERMINE",41.909187572,-87.677576738
"363","injuries",2021-11-23 13:20:00,13,"ON SCENE",2,30,"CLEAR","DAYLIGHT","DRY","TURNING","NOT DIVIDED","FAILING TO YIELD RIGHT-OF-WAY",41.928427933,-87.686194106
"364","injuries",2021-11-23 13:20:00,13,"ON SCENE",2,30,"CLEAR","DAYLIGHT","DRY","ANGLE","FOUR WAY","DISREGARDING TRAFFIC SIGNALS",41.866288995,-87.710687846
"365","none",2021-11-23 13:15:00,13,"NOT ON SCENE (DESK REPORT)",2,30,"CLEAR","DAYLIGHT","DRY","TURNING","DIVIDED - W/MEDIAN (NOT RAISED)","UNABLE TO DETERMINE",41.932445362,-87.66854285
"366","none",2021-11-23 13:13:00,13,"ON SCENE",2,30,"UNKNOWN","UNKNOWN","UNKNOWN","PARKED MOTOR VEHICLE","ONE-WAY","UNABLE TO DETERMINE",41.884591274,-87.629378727
"367","none",2021-11-23 13:11:00,13,"NOT ON SCENE (DESK REPORT)",2,30,"CLEAR","DAYLIGHT","DRY","REAR END","NOT DIVIDED","UNABLE TO DETERMINE",41.734880619,-87.625551941
"368","injuries",2021-11-23 13:07:00,13,"NOT ON SCENE (DESK REPORT)",4,30,"CLEAR","DAYLIGHT","DRY","REAR END","OTHER","OPERATING VEHICLE IN ERRATIC, RECKLESS, CARELESS, NEGLIGENT OR AGGRESSIVE MANNER",41.750891047,-87.625968505
"369","none",2021-11-23 13:05:00,13,"NOT ON SCENE (DESK REPORT)",2,30,"CLEAR","DAYLIGHT","DRY","REAR END","NOT DIVIDED","NOT APPLICABLE",41.761848064,-87.741670647
"370","injuries",2021-11-23 13:04:00,13,"ON SCENE",2,30,"CLEAR","DAYLIGHT","DRY","TURNING","FOUR WAY","FAILING TO YIELD RIGHT-OF-WAY",41.713979499,-87.653512313
"371","none",2021-11-23 13:00:00,13,"NOT ON SCENE (DESK REPORT)",2,30,"CLEAR","DAYLIGHT","DRY","REAR END","NOT DIVIDED","FAILING TO REDUCE SPEED TO AVOID CRASH",41.79340166,-87.704924165
"372","none",2021-11-23 13:00:00,13,"NOT ON SCENE (DESK REPORT)",2,30,"CLEAR","DAYLIGHT","DRY","TURNING","NOT DIVIDED","FAILING TO YIELD RIGHT-OF-WAY",41.816865148,-87.598688844
"373","none",2021-11-23 13:00:00,13,"ON SCENE",1,20,"CLEAR","DAYLIGHT","DRY","FIXED OBJECT","ONE-WAY","FAILING TO REDUCE SPEED TO AVOID CRASH",41.780236178,-87.736092466
"374","none",2021-11-23 13:00:00,13,"NOT ON SCENE (DESK REPORT)",2,30,"CLEAR","DAYLIGHT","DRY","PARKED MOTOR VEHICLE","NOT DIVIDED","FAILING TO REDUCE SPEED TO AVOID CRASH",41.781041507,-87.762921764
"375","none",2021-11-23 13:00:00,13,"ON SCENE",2,30,"CLEAR","DAYLIGHT","DRY","PARKED MOTOR VEHICLE","DIVIDED - W/MEDIAN (NOT RAISED)","UNABLE TO DETERMINE",41.726167541,-87.68208156
"376","none",2021-11-23 12:55:00,12,"NOT ON SCENE (DESK REPORT)",2,30,"CLEAR","DAYLIGHT","DRY","PARKED MOTOR VEHICLE","DIVIDED - W/MEDIAN (NOT RAISED)","OPERATING VEHICLE IN ERRATIC, RECKLESS, CARELESS, NEGLIGENT OR AGGRESSIVE MANNER",41.836151253,-87.646085476
"377","none",2021-11-23 12:50:00,12,"NOT ON SCENE (DESK REPORT)",2,30,"CLEAR","DAYLIGHT","DRY","REAR END","NOT DIVIDED","NOT APPLICABLE",41.736376037,-87.625621311
"378","none",2021-11-23 12:45:00,12,"NOT ON SCENE (DESK REPORT)",2,30,"CLEAR","DAYLIGHT","DRY","SIDESWIPE SAME DIRECTION","NOT DIVIDED","IMPROPER OVERTAKING/PASSING",41.736690945,-87.609619094
"379","none",2021-11-23 12:30:00,12,"ON SCENE",2,35,"CLEAR","DAYLIGHT","DRY","TURNING","RAMP","IMPROPER TURNING/NO SIGNAL",41.749078918,-87.605324653
"380","none",2021-11-23 12:30:00,12,"NOT ON SCENE (DESK REPORT)",2,30,"CLEAR","DAYLIGHT","DRY","REAR END","DIVIDED - W/MEDIAN (NOT RAISED)","UNABLE TO DETERMINE",41.951614035,-87.747414793
"381","none",2021-11-23 12:30:00,12,"NOT ON SCENE (DESK REPORT)",2,30,"CLEAR","DAYLIGHT","DRY","REAR END","NOT DIVIDED","FOLLOWING TOO CLOSELY",42.000443496,-87.660859351
"382","none",2021-11-23 12:30:00,12,"ON SCENE",2,30,"CLEAR","DAYLIGHT","DRY","ANGLE","ONE-WAY","IMPROPER BACKING",41.95149483,-87.75723874
"383","none",2021-11-23 12:25:00,12,"ON SCENE",2,30,"CLEAR","DAYLIGHT","DRY","REAR END","OTHER","FAILING TO REDUCE SPEED TO AVOID CRASH",41.871982405,-87.761341642
"384","none",2021-11-23 12:18:00,12,"ON SCENE",2,30,"CLEAR","DAYLIGHT","DRY","SIDESWIPE SAME DIRECTION","NOT DIVIDED","NOT APPLICABLE",41.88671843,-87.745351623
"385","none",2021-11-23 12:12:00,12,"ON SCENE",1,30,"CLEAR","DAYLIGHT","DRY","OTHER OBJECT","ONE-WAY","DISREGARDING ROAD MARKINGS",41.994792037,-87.70697769
"386","none",2021-11-23 12:05:00,12,"ON SCENE",2,30,"CLEAR","DAYLIGHT","DRY","SIDESWIPE SAME DIRECTION","NOT DIVIDED","UNABLE TO DETERMINE",41.917986447,-87.670478232
"387","none",2021-11-23 12:00:00,12,"NOT ON SCENE (DESK REPORT)",2,30,"CLEAR","DAYLIGHT","DRY","ANGLE","UNKNOWN","FAILING TO YIELD RIGHT-OF-WAY",41.816717235,-87.598916759
"388","none",2021-11-23 11:54:00,11,"ON SCENE",2,30,"CLEAR","DAYLIGHT","DRY","SIDESWIPE SAME DIRECTION","NOT DIVIDED","IMPROPER OVERTAKING/PASSING",41.89616972,-87.66811805
"389","none",2021-11-23 11:50:00,11,"NOT ON SCENE (DESK REPORT)",2,30,"CLEAR","DAYLIGHT","DRY","PARKED MOTOR VEHICLE","ONE-WAY","UNABLE TO DETERMINE",41.893268176,-87.746022056
"390","none",2021-11-23 11:50:00,11,"ON SCENE",2,30,"CLEAR","DAYLIGHT","DRY","PARKED MOTOR VEHICLE","ONE-WAY","IMPROPER BACKING",41.843867985,-87.720731073
"391","none",2021-11-23 11:45:00,11,"NOT ON SCENE (DESK REPORT)",2,30,"CLEAR","DAYLIGHT","DRY","PARKED MOTOR VEHICLE","ONE-WAY","UNABLE TO DETERMINE",41.762168766,-87.562641244
"392","none",2021-11-23 11:40:00,11,"ON SCENE",2,30,"CLEAR","DAYLIGHT","DRY","SIDESWIPE SAME DIRECTION","NOT DIVIDED","FAILING TO YIELD RIGHT-OF-WAY",41.866465287,-87.696053439
"393","none",2021-11-23 11:40:00,11,"NOT ON SCENE (DESK REPORT)",2,30,"CLEAR","DAYLIGHT","DRY","SIDESWIPE SAME DIRECTION","NOT DIVIDED","UNABLE TO DETERMINE",41.89578523,-87.677930893
"394","none",2021-11-23 11:31:00,11,"ON SCENE",2,25,"CLEAR","DAYLIGHT","DRY","REAR END","NOT DIVIDED","FOLLOWING TOO CLOSELY",41.866304031,-87.705182422
"395","none",2021-11-23 11:30:00,11,"NOT ON SCENE (DESK REPORT)",2,30,"CLEAR","DAYLIGHT","DRY","SIDESWIPE SAME DIRECTION","NOT DIVIDED","IMPROPER LANE USAGE",41.798516295,-87.619241071
"396","none",2021-11-23 11:20:00,11,"ON SCENE",2,30,"CLEAR","DAYLIGHT","DRY","SIDESWIPE SAME DIRECTION","NOT DIVIDED","OPERATING VEHICLE IN ERRATIC, RECKLESS, CARELESS, NEGLIGENT OR AGGRESSIVE MANNER",41.905612968,-87.755999739
"397","none",2021-11-23 11:20:00,11,"NOT ON SCENE (DESK REPORT)",2,35,"CLEAR","DAYLIGHT","DRY","REAR END","FOUR WAY","UNABLE TO DETERMINE",41.953897081,-87.717754878
"398","injuries",2021-11-23 11:13:00,11,"ON SCENE",2,30,"CLEAR","DAYLIGHT","DRY","PARKED MOTOR VEHICLE","NOT DIVIDED","UNABLE TO DETERMINE",42.021289399,-87.672610435
"399","none",2021-11-23 11:05:00,11,"NOT ON SCENE (DESK REPORT)",2,30,"CLEAR","DAYLIGHT","DRY","REAR TO SIDE","NOT DIVIDED","IMPROPER BACKING",41.900907203,-87.625122202
"400","none",2021-11-23 10:59:00,10,"ON SCENE",2,30,"CLEAR","DAYLIGHT","DRY","REAR TO FRONT","NOT DIVIDED","UNABLE TO DETERMINE",41.799945281,-87.763496525
"401","injuries",2021-11-23 10:53:00,10,"NOT ON SCENE (DESK REPORT)",3,30,"UNKNOWN","UNKNOWN","UNKNOWN","REAR END","NOT DIVIDED","UNABLE TO DETERMINE",41.939550639,-87.671354689
"402","none",2021-11-23 10:40:00,10,"NOT ON SCENE (DESK REPORT)",2,10,"CLEAR","DAYLIGHT","DRY","PARKED MOTOR VEHICLE","PARKING LOT","UNABLE TO DETERMINE",41.99021647,-87.73095802
"403","none",2021-11-23 10:38:00,10,"ON SCENE",2,30,"CLEAR","DAYLIGHT","DRY","TURNING","DIVIDED - W/MEDIAN (NOT RAISED)","UNABLE TO DETERMINE",41.942137405,-87.71269112
"404","none",2021-11-23 10:30:00,10,"UNKNOWN",2,35,"CLEAR","DAYLIGHT","DRY","ANGLE","NOT DIVIDED","DISREGARDING STOP SIGN",41.877651524,-87.671774593
"405","none",2021-11-23 10:30:00,10,"ON SCENE",2,30,"CLEAR","DAYLIGHT","DRY","REAR END","DIVIDED - W/MEDIAN BARRIER","NOT APPLICABLE",41.751855602,-87.548250337
"406","none",2021-11-23 10:20:00,10,"ON SCENE",2,30,"CLEAR","DAYLIGHT","DRY","TURNING","NOT DIVIDED","IMPROPER TURNING/NO SIGNAL",41.793420237,-87.703697508
"407","none",2021-11-23 10:17:00,10,"ON SCENE",2,30,"CLEAR","DAYLIGHT","DRY","TURNING","DIVIDED - W/MEDIAN (NOT RAISED)","UNABLE TO DETERMINE",42.004925042,-87.689963373
"408","none",2021-11-23 10:15:00,10,"ON SCENE",2,30,"CLEAR","DAYLIGHT","DRY","SIDESWIPE SAME DIRECTION","ONE-WAY","IMPROPER LANE USAGE",41.892706907,-87.620379458
"409","none",2021-11-23 10:05:00,10,"NOT ON SCENE (DESK REPORT)",2,30,"UNKNOWN","UNKNOWN","UNKNOWN","SIDESWIPE SAME DIRECTION","NOT DIVIDED","IMPROPER LANE USAGE",41.764964222,-87.683102535
"410","none",2021-11-23 10:03:00,10,"ON SCENE",2,15,"CLEAR","DAYLIGHT","DRY","REAR END","NOT DIVIDED","UNABLE TO DETERMINE",41.806497692,-87.684812439
"411","none",2021-11-23 10:00:00,10,"NOT ON SCENE (DESK REPORT)",2,20,"UNKNOWN","UNKNOWN","UNKNOWN","PARKED MOTOR VEHICLE","ONE-WAY","UNABLE TO DETERMINE",41.908709965,-87.630277149
"412","none",2021-11-23 10:00:00,10,"NOT ON SCENE (DESK REPORT)",2,20,"UNKNOWN","UNKNOWN","UNKNOWN","PARKED MOTOR VEHICLE","ONE-WAY","UNABLE TO DETERMINE",41.993262287,-87.695690824
"413","none",2021-11-23 09:55:00,9,"NOT ON SCENE (DESK REPORT)",2,30,"CLEAR","DAYLIGHT","DRY","SIDESWIPE SAME DIRECTION","DIVIDED - W/MEDIAN (NOT RAISED)","IMPROPER LANE USAGE",41.907855981,-87.730973395
"414","none",2021-11-23 09:50:00,9,"ON SCENE",2,30,"CLEAR","DAYLIGHT","DRY","ANGLE","FOUR WAY","FAILING TO YIELD RIGHT-OF-WAY",41.876671628,-87.654626239
"415","injuries",2021-11-23 09:47:00,9,"ON SCENE",2,30,"CLEAR","DAYLIGHT","DRY","PEDESTRIAN","T-INTERSECTION","EQUIPMENT - VEHICLE CONDITION",41.852950417,-87.629921432
"416","none",2021-11-23 09:47:00,9,"ON SCENE",2,30,"CLEAR","DAYLIGHT","DRY","REAR END","CENTER TURN LANE","UNABLE TO DETERMINE",41.758727998,-87.741535662
"417","none",2021-11-23 09:30:00,9,"NOT ON SCENE (DESK REPORT)",1,30,"CLEAR","DAYLIGHT","DRY","FIXED OBJECT","ALLEY","IMPROPER BACKING",41.891100957,-87.684114893
"418","none",2021-11-23 09:20:00,9,"ON SCENE",2,30,"CLEAR","DAYLIGHT","DRY","TURNING","NOT DIVIDED","UNABLE TO DETERMINE",41.755944952,-87.662040085
"419","none",2021-11-23 09:15:00,9,"NOT ON SCENE (DESK REPORT)",2,30,"CLEAR","DAYLIGHT","DRY","REAR TO SIDE","PARKING LOT","IMPROPER BACKING",41.736380046,-87.627509219
"420","none",2021-11-23 09:09:00,9,"ON SCENE",2,30,"CLEAR","DAYLIGHT","DRY","SIDESWIPE SAME DIRECTION","DIVIDED - W/MEDIAN BARRIER","IMPROPER OVERTAKING/PASSING",41.721177307,-87.657216505
"421","none",2021-11-23 09:00:00,9,"NOT ON SCENE (DESK REPORT)",2,30,"CLEAR","DAYLIGHT","DRY","REAR TO FRONT","NOT DIVIDED","UNABLE TO DETERMINE",41.908968011,-87.628669333
"422","none",2021-11-23 09:00:00,9,"NOT ON SCENE (DESK REPORT)",2,30,"CLEAR","DAYLIGHT","DRY","REAR END","NOT DIVIDED","FOLLOWING TOO CLOSELY",41.985479188,-87.659978842
"423","none",2021-11-23 09:00:00,9,"NOT ON SCENE (DESK REPORT)",2,30,"CLEAR","DAYLIGHT","DRY","REAR END","DIVIDED - W/MEDIAN (NOT RAISED)","FOLLOWING TOO CLOSELY",41.978710264,-87.757153772
"424","none",2021-11-23 09:00:00,9,"ON SCENE",2,35,"CLEAR","DAYLIGHT","DRY","TURNING","NOT DIVIDED","IMPROPER LANE USAGE",41.876764729,-87.744997971
"425","none",2021-11-23 09:00:00,9,"NOT ON SCENE (DESK REPORT)",2,25,"CLEAR","DAYLIGHT","DRY","PARKED MOTOR VEHICLE","NOT DIVIDED","UNABLE TO DETERMINE",41.863615654,-87.651087467
"426","none",2021-11-23 08:56:00,8,"NOT ON SCENE (DESK REPORT)",2,30,"CLEAR","DAYLIGHT","DRY","TURNING","NOT DIVIDED","UNABLE TO DETERMINE",41.677435819,-87.661301318
"427","none",2021-11-23 08:55:00,8,"NOT ON SCENE (DESK REPORT)",1,30,"CLEAR","DAYLIGHT","DRY","FIXED OBJECT","NOT DIVIDED","UNABLE TO DETERMINE",41.90283252,-87.694996053
"428","none",2021-11-23 08:50:00,8,"NOT ON SCENE (DESK REPORT)",2,30,"CLEAR","DAYLIGHT","DRY","REAR END","NOT DIVIDED","UNABLE TO DETERMINE",41.783622212,-87.683908948
"429","none",2021-11-23 08:50:00,8,"NOT ON SCENE (DESK REPORT)",2,30,"CLOUDY/OVERCAST","DAWN","DRY","TURNING","NOT DIVIDED","UNABLE TO DETERMINE",41.715408783,-87.68174779
"430","none",2021-11-23 08:48:00,8,"ON SCENE",2,30,"CLEAR","DAYLIGHT","DRY","SIDESWIPE SAME DIRECTION","NOT DIVIDED","FAILING TO YIELD RIGHT-OF-WAY",41.805130885,-87.624497459
"431","injuries",2021-11-23 08:45:00,8,"ON SCENE",2,30,"CLEAR","DAYLIGHT","UNKNOWN","PEDALCYCLIST","NOT DIVIDED","UNABLE TO DETERMINE",41.90816932,-87.64834802
"432","none",2021-11-23 08:45:00,8,"ON SCENE",2,30,"CLEAR","DAYLIGHT","DRY","ANGLE","DIVIDED - W/MEDIAN (NOT RAISED)","FAILING TO YIELD RIGHT-OF-WAY",41.852393823,-87.668573591
"433","none",2021-11-23 08:40:00,8,"NOT ON SCENE (DESK REPORT)",2,30,"CLEAR","DAYLIGHT","DRY","REAR END","DIVIDED - W/MEDIAN (NOT RAISED)","FOLLOWING TOO CLOSELY",41.96034469,-87.769469584
"434","none",2021-11-23 08:40:00,8,"NOT ON SCENE (DESK REPORT)",2,30,"CLEAR","DAYLIGHT","DRY","REAR END","DIVIDED - W/MEDIAN (NOT RAISED)","UNABLE TO DETERMINE",41.938527932,-87.836258898
"435","none",2021-11-23 08:38:00,8,"NOT ON SCENE (DESK REPORT)",2,30,"CLEAR","DAYLIGHT","DRY","SIDESWIPE SAME DIRECTION","DIVIDED - W/MEDIAN (NOT RAISED)","IMPROPER LANE USAGE",41.736266071,-87.639911178
"436","none",2021-11-23 08:30:00,8,"ON SCENE",2,30,"CLEAR","DAYLIGHT","DRY","REAR END","DIVIDED - W/MEDIAN BARRIER","PHYSICAL CONDITION OF DRIVER",41.91790603,-87.70713276
"437","none",2021-11-23 08:30:00,8,"NOT ON SCENE (DESK REPORT)",2,30,"CLEAR","DAYLIGHT","DRY","TURNING","NOT DIVIDED","IMPROPER TURNING/NO SIGNAL",41.774461972,-87.703179083
"438","none",2021-11-23 08:30:00,8,"ON SCENE",1,20,"CLEAR","DAYLIGHT","DRY","FIXED OBJECT","ONE-WAY","VISION OBSCURED (SIGNS, TREE LIMBS, BUILDINGS, ETC.)",41.862097679,-87.703182986
"439","none",2021-11-23 08:30:00,8,"NOT ON SCENE (DESK REPORT)",2,30,"CLEAR","DAYLIGHT","DRY","REAR END","DIVIDED - W/MEDIAN (NOT RAISED)","FOLLOWING TOO CLOSELY",42.019279304,-87.699443653
"440","none",2021-11-23 08:20:00,8,"ON SCENE",2,30,"CLEAR","DAYLIGHT","DRY","TURNING","ONE-WAY","UNABLE TO DETERMINE",41.786260864,-87.690079292
"441","none",2021-11-23 08:15:00,8,"NOT ON SCENE (DESK REPORT)",2,25,"CLEAR","DAYLIGHT","DRY","PARKED MOTOR VEHICLE","NOT DIVIDED","UNABLE TO DETERMINE",41.825097847,-87.699721649
"442","none",2021-11-23 08:12:00,8,"NOT ON SCENE (DESK REPORT)",2,20,"RAIN","DAYLIGHT","DRY","SIDESWIPE SAME DIRECTION","ONE-WAY","UNABLE TO DETERMINE",41.861433147,-87.709330509
"443","none",2021-11-23 08:10:00,8,"NOT ON SCENE (DESK REPORT)",2,15,"CLEAR","DAYLIGHT","DRY","SIDESWIPE OPPOSITE DIRECTION","ALLEY","UNABLE TO DETERMINE",41.831537282,-87.681566694
"444","none",2021-11-23 08:05:00,8,"ON SCENE",2,25,"CLEAR","DAYLIGHT","DRY","SIDESWIPE SAME DIRECTION","ONE-WAY","UNABLE TO DETERMINE",41.865346869,-87.722855758
"445","none",2021-11-23 08:00:00,8,"ON SCENE",2,30,"CLEAR","DAYLIGHT","DRY","SIDESWIPE SAME DIRECTION","NOT DIVIDED","UNABLE TO DETERMINE",41.801261353,-87.684430284
"446","injuries",2021-11-23 07:57:00,7,"ON SCENE",2,30,"CLEAR","DAYLIGHT","DRY","SIDESWIPE SAME DIRECTION","DIVIDED - W/MEDIAN (NOT RAISED)","UNABLE TO DETERMINE",41.951685537,-87.72770118
"447","none",2021-11-23 07:50:00,7,"NOT ON SCENE (DESK REPORT)",2,40,"CLEAR","DAYLIGHT","DRY","SIDESWIPE SAME DIRECTION","DIVIDED - W/MEDIAN BARRIER","IMPROPER OVERTAKING/PASSING",41.860257241,-87.617710633
"448","none",2021-11-23 07:50:00,7,"NOT ON SCENE (DESK REPORT)",2,30,"CLEAR","DAYLIGHT","DRY","HEAD ON","NOT DIVIDED","DISREGARDING STOP SIGN",41.973537326,-87.755347672
"449","none",2021-11-23 07:45:00,7,"NOT ON SCENE (DESK REPORT)",2,30,"CLEAR","DAYLIGHT","DRY","REAR END","NOT DIVIDED","UNABLE TO DETERMINE",41.912223095,-87.743704098
"450","none",2021-11-23 07:40:00,7,"NOT ON SCENE (DESK REPORT)",2,30,"CLEAR","DAYLIGHT","DRY","TURNING","DIVIDED - W/MEDIAN (NOT RAISED)","IMPROPER LANE USAGE",41.960200755,-87.767381595
"451","none",2021-11-23 07:40:00,7,"NOT ON SCENE (DESK REPORT)",2,30,"CLEAR","DAYLIGHT","DRY","REAR END","NOT DIVIDED","CELL PHONE USE OTHER THAN TEXTING",41.820432283,-87.68460232
"452","none",2021-11-23 07:35:00,7,"NOT ON SCENE (DESK REPORT)",2,30,"CLEAR","DAYLIGHT","DRY","SIDESWIPE SAME DIRECTION","NOT DIVIDED","UNABLE TO DETERMINE",41.885536412,-87.725659147
"453","injuries",2021-11-23 07:31:00,7,"ON SCENE",3,35,"CLEAR","DAYLIGHT","DRY","TURNING","NOT DIVIDED","UNABLE TO DETERMINE",41.96056026,-87.769753866
"454","injuries",2021-11-23 07:30:00,7,"ON SCENE",2,30,"CLEAR","DAYLIGHT","DRY","REAR END","DIVIDED - W/MEDIAN BARRIER","FAILING TO YIELD RIGHT-OF-WAY",41.832846759,-87.694777648
"455","none",2021-11-23 07:30:00,7,"ON SCENE",2,30,"CLEAR","DAYLIGHT","DRY","SIDESWIPE SAME DIRECTION","NOT DIVIDED","IMPROPER OVERTAKING/PASSING",41.857825933,-87.703053362
"456","none",2021-11-23 07:30:00,7,"NOT ON SCENE (DESK REPORT)",2,25,"CLEAR","DAYLIGHT","DRY","PARKED MOTOR VEHICLE","ONE-WAY","UNABLE TO DETERMINE",41.899180287,-87.728804029
"457","none",2021-11-23 07:25:00,7,"NOT ON SCENE (DESK REPORT)",2,30,"CLEAR","DAYLIGHT","DRY","PARKED MOTOR VEHICLE","NOT DIVIDED","UNABLE TO DETERMINE",41.750284092,-87.660788616
"458","none",2021-11-23 07:20:00,7,"ON SCENE",2,30,"CLEAR","DAYLIGHT","DRY","TURNING","DIVIDED - W/MEDIAN (NOT RAISED)","FAILING TO YIELD RIGHT-OF-WAY",41.874347903,-87.764498191
"459","none",2021-11-23 07:15:00,7,"ON SCENE",2,30,"CLEAR","DAYLIGHT","DRY","PARKED MOTOR VEHICLE","ONE-WAY","UNABLE TO DETERMINE",41.768245054,-87.61977388
"460","none",2021-11-23 07:00:00,7,"NOT ON SCENE (DESK REPORT)",2,30,"CLEAR","DAYLIGHT","DRY","TURNING","DIVIDED - W/MEDIAN (NOT RAISED)","FAILING TO YIELD RIGHT-OF-WAY",41.92366715,-87.746136952
"461","none",2021-11-23 07:00:00,7,"NOT ON SCENE (DESK REPORT)",2,30,"CLEAR","DARKNESS, LIGHTED ROAD","DRY","PARKED MOTOR VEHICLE","ONE-WAY","UNABLE TO DETERMINE",41.765088642,-87.645772377
"462","none",2021-11-23 07:00:00,7,"NOT ON SCENE (DESK REPORT)",2,20,"CLEAR","DAYLIGHT","DRY","PARKED MOTOR VEHICLE","ONE-WAY","UNABLE TO DETERMINE",41.713022536,-87.631008988
"463","none",2021-11-23 06:50:00,6,"ON SCENE",2,30,"CLEAR","DAYLIGHT","DRY","SIDESWIPE SAME DIRECTION","RAMP","IMPROPER LANE USAGE",41.816783515,-87.631340178
"464","none",2021-11-23 06:45:00,6,"ON SCENE",2,40,"CLEAR","DAWN","DRY","REAR END","DIVIDED - W/MEDIAN BARRIER","FOLLOWING TOO CLOSELY",41.925955015,-87.630950265
"465","injuries",2021-11-23 06:16:00,6,"ON SCENE",2,30,"CLEAR","DAWN","DRY","REAR END","NOT DIVIDED","UNABLE TO DETERMINE",41.778227232,-87.74213979
"466","none",2021-11-23 06:10:00,6,"NOT ON SCENE (DESK REPORT)",2,30,"CLEAR","DAYLIGHT","DRY","REAR END","NOT DIVIDED","FAILING TO REDUCE SPEED TO AVOID CRASH",41.92389339,-87.765839948
"467","injuries",2021-11-23 06:01:00,6,"ON SCENE",2,30,"CLEAR","DAWN","DRY","ANGLE","NOT DIVIDED","DISREGARDING TRAFFIC SIGNALS",41.786800048,-87.606198972
"468","none",2021-11-23 05:50:00,5,"NOT ON SCENE (DESK REPORT)",3,30,"CLEAR","DAYLIGHT","DRY","SIDESWIPE SAME DIRECTION","NOT DIVIDED","UNABLE TO DETERMINE",41.82631941,-87.704359881
"469","none",2021-11-23 05:30:00,5,"NOT ON SCENE (DESK REPORT)",2,30,"CLEAR","DARKNESS","DRY","REAR END","FOUR WAY","FOLLOWING TOO CLOSELY",41.876381736,-87.77437817
"470","none",2021-11-23 05:30:00,5,"NOT ON SCENE (DESK REPORT)",2,30,"UNKNOWN","UNKNOWN","UNKNOWN","PARKED MOTOR VEHICLE","ONE-WAY","UNABLE TO DETERMINE",41.902369831,-87.748568111
"471","none",2021-11-23 05:30:00,5,"NOT ON SCENE (DESK REPORT)",2,30,"CLEAR","DARKNESS","DRY","TURNING","DIVIDED - W/MEDIAN BARRIER","FOLLOWING TOO CLOSELY",41.792736328,-87.780294478
"472","injuries",2021-11-23 05:25:00,5,"NOT ON SCENE (DESK REPORT)",3,30,"CLEAR","DARKNESS, LIGHTED ROAD","DRY","REAR END","DIVIDED - W/MEDIAN (NOT RAISED)","FAILING TO REDUCE SPEED TO AVOID CRASH",41.793403381,-87.716974096
"473","injuries",2021-11-23 05:15:00,5,"ON SCENE",2,30,"CLEAR","DARKNESS, LIGHTED ROAD","DRY","TURNING","NOT DIVIDED","UNABLE TO DETERMINE",41.939570412,-87.68810786
"474","none",2021-11-23 04:05:00,4,"ON SCENE",2,30,"CLEAR","DARKNESS, LIGHTED ROAD","DRY","TURNING","DIVIDED - W/MEDIAN (NOT RAISED)","FAILING TO YIELD RIGHT-OF-WAY",41.924102391,-87.726609778
"475","none",2021-11-23 00:01:00,0,"ON SCENE",4,25,"CLEAR","DARKNESS, LIGHTED ROAD","DRY","PARKED MOTOR VEHICLE","NOT DIVIDED","UNABLE TO DETERMINE",41.978474895,-87.695094091
"476","none",2021-11-23 00:01:00,0,"NOT ON SCENE (DESK REPORT)",2,30,"CLEAR","DARKNESS, LIGHTED ROAD","DRY","PARKED MOTOR VEHICLE","NOT DIVIDED","OPERATING VEHICLE IN ERRATIC, RECKLESS, CARELESS, NEGLIGENT OR AGGRESSIVE MANNER",41.694402681,-87.620938204