"","injuries","crash_date","crash_hour","report_type","num_units","posted_speed_limit","weather_condition","lighting_condition","roadway_surface_cond","first_crash_type","trafficway_type","prim_contributory_cause","latitude","longitude"
"477","none",2021-11-22 23:30:00,23,"NOT ON SCENE (DESK REPORT)",2,30,"CLEAR","DARKNESS, LIGHTED ROAD","DRY","REAR END","DIVIDED - W/MEDIAN BARRIER","FAILING TO REDUCE SPEED TO AVOID CRASH",41.852622144,-87.719882944
"478","none",2021-11-22 23:00:00,23,"NOT ON SCENE (DESK REPORT)",2,30,"CLEAR","DAYLIGHT","DRY","SIDESWIPE SAME DIRECTION","NOT DIVIDED","IMPROPER OVERTAKING/PASSING",41.869780623,-87.640655493
"479","none",2021-11-22 22:47:00,22,"ON SCENE",1,30,"CLEAR","DARKNESS","DRY","FIXED OBJECT","NOT DIVIDED","EQUIPMENT - VEHICLE CONDITION",41.744493833,-87.576003561
"480","injuries",2021-11-22 22:35:00,22,"ON SCENE",2,30,"CLEAR","DARKNESS, LIGHTED ROAD","DRY","PARKED MOTOR VEHICLE","ONE-WAY","UNABLE TO DETERMINE",41.859123738,-87.69476616
"481","none",2021-11-22 22:30:00,22,"ON SCENE",2,30,"CLEAR","DARKNESS, LIGHTED ROAD","DRY","SIDESWIPE SAME DIRECTION","NOT DIVIDED","UNABLE TO DETERMINE",41.736327553,-87.618863569
"482","none",2021-11-22 22:30:00,22,"NOT ON SCENE (DESK REPORT)",2,30,"CLEAR","DAYLIGHT","DRY","PARKED MOTOR VEHICLE","PARKING LOT","DRIVING SKILLS/KNOWLEDGE/EXPERIENCE",41.762348684,-87.73598545
"483","injuries",2021-11-22 22:07:00,22,"ON SCENE",3,30,"CLEAR","DARKNESS","DRY","TURNING","NOT DIVIDED","UNABLE TO DETERMINE",41.923999502,-87.756019517
"484","injuries",2021-11-22 22:00:00,22,"ON SCENE",3,35,"CLEAR","DARKNESS, LIGHTED ROAD","DRY","ANGLE","CENTER TURN LANE","DISREGARDING TRAFFIC SIGNALS",41.880785798,-87.725818414
"485","injuries",2021-11-22 21:45:00,21,"ON SCENE",2,30,"CLEAR","DARKNESS, LIGHTED ROAD","DRY","SIDESWIPE SAME DIRECTION","NOT DIVIDED","IMPROPER OVERTAKING/PASSING",41.786956629,-87.642591987
"486","none",2021-11-22 21:45:00,21,"ON SCENE",2,30,"CLOUDY/OVERCAST","DARKNESS, LIGHTED ROAD","DRY","SIDESWIPE OPPOSITE DIRECTION","DIVIDED - W/MEDIAN (NOT RAISED)","UNABLE TO DETERMINE",41.773157812,-87.611110861
"487","none",2021-11-22 21:27:00,21,"ON SCENE",1,30,"CLEAR","UNKNOWN","DRY","FIXED OBJECT","ONE-WAY","UNABLE TO DETERMINE",41.76609806,-87.595189639
"488","none",2021-11-22 21:10:00,21,"NOT ON SCENE (DESK REPORT)",3,30,"CLEAR","DARKNESS, LIGHTED ROAD","DRY","REAR END","NOT DIVIDED","UNABLE TO DETERMINE",41.807788769,-87.723730332
"489","none",2021-11-22 21:00:00,21,"NOT ON SCENE (DESK REPORT)",2,20,"CLEAR","DARKNESS, LIGHTED ROAD","DRY","PARKED MOTOR VEHICLE","NOT DIVIDED","UNABLE TO DETERMINE",41.792332358,-87.777086579
"490","none",2021-11-22 21:00:00,21,"NOT ON SCENE (DESK REPORT)",2,30,"CLEAR","DARKNESS, LIGHTED ROAD","DRY","TURNING","ONE-WAY","UNABLE TO DETERMINE",41.735930121,-87.647428959
"491","none",2021-11-22 20:45:00,20,"NOT ON SCENE (DESK REPORT)",2,30,"CLEAR","DARKNESS, LIGHTED ROAD","DRY","ANGLE","NOT DIVIDED","UNABLE TO DETERMINE",41.882398691,-87.75499402
"492","none",2021-11-22 20:00:00,20,"NOT ON SCENE (DESK REPORT)",2,25,"UNKNOWN","DARKNESS, LIGHTED ROAD","UNKNOWN","ANGLE","T-INTERSECTION","UNABLE TO DETERMINE",41.756598342,-87.609148103
"493","none",2021-11-22 20:00:00,20,"ON SCENE",2,10,"CLEAR","DARKNESS, LIGHTED ROAD","DRY","TURNING","OTHER","VISION OBSCURED (SIGNS, TREE LIMBS, BUILDINGS, ETC.)",41.98109378,-87.844075627
"494","none",2021-11-22 20:00:00,20,"ON SCENE",2,30,"CLEAR","DARKNESS, LIGHTED ROAD","DRY","PARKED MOTOR VEHICLE","ONE-WAY","UNABLE TO DETERMINE",41.714173908,-87.636079059
"495","none",2021-11-22 20:00:00,20,"NOT ON SCENE (DESK REPORT)",2,30,"CLEAR","UNKNOWN","DRY","PARKED MOTOR VEHICLE","NOT DIVIDED","UNABLE TO DETERMINE",41.915206454,-87.711700695
"496","none",2021-11-22 19:50:00,19,"ON SCENE",2,35,"CLEAR","DARKNESS","DRY","REAR TO SIDE","NOT DIVIDED","DISREGARDING STOP SIGN",41.785166381,-87.779167645
"497","none",2021-11-22 19:44:00,19,"ON SCENE",2,35,"CLEAR","DARKNESS, LIGHTED ROAD","DRY","SIDESWIPE SAME DIRECTION","DIVIDED - W/MEDIAN (NOT RAISED)","IMPROPER OVERTAKING/PASSING",41.951175066,-87.72739022
"498","none",2021-11-22 19:39:00,19,"ON SCENE",2,30,"CLEAR","DARKNESS, LIGHTED ROAD","DRY","ANGLE","FOUR WAY","FAILING TO YIELD RIGHT-OF-WAY",41.890097388,-87.657441027
"499","none",2021-11-22 19:33:00,19,"ON SCENE",2,20,"CLEAR","DARKNESS, LIGHTED ROAD","DRY","TURNING","NOT DIVIDED","FAILING TO YIELD RIGHT-OF-WAY",41.80939817,-87.62275732
"500","none",2021-11-22 19:30:00,19,"NOT ON SCENE (DESK REPORT)",2,25,"CLEAR","DAWN","DRY","REAR END","NOT DIVIDED","UNABLE TO DETERMINE",41.858775158,-87.725099585
"501","none",2021-11-22 19:15:00,19,"ON SCENE",2,25,"CLEAR","DARKNESS, LIGHTED ROAD","DRY","PARKED MOTOR VEHICLE","NOT DIVIDED","UNABLE TO DETERMINE",41.923532471,-87.736677689
"502","none",2021-11-22 19:13:00,19,"ON SCENE",2,30,"CLEAR","DUSK","DRY","TURNING","NOT DIVIDED","IMPROPER TURNING/NO SIGNAL",41.742731191,-87.653383018
"503","injuries",2021-11-22 19:05:00,19,"ON SCENE",2,5,"CLEAR","DARKNESS, LIGHTED ROAD","DRY","PEDESTRIAN","PARKING LOT","UNABLE TO DETERMINE",41.830402823,-87.694952468
"504","none",2021-11-22 19:00:00,19,"NOT ON SCENE (DESK REPORT)",3,30,"CLEAR","DARKNESS, LIGHTED ROAD","DRY","REAR END","ONE-WAY","FOLLOWING TOO CLOSELY",41.72232656,-87.610672797
"505","none",2021-11-22 19:00:00,19,"NOT ON SCENE (DESK REPORT)",2,30,"CLEAR","DARKNESS, LIGHTED ROAD","DRY","PARKED MOTOR VEHICLE","ONE-WAY","UNABLE TO DETERMINE",41.704676532,-87.560983166
"506","injuries",2021-11-22 18:51:00,18,"ON SCENE",3,30,"CLEAR","DUSK","DRY","ANGLE","NOT DIVIDED","UNABLE TO DETERMINE",41.787308149,-87.622356051
"507","none",2021-11-22 18:50:00,18,"ON SCENE",2,30,"CLEAR","DARKNESS, LIGHTED ROAD","DRY","TURNING","NOT DIVIDED","DRIVING SKILLS/KNOWLEDGE/EXPERIENCE",41.822515404,-87.704315783
"508","none",2021-11-22 18:49:00,18,"ON SCENE",2,30,"CLEAR","DARKNESS, LIGHTED ROAD","DRY","PARKED MOTOR VEHICLE","OTHER","UNABLE TO DETERMINE",41.884470261,-87.650183868
"509","none",2021-11-22 18:40:00,18,"NOT ON SCENE (DESK REPORT)",3,30,"UNKNOWN","UNKNOWN","OTHER","REAR END","NOT DIVIDED","UNABLE TO DETERMINE",41.939082825,-87.73624454
"510","none",2021-11-22 18:33:00,18,"NOT ON SCENE (DESK REPORT)",2,30,"CLEAR","DARKNESS, LIGHTED ROAD","DRY","REAR END","NOT DIVIDED","FOLLOWING TOO CLOSELY",41.766410668,-87.741799366
"511","none",2021-11-22 18:30:00,18,"NOT ON SCENE (DESK REPORT)",2,30,"CLEAR","DARKNESS, LIGHTED ROAD","DRY","ANGLE","UNKNOWN","UNABLE TO DETERMINE",41.941247545,-87.826621122
"512","none",2021-11-22 18:30:00,18,"NOT ON SCENE (DESK REPORT)",2,30,"CLEAR","DARKNESS, LIGHTED ROAD","DRY","SIDESWIPE OPPOSITE DIRECTION","NOT DIVIDED","IMPROPER BACKING",41.965202235,-87.650158098
"513","none",2021-11-22 18:30:00,18,"NOT ON SCENE (DESK REPORT)",2,30,"CLEAR","DARKNESS, LIGHTED ROAD","DRY","REAR END","NOT DIVIDED","UNABLE TO DETERMINE",41.954487567,-87.662293496
"514","none",2021-11-22 18:27:00,18,"ON SCENE",2,15,"CLEAR","DARKNESS, LIGHTED ROAD","DRY","FIXED OBJECT","PARKING LOT","VISION OBSCURED (SIGNS, TREE LIMBS, BUILDINGS, ETC.)",41.941565858,-87.668860403
"515","none",2021-11-22 18:20:00,18,"ON SCENE",2,30,"CLEAR","DARKNESS, LIGHTED ROAD","DRY","ANGLE","ALLEY","FAILING TO YIELD RIGHT-OF-WAY",41.927826539,-87.756137186
"516","none",2021-11-22 18:15:00,18,"NOT ON SCENE (DESK REPORT)",2,30,"CLEAR","DARKNESS","DRY","SIDESWIPE SAME DIRECTION","NOT DIVIDED","NOT APPLICABLE",41.771884028,-87.683588402
"517","none",2021-11-22 18:15:00,18,"ON SCENE",2,30,"CLEAR","DARKNESS, LIGHTED ROAD","DRY","TURNING","NOT DIVIDED","FAILING TO YIELD RIGHT-OF-WAY",41.9240772,-87.805987087
"518","injuries",2021-11-22 18:15:00,18,"NOT ON SCENE (DESK REPORT)",2,30,"UNKNOWN","UNKNOWN","UNKNOWN","TURNING","NOT DIVIDED","UNABLE TO DETERMINE",41.72273739,-87.575508032
"519","injuries",2021-11-22 18:10:00,18,"NOT ON SCENE (DESK REPORT)",2,30,"CLEAR","DARKNESS, LIGHTED ROAD","DRY","REAR END","DIVIDED - W/MEDIAN (NOT RAISED)","FOLLOWING TOO CLOSELY",41.721341191,-87.661426609
"520","none",2021-11-22 18:05:00,18,"NOT ON SCENE (DESK REPORT)",2,30,"CLEAR","DARKNESS, LIGHTED ROAD","DRY","SIDESWIPE SAME DIRECTION","NOT DIVIDED","IMPROPER OVERTAKING/PASSING",41.722487307,-87.582514642
"521","none",2021-11-22 18:00:00,18,"ON SCENE",2,30,"CLEAR","DARKNESS, LIGHTED ROAD","DRY","TURNING","DIVIDED - W/MEDIAN (NOT RAISED)","IMPROPER TURNING/NO SIGNAL",41.820188339,-87.644763216
"522","none",2021-11-22 18:00:00,18,"NOT ON SCENE (DESK REPORT)",2,30,"CLEAR","DARKNESS, LIGHTED ROAD","DRY","PARKED MOTOR VEHICLE","PARKING LOT","UNABLE TO DETERMINE",41.752822021,-87.741354493
"523","injuries",2021-11-22 18:00:00,18,"NOT ON SCENE (DESK REPORT)",2,30,"CLEAR","DARKNESS","UNKNOWN","REAR END","NOT DIVIDED","FOLLOWING TOO CLOSELY",41.81905229,-87.723819222
"524","none",2021-11-22 18:00:00,18,"ON SCENE",2,30,"CLEAR","DARKNESS, LIGHTED ROAD","DRY","ANGLE","NOT DIVIDED","VISION OBSCURED (SIGNS, TREE LIMBS, BUILDINGS, ETC.)",41.721425438,-87.653095366
"525","none",2021-11-22 18:00:00,18,"NOT ON SCENE (DESK REPORT)",2,30,"UNKNOWN","UNKNOWN","UNKNOWN","SIDESWIPE SAME DIRECTION","NOT DIVIDED","IMPROPER LANE USAGE",41.772570014,-87.68360751
"526","none",2021-11-22 17:50:00,17,"ON SCENE",2,30,"CLEAR","DARKNESS","DRY","SIDESWIPE SAME DIRECTION","DIVIDED - W/MEDIAN BARRIER","NOT APPLICABLE",41.730405509,-87.643604663
"527","none",2021-11-22 17:47:00,17,"NOT ON SCENE (DESK REPORT)",2,30,"CLEAR","DAYLIGHT","DRY","SIDESWIPE OPPOSITE DIRECTION","DIVIDED - W/MEDIAN BARRIER","IMPROPER LANE USAGE",41.857811148,-87.672821937
"528","none",2021-11-22 17:43:00,17,"ON SCENE",2,30,"CLEAR","DARKNESS, LIGHTED ROAD","DRY","ANGLE","T-INTERSECTION","FAILING TO YIELD RIGHT-OF-WAY",41.748725425,-87.64413194
"529","injuries",2021-11-22 17:39:00,17,"NOT ON SCENE (DESK REPORT)",2,30,"CLEAR","DARKNESS, LIGHTED ROAD","DRY","ANGLE","FOUR WAY","FAILING TO YIELD RIGHT-OF-WAY",41.74888097,-87.634860796
"530","none",2021-11-22 17:30:00,17,"ON SCENE",2,30,"CLEAR","DARKNESS, LIGHTED ROAD","DRY","PARKED MOTOR VEHICLE","PARKING LOT","NOT APPLICABLE",41.852782213,-87.623659001
"531","none",2021-11-22 17:28:00,17,"ON SCENE",3,30,"CLEAR","DARKNESS, LIGHTED ROAD","DRY","TURNING","DIVIDED - W/MEDIAN (NOT RAISED)","FAILING TO YIELD RIGHT-OF-WAY",41.947457574,-87.656891361
"532","none",2021-11-22 17:24:00,17,"NOT ON SCENE (DESK REPORT)",2,30,"CLEAR","DARKNESS","DRY","PARKED MOTOR VEHICLE","NOT DIVIDED","UNABLE TO DETERMINE",41.960468152,-87.732541896
"533","injuries",2021-11-22 17:18:00,17,"ON SCENE",2,30,"CLEAR","DUSK","DRY","PEDESTRIAN","FOUR WAY","UNABLE TO DETERMINE",41.846152133,-87.709897189
"534","none",2021-11-22 17:16:00,17,"ON SCENE",2,30,"CLEAR","DARKNESS, LIGHTED ROAD","DRY","ANGLE","FOUR WAY","DRIVING SKILLS/KNOWLEDGE/EXPERIENCE",41.890194883,-87.647668699
"535","none",2021-11-22 17:15:00,17,"NOT ON SCENE (DESK REPORT)",2,25,"CLEAR","DAWN","DRY","REAR END","NOT DIVIDED","UNABLE TO DETERMINE",41.854983132,-87.724996483
"536","none",2021-11-22 17:15:00,17,"ON SCENE",2,30,"CLEAR","DARKNESS","DRY","TURNING","NOT DIVIDED","FAILING TO YIELD RIGHT-OF-WAY",41.795205516,-87.766421112
"537","none",2021-11-22 17:05:00,17,"NOT ON SCENE (DESK REPORT)",2,20,"CLEAR","DARKNESS, LIGHTED ROAD","DRY","ANGLE","ONE-WAY","UNABLE TO DETERMINE",41.942375443,-87.641814485
"538","none",2021-11-22 17:01:00,17,"NOT ON SCENE (DESK REPORT)",2,35,"CLEAR","DARKNESS, LIGHTED ROAD","DRY","ANGLE","FIVE POINT, OR MORE","DISREGARDING STOP SIGN",41.937676853,-87.685801829
"539","none",2021-11-22 17:00:00,17,"NOT ON SCENE (DESK REPORT)",2,30,"CLEAR","DARKNESS, LIGHTED ROAD","DRY","SIDESWIPE SAME DIRECTION","NOT DIVIDED","IMPROPER LANE USAGE",41.749487452,-87.711634831
"540","none",2021-11-22 16:55:00,16,"ON SCENE",2,30,"CLEAR","DARKNESS, LIGHTED ROAD","DRY","SIDESWIPE SAME DIRECTION","NOT DIVIDED","OPERATING VEHICLE IN ERRATIC, RECKLESS, CARELESS, NEGLIGENT OR AGGRESSIVE MANNER",41.758392809,-87.610400252
"541","injuries",2021-11-22 16:50:00,16,"ON SCENE",2,35,"CLEAR","DARKNESS, LIGHTED ROAD","DRY","ANGLE","FOUR WAY","UNABLE TO DETERMINE",41.886140411,-87.735759702
"542","none",2021-11-22 16:50:00,16,"NOT ON SCENE (DESK REPORT)",2,30,"CLEAR","DARKNESS, LIGHTED ROAD","DRY","SIDESWIPE SAME DIRECTION","NOT DIVIDED","IMPROPER OVERTAKING/PASSING",41.875677804,-87.701213103
"543","none",2021-11-22 16:49:00,16,"ON SCENE",3,25,"CLEAR","DARKNESS, LIGHTED ROAD","DRY","TURNING","DIVIDED - W/MEDIAN (NOT RAISED)","OPERATING VEHICLE IN ERRATIC, RECKLESS, CARELESS, NEGLIGENT OR AGGRESSIVE MANNER",41.85159572,-87.631836907
"544","none",2021-11-22 16:45:00,16,"NOT ON SCENE (DESK REPORT)",3,20,"CLEAR","DARKNESS, LIGHTED ROAD","DRY","PARKED MOTOR VEHICLE","ONE-WAY","DRIVING SKILLS/KNOWLEDGE/EXPERIENCE",41.745994345,-87.600332504
"545","injuries",2021-11-22 16:45:00,16,"ON SCENE",2,30,"CLEAR","DARKNESS, LIGHTED ROAD","DRY","REAR END","NOT DIVIDED","FAILING TO REDUCE SPEED TO AVOID CRASH",41.778607156,-87.718887424
"546","none",2021-11-22 16:45:00,16,"ON SCENE",2,35,"CLEAR","DUSK","DRY","TURNING","NOT DIVIDED","UNABLE TO DETERMINE",41.799942605,-87.763679399
"547","none",2021-11-22 16:43:00,16,"ON SCENE",2,30,"CLEAR","DARKNESS, LIGHTED ROAD","DRY","SIDESWIPE SAME DIRECTION","NOT DIVIDED","UNABLE TO DETERMINE",41.905501586,-87.670058998
"548","none",2021-11-22 16:32:00,16,"UNKNOWN",2,30,"CLEAR","DARKNESS, LIGHTED ROAD","DRY","TURNING","FIVE POINT, OR MORE","FAILING TO YIELD RIGHT-OF-WAY",41.939502996,-87.688313429
"549","none",2021-11-22 16:30:00,16,"NOT ON SCENE (DESK REPORT)",2,30,"CLEAR","DARKNESS, LIGHTED ROAD","DRY","SIDESWIPE SAME DIRECTION","NOT DIVIDED","IMPROPER LANE USAGE",41.801257492,-87.684281116
"550","none",2021-11-22 16:30:00,16,"ON SCENE",2,25,"CLEAR","DARKNESS","DRY","PARKED MOTOR VEHICLE","ONE-WAY","UNABLE TO DETERMINE",41.932983776,-87.641170485
"551","none",2021-11-22 16:30:00,16,"NOT ON SCENE (DESK REPORT)",2,30,"CLEAR","DAYLIGHT","DRY","PARKED MOTOR VEHICLE","NOT DIVIDED","UNABLE TO DETERMINE",41.793312491,-87.703400497
"552","none",2021-11-22 16:24:00,16,"ON SCENE",2,30,"CLEAR","DAYLIGHT","DRY","SIDESWIPE SAME DIRECTION","DIVIDED - W/MEDIAN (NOT RAISED)","UNABLE TO DETERMINE",41.896389152,-87.654564143
"553","none",2021-11-22 16:21:00,16,"NOT ON SCENE (DESK REPORT)",2,30,"CLEAR","DARKNESS","DRY","PARKED MOTOR VEHICLE","NOT DIVIDED","NOT APPLICABLE",41.790738224,-87.713845718
"554","none",2021-11-22 16:20:00,16,"NOT ON SCENE (DESK REPORT)",2,20,"UNKNOWN","UNKNOWN","UNKNOWN","PARKED MOTOR VEHICLE","NOT DIVIDED","UNABLE TO DETERMINE",41.761560919,-87.621750711
"555","none",2021-11-22 16:10:00,16,"NOT ON SCENE (DESK REPORT)",2,40,"CLEAR","DARKNESS, LIGHTED ROAD","DRY","SIDESWIPE SAME DIRECTION","ONE-WAY","IMPROPER OVERTAKING/PASSING",41.896804972,-87.617027423
"556","none",2021-11-22 16:10:00,16,"NOT ON SCENE (DESK REPORT)",2,0,"CLEAR","DAYLIGHT","DRY","REAR TO SIDE","PARKING LOT","IMPROPER BACKING",41.956126201,-87.722482826
"557","none",2021-11-22 16:03:00,16,"ON SCENE",2,10,"CLEAR","DARKNESS","DRY","PARKED MOTOR VEHICLE","PARKING LOT","UNABLE TO DETERMINE",41.791609872,-87.703355598
"558","none",2021-11-22 16:00:00,16,"NOT ON SCENE (DESK REPORT)",2,30,"CLEAR","DAYLIGHT","DRY","SIDESWIPE SAME DIRECTION","NOT DIVIDED","IMPROPER OVERTAKING/PASSING",41.999066649,-87.670810713
"559","none",2021-11-22 16:00:00,16,"UNKNOWN",2,30,"CLEAR","DAYLIGHT","DRY","SIDESWIPE SAME DIRECTION","DIVIDED - W/MEDIAN (NOT RAISED)","UNABLE TO DETERMINE",41.909880868,-87.7351582
"560","none",2021-11-22 16:00:00,16,"NOT ON SCENE (DESK REPORT)",2,30,"UNKNOWN","UNKNOWN","UNKNOWN","SIDESWIPE SAME DIRECTION","ONE-WAY","UNABLE TO DETERMINE",41.924692603,-87.646163838
"561","none",2021-11-22 15:59:00,15,"ON SCENE",2,30,"CLEAR","DAYLIGHT","DRY","ANGLE","DIVIDED - W/MEDIAN (NOT RAISED)","UNABLE TO DETERMINE",41.975462412,-87.746929574
"562","none",2021-11-22 15:40:00,15,"NOT ON SCENE (DESK REPORT)",2,30,"CLEAR","DAYLIGHT","DRY","SIDESWIPE SAME DIRECTION","DIVIDED - W/MEDIAN (NOT RAISED)","IMPROPER LANE USAGE",41.8377949,-87.685148751
"563","none",2021-11-22 15:30:00,15,"NOT ON SCENE (DESK REPORT)",2,30,"CLEAR","DAYLIGHT","DRY","SIDESWIPE SAME DIRECTION","NOT DIVIDED","IMPROPER LANE USAGE",41.83727705,-87.695172247
"564","none",2021-11-22 15:30:00,15,"NOT ON SCENE (DESK REPORT)",2,30,"CLEAR","DAYLIGHT","DRY","ANGLE","PARKING LOT","UNABLE TO DETERMINE",41.722582057,-87.575041988
"565","none",2021-11-22 15:30:00,15,"NOT ON SCENE (DESK REPORT)",2,30,"CLEAR","DAYLIGHT","DRY","SIDESWIPE OPPOSITE DIRECTION","NOT DIVIDED","NOT APPLICABLE",41.738810046,-87.702237197
"566","none",2021-11-22 15:24:00,15,"ON SCENE",2,30,"CLEAR","DAYLIGHT","DRY","ANGLE","NOT DIVIDED","DISREGARDING STOP SIGN",41.756343936,-87.635719462
"567","none",2021-11-22 15:15:00,15,"NOT ON SCENE (DESK REPORT)",2,30,"CLEAR","DAYLIGHT","DRY","ANGLE","NOT DIVIDED","FAILING TO YIELD RIGHT-OF-WAY",41.936861521,-87.766498002
"568","none",2021-11-22 15:15:00,15,"ON SCENE",2,30,"CLEAR","DAYLIGHT","DRY","REAR END","NOT DIVIDED","FOLLOWING TOO CLOSELY",41.807398476,-87.751778371
"569","none",2021-11-22 15:15:00,15,"NOT ON SCENE (DESK REPORT)",2,30,"CLEAR","DAYLIGHT","DRY","REAR TO REAR","PARKING LOT","IMPROPER BACKING",41.865533169,-87.639341644
"570","none",2021-11-22 15:15:00,15,"NOT ON SCENE (DESK REPORT)",2,30,"CLEAR","DAYLIGHT","OTHER","SIDESWIPE SAME DIRECTION","NOT DIVIDED","UNABLE TO DETERMINE",41.990504959,-87.707362846
"571","none",2021-11-22 15:10:00,15,"NOT ON SCENE (DESK REPORT)",2,30,"CLEAR","DAYLIGHT","DRY","REAR END","NOT DIVIDED","FOLLOWING TOO CLOSELY",41.785816515,-87.724032597
"572","none",2021-11-22 15:10:00,15,"NOT ON SCENE (DESK REPORT)",2,30,"CLEAR","DAYLIGHT","UNKNOWN","PARKED MOTOR VEHICLE","NOT DIVIDED","UNABLE TO DETERMINE",41.8829872,-87.69822806
"573","none",2021-11-22 15:05:00,15,"ON SCENE",2,30,"CLEAR","DAYLIGHT","DRY","SIDESWIPE SAME DIRECTION","NOT DIVIDED","IMPROPER LANE USAGE",41.778803528,-87.720432985
"574","injuries",2021-11-22 15:04:00,15,"ON SCENE",2,30,"CLEAR","DAYLIGHT","DRY","REAR END","NOT DIVIDED","FOLLOWING TOO CLOSELY",41.7531075,-87.644252109
"575","injuries",2021-11-22 15:04:00,15,"ON SCENE",2,30,"CLEAR","DAWN","DRY","PEDESTRIAN","NOT DIVIDED","VISION OBSCURED (SIGNS, TREE LIMBS, BUILDINGS, ETC.)",41.908466014,-87.648269045
"576","none",2021-11-22 15:04:00,15,"ON SCENE",2,30,"CLEAR","DAYLIGHT","DRY","ANGLE","DIVIDED - W/MEDIAN (NOT RAISED)","DISREGARDING TRAFFIC SIGNALS",41.77144058,-87.715369385
"577","none",2021-11-22 15:00:00,15,"NOT ON SCENE (DESK REPORT)",2,30,"CLEAR","DAYLIGHT","DRY","REAR END","NOT DIVIDED","UNABLE TO DETERMINE",41.778677456,-87.586564207
"578","none",2021-11-22 15:00:00,15,"NOT ON SCENE (DESK REPORT)",2,25,"CLEAR","DAYLIGHT","DRY","TURNING","FOUR WAY","DRIVING SKILLS/KNOWLEDGE/EXPERIENCE",41.840985452,-87.704993937
"579","none",2021-11-22 15:00:00,15,"NOT ON SCENE (DESK REPORT)",1,30,"CLEAR","DAYLIGHT","DRY","FIXED OBJECT","NOT DIVIDED","NOT APPLICABLE",41.831085555,-87.628937119
"580","none",2021-11-22 15:00:00,15,"NOT ON SCENE (DESK REPORT)",2,30,"CLEAR","DAYLIGHT","DRY","PARKED MOTOR VEHICLE","NOT DIVIDED","UNABLE TO DETERMINE",41.983491115,-87.699317555
"581","injuries",2021-11-22 14:55:00,14,"ON SCENE",2,30,"CLEAR","DAYLIGHT","DRY","ANGLE","T-INTERSECTION","DISREGARDING STOP SIGN",41.882040356,-87.771752388
"582","none",2021-11-22 14:50:00,14,"ON SCENE",2,20,"CLEAR","DAYLIGHT","UNKNOWN","PARKED MOTOR VEHICLE","NOT DIVIDED","UNABLE TO DETERMINE",41.777841455,-87.658580141
"583","injuries",2021-11-22 14:50:00,14,"ON SCENE",2,30,"CLEAR","DAYLIGHT","DRY","PEDESTRIAN","NOT DIVIDED","DISREGARDING OTHER TRAFFIC SIGNS",41.983012135,-87.787763514
"584","none",2021-11-22 14:47:00,14,"NOT ON SCENE (DESK REPORT)",2,25,"CLEAR","DAYLIGHT","DRY","REAR END","ONE-WAY","FOLLOWING TOO CLOSELY",41.689370392,-87.658655269
"585","none",2021-11-22 14:45:00,14,"NOT ON SCENE (DESK REPORT)",2,30,"CLEAR","DAYLIGHT","UNKNOWN","TURNING","ALLEY","FAILING TO YIELD RIGHT-OF-WAY",41.840767863,-87.704865548
"586","none",2021-11-22 14:45:00,14,"NOT ON SCENE (DESK REPORT)",2,30,"CLEAR","DAYLIGHT","DRY","TURNING","NOT DIVIDED","FOLLOWING TOO CLOSELY",41.989952748,-87.660412346
"587","none",2021-11-22 14:40:00,14,"NOT ON SCENE (DESK REPORT)",2,30,"CLEAR","DAYLIGHT","DRY","PEDALCYCLIST","PARKING LOT","UNABLE TO DETERMINE",41.879117244,-87.646607192
"588","none",2021-11-22 14:40:00,14,"ON SCENE",2,30,"CLEAR","DAYLIGHT","DRY","REAR END","NOT DIVIDED","FOLLOWING TOO CLOSELY",41.997078767,-87.810520799
"589","injuries",2021-11-22 14:36:00,14,"ON SCENE",2,30,"CLEAR","DAYLIGHT","DRY","ANGLE","FOUR WAY","UNABLE TO DETERMINE",41.885137444,-87.669286721
"590","none",2021-11-22 14:35:00,14,"NOT ON SCENE (DESK REPORT)",2,30,"CLEAR","DAYLIGHT","UNKNOWN","REAR END","NOT DIVIDED","FOLLOWING TOO CLOSELY",41.875802599,-87.625734412
"591","none",2021-11-22 14:30:00,14,"NOT ON SCENE (DESK REPORT)",2,30,"CLEAR","DAYLIGHT","DRY","REAR END","NOT DIVIDED","NOT APPLICABLE",41.748097687,-87.705472626
"592","none",2021-11-22 14:25:00,14,"ON SCENE",2,30,"CLEAR","DAYLIGHT","DRY","PARKED MOTOR VEHICLE","NOT DIVIDED","UNABLE TO DETERMINE",41.838588596,-87.702567852
"593","injuries",2021-11-22 14:24:00,14,"ON SCENE",4,30,"CLEAR","DAYLIGHT","DRY","TURNING","FOUR WAY","FAILING TO REDUCE SPEED TO AVOID CRASH",41.851586941,-87.729690433