"","injuries","crash_date","crash_hour","report_type","num_units","posted_speed_limit","weather_condition","lighting_condition","roadway_surface_cond","first_crash_type","trafficway_type","prim_contributory_cause","latitude","longitude"
"594","none",2021-11-22 14:20:00,14,"ON SCENE",2,30,"CLEAR","DAYLIGHT","DRY","REAR END","DIVIDED - W/MEDIAN BARRIER","FOLLOWING TOO CLOSELY",41.721364144,-87.659415086
"595","injuries",2021-11-22 14:18:00,14,"ON SCENE",2,30,"CLEAR","DAYLIGHT","DRY","PEDESTRIAN","DIVIDED - W/MEDIAN (NOT RAISED)","FAILING TO YIELD RIGHT-OF-WAY",41.928448479,-87.766286276
"596","none",2021-11-22 14:18:00,14,"NOT ON SCENE (DESK REPORT)",2,30,"CLEAR","DAYLIGHT","DRY","SIDESWIPE SAME DIRECTION","DIVIDED - W/MEDIAN (NOT RAISED)","IMPROPER LANE USAGE",41.736636872,-87.612868262
"597","none",2021-11-22 14:16:00,14,"ON SCENE",2,30,"CLEAR","DAYLIGHT","DRY","SIDESWIPE SAME DIRECTION","NOT DIVIDED","FAILING TO YIELD RIGHT-OF-WAY",41.919978094,-87.643872231
"598","none",2021-11-22 14:15:00,14,"ON SCENE",2,30,"CLEAR","DAYLIGHT","DRY","SIDESWIPE OPPOSITE DIRECTION","DIVIDED - W/MEDIAN (NOT RAISED)","IMPROPER BACKING",41.722487307,-87.582514642
"599","none",2021-11-22 14:00:00,14,"ON SCENE",2,30,"CLEAR","DAYLIGHT","DRY","PARKED MOTOR VEHICLE","ONE-WAY","EVASIVE ACTION DUE TO ANIMAL, OBJECT, NONMOTORIST",41.925428857,-87.740345412
"600","none",2021-11-22 13:58:00,13,"ON SCENE",2,30,"CLEAR","DAYLIGHT","DRY","PARKED MOTOR VEHICLE","PARKING LOT","DRIVING SKILLS/KNOWLEDGE/EXPERIENCE",41.677923389,-87.641989646
"601","none",2021-11-22 13:55:00,13,"NOT ON SCENE (DESK REPORT)",2,30,"CLEAR","DAYLIGHT","DRY","ANGLE","NOT DIVIDED","FAILING TO YIELD RIGHT-OF-WAY",41.87205936,-87.744785624
"602","none",2021-11-22 13:55:00,13,"ON SCENE",2,35,"CLEAR","DAYLIGHT","DRY","ANGLE","NOT DIVIDED","FAILING TO YIELD RIGHT-OF-WAY",41.685376229,-87.627390263
"603","none",2021-11-22 13:52:00,13,"ON SCENE",3,30,"CLEAR","DAYLIGHT","DRY","SIDESWIPE OPPOSITE DIRECTION","NOT DIVIDED","DISTRACTION - FROM INSIDE VEHICLE",41.9983991,-87.676880227
"604","none",2021-11-22 13:45:00,13,"NOT ON SCENE (DESK REPORT)",2,35,"CLEAR","DAYLIGHT","DRY","REAR TO SIDE","PARKING LOT","IMPROPER BACKING",41.815197292,-87.606530889
"605","none",2021-11-22 13:45:00,13,"NOT ON SCENE (DESK REPORT)",2,25,"UNKNOWN","DAYLIGHT","UNKNOWN","PARKED MOTOR VEHICLE","PARKING LOT","UNABLE TO DETERMINE",41.780469532,-87.591672426
"606","none",2021-11-22 13:45:00,13,"NOT ON SCENE (DESK REPORT)",2,30,"CLEAR","DAYLIGHT","DRY","SIDESWIPE SAME DIRECTION","NOT DIVIDED","UNABLE TO DETERMINE",41.997277053,-87.709499221
"607","none",2021-11-22 13:30:00,13,"ON SCENE",2,30,"CLEAR","DAYLIGHT","DRY","PARKED MOTOR VEHICLE","ONE-WAY","UNABLE TO DETERMINE",41.896655474,-87.753991364
"608","none",2021-11-22 13:30:00,13,"NOT ON SCENE (DESK REPORT)",3,30,"CLEAR","DAYLIGHT","DRY","REAR END","DIVIDED - W/MEDIAN (NOT RAISED)","FOLLOWING TOO CLOSELY",41.912470155,-87.687129065
"609","none",2021-11-22 13:15:00,13,"NOT ON SCENE (DESK REPORT)",2,30,"CLEAR","DAYLIGHT","DRY","ANGLE","NOT DIVIDED","FAILING TO YIELD RIGHT-OF-WAY",41.876194619,-87.732991835
"610","none",2021-11-22 13:13:00,13,"NOT ON SCENE (DESK REPORT)",2,10,"CLEAR","DAYLIGHT","DRY","REAR END","PARKING LOT","FAILING TO YIELD RIGHT-OF-WAY",41.929720703,-87.678449582
"611","none",2021-11-22 13:02:00,13,"NOT ON SCENE (DESK REPORT)",2,35,"CLEAR","DAYLIGHT","DRY","PARKED MOTOR VEHICLE","NOT DIVIDED","OPERATING VEHICLE IN ERRATIC, RECKLESS, CARELESS, NEGLIGENT OR AGGRESSIVE MANNER",41.783603932,-87.703119545
"612","none",2021-11-22 13:00:00,13,"ON SCENE",2,30,"CLEAR","DAYLIGHT","DRY","REAR END","NOT DIVIDED","FAILING TO REDUCE SPEED TO AVOID CRASH",41.938685069,-87.749367014
"613","none",2021-11-22 13:00:00,13,"NOT ON SCENE (DESK REPORT)",2,20,"CLEAR","DAYLIGHT","DRY","PARKED MOTOR VEHICLE","ONE-WAY","UNABLE TO DETERMINE",42.002686936,-87.669155325
"614","none",2021-11-22 13:00:00,13,"NOT ON SCENE (DESK REPORT)",2,30,"CLEAR","DAYLIGHT","DRY","ANGLE","FOUR WAY","DISREGARDING TRAFFIC SIGNALS",41.876191975,-87.686337852
"615","none",2021-11-22 12:50:00,12,"NOT ON SCENE (DESK REPORT)",2,30,"CLEAR","DAYLIGHT","DRY","REAR END","NOT DIVIDED","FOLLOWING TOO CLOSELY",41.946749271,-87.706737391
"616","none",2021-11-22 12:35:00,12,"NOT ON SCENE (DESK REPORT)",2,10,"CLEAR","DAYLIGHT","UNKNOWN","SIDESWIPE SAME DIRECTION","NOT DIVIDED","UNABLE TO DETERMINE",41.925036971,-87.66851499
"617","none",2021-11-22 12:30:00,12,"NOT ON SCENE (DESK REPORT)",2,30,"CLEAR","DAYLIGHT","DRY","PARKED MOTOR VEHICLE","NOT DIVIDED","UNABLE TO DETERMINE",41.882121394,-87.728359205
"618","none",2021-11-22 12:30:00,12,"NOT ON SCENE (DESK REPORT)",2,30,"CLEAR","DAYLIGHT","DRY","TURNING","ONE-WAY","IMPROPER OVERTAKING/PASSING",41.892432364,-87.633943497
"619","none",2021-11-22 12:30:00,12,"ON SCENE",2,30,"CLEAR","DAYLIGHT","DRY","PARKED MOTOR VEHICLE","DIVIDED - W/MEDIAN (NOT RAISED)","IMPROPER OVERTAKING/PASSING",41.751084287,-87.610391288
"620","none",2021-11-22 12:30:00,12,"NOT ON SCENE (DESK REPORT)",2,30,"CLEAR","DAYLIGHT","DRY","REAR END","NOT DIVIDED","FOLLOWING TOO CLOSELY",41.707200088,-87.681793001
"621","none",2021-11-22 12:29:00,12,"ON SCENE",2,15,"CLEAR","DAYLIGHT","DRY","REAR END","ALLEY","OPERATING VEHICLE IN ERRATIC, RECKLESS, CARELESS, NEGLIGENT OR AGGRESSIVE MANNER",41.811832727,-87.66885075
"622","none",2021-11-22 12:20:00,12,"ON SCENE",2,25,"CLEAR","DAYLIGHT","DRY","REAR END","NOT DIVIDED","FOLLOWING TOO CLOSELY",41.854903784,-87.676066036
"623","none",2021-11-22 12:15:00,12,"ON SCENE",2,10,"CLEAR","DAYLIGHT","DRY","SIDESWIPE SAME DIRECTION","NOT DIVIDED","UNABLE TO DETERMINE",42.003547423,-87.815082365
"624","none",2021-11-22 12:05:00,12,"ON SCENE",2,15,"CLEAR","DAYLIGHT","UNKNOWN","PARKED MOTOR VEHICLE","PARKING LOT","UNABLE TO DETERMINE",41.870346524,-87.77412878
"625","none",2021-11-22 12:02:00,12,"NOT ON SCENE (DESK REPORT)",2,25,"UNKNOWN","DAYLIGHT","UNKNOWN","SIDESWIPE SAME DIRECTION","T-INTERSECTION","UNABLE TO DETERMINE",41.754232022,-87.550269666
"626","none",2021-11-22 12:01:00,12,"ON SCENE",2,15,"CLEAR","DAYLIGHT","DRY","PARKED MOTOR VEHICLE","NOT DIVIDED","FOLLOWING TOO CLOSELY",42.011884894,-87.685929822
"627","none",2021-11-22 12:00:00,12,"NOT ON SCENE (DESK REPORT)",2,30,"CLEAR","DAYLIGHT","UNKNOWN","PARKED MOTOR VEHICLE","DIVIDED - W/MEDIAN (NOT RAISED)","UNABLE TO DETERMINE",42.021448533,-87.666823318
"628","none",2021-11-22 12:00:00,12,"NOT ON SCENE (DESK REPORT)",2,30,"CLEAR","DAYLIGHT","DRY","SIDESWIPE SAME DIRECTION","ONE-WAY","UNABLE TO DETERMINE",41.941654534,-87.652451779
"629","none",2021-11-22 12:00:00,12,"ON SCENE",2,30,"CLEAR","DAYLIGHT","DRY","PARKED MOTOR VEHICLE","OTHER","UNABLE TO DETERMINE",41.867689923,-87.673259407
"630","none",2021-11-22 12:00:00,12,"ON SCENE",2,30,"CLEAR","DAYLIGHT","DRY","TURNING","FOUR WAY","UNABLE TO DETERMINE",41.913483316,-87.631808682
"631","none",2021-11-22 12:00:00,12,"ON SCENE",2,35,"CLEAR","DAYLIGHT","DRY","TURNING","DIVIDED - W/MEDIAN (NOT RAISED)","UNABLE TO DETERMINE",41.705009327,-87.701452701
"632","none",2021-11-22 11:50:00,11,"ON SCENE",2,30,"CLEAR","DAYLIGHT","DRY","PARKED MOTOR VEHICLE","DIVIDED - W/MEDIAN (NOT RAISED)","UNABLE TO DETERMINE",41.809002323,-87.643816999
"633","none",2021-11-22 11:45:00,11,"NOT ON SCENE (DESK REPORT)",2,30,"CLEAR","DAYLIGHT","DRY","REAR END","NOT DIVIDED","FOLLOWING TOO CLOSELY",41.736006565,-87.645341819
"634","none",2021-11-22 11:45:00,11,"NOT ON SCENE (DESK REPORT)",2,15,"CLEAR","DAYLIGHT","DRY","PARKED MOTOR VEHICLE","PARKING LOT","UNABLE TO DETERMINE",41.911946233,-87.736321081
"635","none",2021-11-22 11:45:00,11,"NOT ON SCENE (DESK REPORT)",2,30,"CLEAR","DARKNESS","DRY","PARKED MOTOR VEHICLE","NOT DIVIDED","UNABLE TO DETERMINE",41.893763455,-87.76817945
"636","none",2021-11-22 11:45:00,11,"NOT ON SCENE (DESK REPORT)",2,30,"CLEAR","DAYLIGHT","DRY","TURNING","NOT DIVIDED","FAILING TO YIELD RIGHT-OF-WAY",41.803391997,-87.611167198
"637","none",2021-11-22 11:42:00,11,"NOT ON SCENE (DESK REPORT)",2,20,"CLEAR","DAYLIGHT","DRY","PARKED MOTOR VEHICLE","PARKING LOT","DRIVING SKILLS/KNOWLEDGE/EXPERIENCE",41.785387445,-87.606183761
"638","none",2021-11-22 11:40:00,11,"NOT ON SCENE (DESK REPORT)",2,30,"CLEAR","DAYLIGHT","DRY","SIDESWIPE SAME DIRECTION","NOT DIVIDED","IMPROPER OVERTAKING/PASSING",41.750289678,-87.660425274
"639","none",2021-11-22 11:40:00,11,"NOT ON SCENE (DESK REPORT)",2,30,"CLEAR","DAYLIGHT","DRY","PARKED MOTOR VEHICLE","NOT DIVIDED","UNABLE TO DETERMINE",41.997519135,-87.695765002
"640","none",2021-11-22 11:30:00,11,"NOT ON SCENE (DESK REPORT)",2,30,"CLEAR","DAYLIGHT","DRY","REAR END","NOT DIVIDED","UNABLE TO DETERMINE",41.891339269,-87.745530907
"641","injuries",2021-11-22 11:20:00,11,"ON SCENE",2,30,"CLEAR","DAYLIGHT","DRY","SIDESWIPE SAME DIRECTION","NOT DIVIDED","FAILING TO YIELD RIGHT-OF-WAY",41.920931109,-87.648753013
"642","none",2021-11-22 11:20:00,11,"NOT ON SCENE (DESK REPORT)",2,30,"CLEAR","DAYLIGHT","DRY","SIDESWIPE SAME DIRECTION","DIVIDED - W/MEDIAN (NOT RAISED)","UNABLE TO DETERMINE",41.997091834,-87.76372081
"643","none",2021-11-22 11:05:00,11,"NOT ON SCENE (DESK REPORT)",2,30,"CLEAR","DAYLIGHT","DRY","REAR END","FOUR WAY","FOLLOWING TOO CLOSELY",41.856186511,-87.645027989
"644","none",2021-11-22 11:05:00,11,"ON SCENE",3,30,"CLEAR","DAYLIGHT","DRY","TURNING","DIVIDED - W/MEDIAN (NOT RAISED)","FAILING TO YIELD RIGHT-OF-WAY",41.984134612,-87.709307877
"645","none",2021-11-22 11:00:00,11,"NOT ON SCENE (DESK REPORT)",2,35,"CLEAR","DAYLIGHT","DRY","TURNING","NOT DIVIDED","FAILING TO YIELD RIGHT-OF-WAY",41.863739195,-87.623924134
"646","none",2021-11-22 10:51:00,10,"ON SCENE",2,30,"CLEAR","DAYLIGHT","DRY","PEDALCYCLIST","NOT DIVIDED","VISION OBSCURED (SIGNS, TREE LIMBS, BUILDINGS, ETC.)",41.869191596,-87.664013343
"647","injuries",2021-11-22 10:50:00,10,"ON SCENE",3,45,"CLEAR","DAYLIGHT","DRY","SIDESWIPE SAME DIRECTION","DIVIDED - W/MEDIAN BARRIER","IMPROPER OVERTAKING/PASSING",41.962027156,-87.646639661
"648","none",2021-11-22 10:40:00,10,"NOT ON SCENE (DESK REPORT)",2,30,"CLEAR","DAYLIGHT","DRY","PARKED MOTOR VEHICLE","ONE-WAY","UNABLE TO DETERMINE",41.776719092,-87.699278482
"649","none",2021-11-22 10:36:00,10,"ON SCENE",2,30,"CLEAR","DAYLIGHT","DRY","TURNING","DIVIDED - W/MEDIAN (NOT RAISED)","UNABLE TO DETERMINE",41.935352186,-87.639537245
"650","none",2021-11-22 10:30:00,10,"NOT ON SCENE (DESK REPORT)",2,30,"CLEAR","DAYLIGHT","DRY","TURNING","NOT DIVIDED","UNABLE TO DETERMINE",41.719191472,-87.651577456
"651","none",2021-11-22 10:30:00,10,"NOT ON SCENE (DESK REPORT)",2,30,"CLEAR","DAYLIGHT","DRY","PARKED MOTOR VEHICLE","PARKING LOT","UNABLE TO DETERMINE",41.736154969,-87.62984512
"652","none",2021-11-22 10:15:00,10,"NOT ON SCENE (DESK REPORT)",2,35,"CLEAR","DAYLIGHT","DRY","PARKED MOTOR VEHICLE","ONE-WAY","IMPROPER OVERTAKING/PASSING",41.746791005,-87.664414062
"653","none",2021-11-22 10:15:00,10,"NOT ON SCENE (DESK REPORT)",2,30,"CLEAR","DAYLIGHT","DRY","REAR END","NOT DIVIDED","FOLLOWING TOO CLOSELY",41.764566461,-87.697983479
"654","none",2021-11-22 10:05:00,10,"ON SCENE",2,30,"CLEAR","DAYLIGHT","DRY","TURNING","NOT DIVIDED","FAILING TO YIELD RIGHT-OF-WAY",41.97388857,-87.768663069
"655","none",2021-11-22 10:00:00,10,"NOT ON SCENE (DESK REPORT)",2,35,"CLEAR","DAYLIGHT","DRY","PARKED MOTOR VEHICLE","DIVIDED - W/MEDIAN (NOT RAISED)","IMPROPER OVERTAKING/PASSING",41.75110534,-87.61022602
"656","none",2021-11-22 10:00:00,10,"ON SCENE",2,30,"CLEAR","DAYLIGHT","DRY","ANGLE","NOT DIVIDED","DISREGARDING STOP SIGN",41.839992353,-87.645174441
"657","none",2021-11-22 09:55:00,9,"ON SCENE",2,30,"CLEAR","DAYLIGHT","DRY","SIDESWIPE SAME DIRECTION","ONE-WAY","FAILING TO YIELD RIGHT-OF-WAY",41.917238553,-87.702228868
"658","injuries",2021-11-22 09:54:00,9,"ON SCENE",1,15,"CLEAR","DAYLIGHT","DRY","FIXED OBJECT","ALLEY","PHYSICAL CONDITION OF DRIVER",41.793617347,-87.660232763
"659","none",2021-11-22 09:54:00,9,"ON SCENE",2,35,"CLEAR","DAYLIGHT","DRY","SIDESWIPE OPPOSITE DIRECTION","NOT DIVIDED","DISREGARDING TRAFFIC SIGNALS",41.793658483,-87.659865916
"660","none",2021-11-22 09:50:00,9,"UNKNOWN",2,30,"CLEAR","DAYLIGHT","DRY","TURNING","FOUR WAY","IMPROPER LANE USAGE",41.888432092,-87.624424687
"661","none",2021-11-22 09:50:00,9,"ON SCENE",2,30,"CLEAR","DAYLIGHT","DRY","REAR END","NOT DIVIDED","UNABLE TO DETERMINE",41.756843974,-87.585255044
"662","none",2021-11-22 09:49:00,9,"ON SCENE",2,30,"CLEAR","DAYLIGHT","DRY","TURNING","NOT DIVIDED","UNABLE TO DETERMINE",41.828718064,-87.724320605
"663","none",2021-11-22 09:48:00,9,"ON SCENE",2,30,"CLEAR","DAYLIGHT","DRY","TURNING","ONE-WAY","UNABLE TO DETERMINE",41.764628551,-87.624741081
"664","injuries",2021-11-22 09:45:00,9,"ON SCENE",2,35,"CLEAR","DAYLIGHT","DRY","REAR END","NOT DIVIDED","PHYSICAL CONDITION OF DRIVER",41.70791621,-87.583990125
"665","none",2021-11-22 09:39:00,9,"ON SCENE",1,30,"CLEAR","DAYLIGHT","DRY","FIXED OBJECT","DRIVEWAY","UNABLE TO DETERMINE",41.8529533,-87.632611642
"666","none",2021-11-22 09:35:00,9,"ON SCENE",2,30,"CLEAR","DAYLIGHT","DRY","REAR END","NOT DIVIDED","FOLLOWING TOO CLOSELY",41.713417827,-87.565942789
"667","none",2021-11-22 09:30:00,9,"ON SCENE",2,20,"CLEAR","DAYLIGHT","DRY","SIDESWIPE SAME DIRECTION","DIVIDED - W/MEDIAN (NOT RAISED)","IMPROPER OVERTAKING/PASSING",41.792404759,-87.784314041
"668","none",2021-11-22 09:30:00,9,"NOT ON SCENE (DESK REPORT)",2,30,"CLEAR","DAYLIGHT","DRY","REAR TO SIDE","RAMP","FAILING TO YIELD RIGHT-OF-WAY",41.89924865,-87.628346565
"669","none",2021-11-22 09:27:00,9,"ON SCENE",2,35,"CLEAR","DAYLIGHT","DRY","SIDESWIPE SAME DIRECTION","NOT DIVIDED","FOLLOWING TOO CLOSELY",42.007146669,-87.806834653
"670","none",2021-11-22 09:20:00,9,"NOT ON SCENE (DESK REPORT)",2,30,"CLEAR","DAYLIGHT","DRY","ANGLE","NOT DIVIDED","UNABLE TO DETERMINE",41.794255374,-87.622523916
"671","none",2021-11-22 09:15:00,9,"NOT ON SCENE (DESK REPORT)",2,30,"CLEAR","DAYLIGHT","DRY","REAR END","NOT DIVIDED","UNABLE TO DETERMINE",41.874339901,-87.735365359
"672","injuries",2021-11-22 09:10:00,9,"ON SCENE",2,30,"CLEAR","DAYLIGHT","DRY","SIDESWIPE SAME DIRECTION","DIVIDED - W/MEDIAN (NOT RAISED)","UNABLE TO DETERMINE",41.896224281,-87.664649593
"673","none",2021-11-22 09:10:00,9,"ON SCENE",2,35,"CLEAR","DAYLIGHT","DRY","TURNING","NOT DIVIDED","IMPROPER TURNING/NO SIGNAL",42.017319149,-87.689116583
"674","none",2021-11-22 09:06:00,9,"ON SCENE",2,30,"CLEAR","DAYLIGHT","DRY","PARKED MOTOR VEHICLE","FOUR WAY","DRIVING SKILLS/KNOWLEDGE/EXPERIENCE",41.75461697,-87.555081498
"675","none",2021-11-22 09:02:00,9,"ON SCENE",3,30,"CLEAR","DAYLIGHT","DRY","REAR END","NOT DIVIDED","FOLLOWING TOO CLOSELY",41.945850556,-87.807173959
"676","none",2021-11-22 09:00:00,9,"NOT ON SCENE (DESK REPORT)",2,30,"CLEAR","DAYLIGHT","DRY","SIDESWIPE SAME DIRECTION","ONE-WAY","FAILING TO YIELD RIGHT-OF-WAY",41.841995735,-87.731636741
"677","none",2021-11-22 09:00:00,9,"ON SCENE",2,25,"CLEAR","DAYLIGHT","DRY","PARKED MOTOR VEHICLE","PARKING LOT","UNABLE TO DETERMINE",41.931852083,-87.692927153
"678","none",2021-11-22 09:00:00,9,"NOT ON SCENE (DESK REPORT)",2,30,"UNKNOWN","UNKNOWN","UNKNOWN","REAR END","NOT DIVIDED","FOLLOWING TOO CLOSELY",41.818018746,-87.723790382
"679","injuries",2021-11-22 08:50:00,8,"ON SCENE",2,20,"CLEAR","DAYLIGHT","DRY","ANGLE","NOT DIVIDED","UNABLE TO DETERMINE",41.689007979,-87.613412204
"680","injuries",2021-11-22 08:49:00,8,"ON SCENE",1,30,"CLEAR","DAYLIGHT","DRY","FIXED OBJECT","DIVIDED - W/MEDIAN (NOT RAISED)","DRIVING SKILLS/KNOWLEDGE/EXPERIENCE",41.778794867,-87.720966494
"681","none",2021-11-22 08:45:00,8,"NOT ON SCENE (DESK REPORT)",2,30,"CLEAR","DAYLIGHT","DRY","REAR END","DIVIDED - W/MEDIAN (NOT RAISED)","UNABLE TO DETERMINE",41.917064352,-87.725944686
"682","none",2021-11-22 08:43:00,8,"ON SCENE",2,30,"CLEAR","DAYLIGHT","DRY","ANGLE","FOUR WAY","UNABLE TO DETERMINE",41.804856002,-87.674739263
"683","none",2021-11-22 08:43:00,8,"NOT ON SCENE (DESK REPORT)",1,25,"CLEAR","DAYLIGHT","UNKNOWN","FIXED OBJECT","FOUR WAY","UNABLE TO DETERMINE",41.65943704,-87.641439955
"684","none",2021-11-22 08:40:00,8,"NOT ON SCENE (DESK REPORT)",2,30,"CLEAR","DAYLIGHT","DRY","TURNING","NOT DIVIDED","UNABLE TO DETERMINE",41.713979499,-87.653512313
"685","none",2021-11-22 08:35:00,8,"ON SCENE",2,30,"CLEAR","DAYLIGHT","DRY","SIDESWIPE SAME DIRECTION","NOT DIVIDED","UNABLE TO DETERMINE",42.004384329,-87.806866041
"686","none",2021-11-22 08:30:00,8,"ON SCENE",2,30,"CLEAR","DAYLIGHT","DRY","REAR END","DIVIDED - W/MEDIAN (NOT RAISED)","FAILING TO REDUCE SPEED TO AVOID CRASH",41.975620633,-87.710112552
"687","none",2021-11-22 08:30:00,8,"NOT ON SCENE (DESK REPORT)",2,30,"CLEAR","DAYLIGHT","DRY","PARKED MOTOR VEHICLE","NOT DIVIDED","UNABLE TO DETERMINE",41.780561695,-87.683822675
"688","none",2021-11-22 08:15:00,8,"ON SCENE",2,30,"CLEAR","DAYLIGHT","DRY","SIDESWIPE SAME DIRECTION","DIVIDED - W/MEDIAN (NOT RAISED)","FAILING TO YIELD RIGHT-OF-WAY",41.85295257,-87.720008461
"689","injuries",2021-11-22 08:15:00,8,"ON SCENE",3,30,"CLEAR","DAYLIGHT","DRY","PEDESTRIAN","NOT DIVIDED","VISION OBSCURED (SIGNS, TREE LIMBS, BUILDINGS, ETC.)",41.931013217,-87.777117763
"690","none",2021-11-22 08:00:00,8,"NOT ON SCENE (DESK REPORT)",2,30,"CLEAR","UNKNOWN","UNKNOWN","PARKED MOTOR VEHICLE","ONE-WAY","UNABLE TO DETERMINE",41.984403375,-87.696816236
"691","none",2021-11-22 08:00:00,8,"NOT ON SCENE (DESK REPORT)",2,15,"CLEAR","DAYLIGHT","DRY","REAR TO FRONT","DRIVEWAY","IMPROPER BACKING",41.892931103,-87.726156828
"692","none",2021-11-22 08:00:00,8,"NOT ON SCENE (DESK REPORT)",2,30,"CLEAR","DAYLIGHT","DRY","PARKED MOTOR VEHICLE","NOT DIVIDED","UNABLE TO DETERMINE",41.829763207,-87.67419048
"693","none",2021-11-22 08:00:00,8,"NOT ON SCENE (DESK REPORT)",2,30,"CLEAR","DAYLIGHT","DRY","SIDESWIPE SAME DIRECTION","NOT DIVIDED","IMPROPER OVERTAKING/PASSING",41.903387876,-87.658309052
"694","none",2021-11-22 08:00:00,8,"NOT ON SCENE (DESK REPORT)",2,20,"CLEAR","UNKNOWN","DRY","PARKED MOTOR VEHICLE","PARKING LOT","UNABLE TO DETERMINE",41.874301044,-87.639082121
"695","injuries",2021-11-22 07:59:00,7,"ON SCENE",2,30,"CLEAR","DAYLIGHT","DRY","REAR END","NOT DIVIDED","UNABLE TO DETERMINE",41.88431185,-87.774645637
"696","none",2021-11-22 07:58:00,7,"ON SCENE",2,30,"CLEAR","DAYLIGHT","DRY","SIDESWIPE SAME DIRECTION","CENTER TURN LANE","UNABLE TO DETERMINE",41.768420118,-87.683493032
"697","none",2021-11-22 07:55:00,7,"NOT ON SCENE (DESK REPORT)",1,10,"UNKNOWN","UNKNOWN","UNKNOWN","FIXED OBJECT","OTHER","UNABLE TO DETERMINE",41.858372593,-87.627356171
"698","none",2021-11-22 07:52:00,7,"NOT ON SCENE (DESK REPORT)",2,30,"CLEAR","DAYLIGHT","UNKNOWN","ANGLE","NOT DIVIDED","UNABLE TO DETERMINE",41.767687732,-87.722630845
"699","none",2021-11-22 07:50:00,7,"ON SCENE",2,30,"CLEAR","DAYLIGHT","DRY","REAR END","NOT DIVIDED","FOLLOWING TOO CLOSELY",41.852938234,-87.637105321
"700","none",2021-11-22 07:47:00,7,"ON SCENE",2,20,"CLEAR","DAYLIGHT","DRY","PARKED MOTOR VEHICLE","NOT DIVIDED","NOT APPLICABLE",41.964555183,-87.721695222
"701","injuries",2021-11-22 07:45:00,7,"ON SCENE",4,30,"CLEAR","DAYLIGHT","DRY","PEDESTRIAN","FOUR WAY","UNABLE TO DETERMINE",41.982183622,-87.792652875
"702","none",2021-11-22 07:45:00,7,"NOT ON SCENE (DESK REPORT)",2,30,"UNKNOWN","UNKNOWN","UNKNOWN","PARKED MOTOR VEHICLE","NOT DIVIDED","UNABLE TO DETERMINE",41.887418678,-87.721111865
"703","none",2021-11-22 07:45:00,7,"ON SCENE",2,30,"CLEAR","DAYLIGHT","DRY","PARKED MOTOR VEHICLE","NOT DIVIDED","UNABLE TO DETERMINE",41.9124867,-87.685576049
"704","none",2021-11-22 07:44:00,7,"NOT ON SCENE (DESK REPORT)",2,35,"CLEAR","DAYLIGHT","DRY","ANGLE","OTHER","FAILING TO YIELD RIGHT-OF-WAY",41.713984242,-87.652760833
"705","none",2021-11-22 07:43:00,7,"NOT ON SCENE (DESK REPORT)",2,30,"CLEAR","DAYLIGHT","UNKNOWN","REAR END","NOT DIVIDED","UNABLE TO DETERMINE",41.946818742,-87.673564918
"706","none",2021-11-22 07:27:00,7,"NOT ON SCENE (DESK REPORT)",2,30,"CLEAR","DAYLIGHT","DRY","TURNING","NOT DIVIDED","DISREGARDING TRAFFIC SIGNALS",41.785888494,-87.723106591
"707","none",2021-11-22 07:25:00,7,"ON SCENE",3,30,"CLEAR","DARKNESS, LIGHTED ROAD","DRY","PARKED MOTOR VEHICLE","ONE-WAY","UNABLE TO DETERMINE",41.900295956,-87.753131845
"708","none",2021-11-22 07:20:00,7,"ON SCENE",2,30,"CLEAR","DAYLIGHT","DRY","TURNING","FOUR WAY","IMPROPER OVERTAKING/PASSING",41.778693235,-87.728926892
"709","none",2021-11-22 07:10:00,7,"NOT ON SCENE (DESK REPORT)",2,30,"CLEAR","DAYLIGHT","DRY","REAR END","DIVIDED - W/MEDIAN BARRIER","FOLLOWING TOO CLOSELY",41.954689241,-87.644974644
"710","none",2021-11-22 07:00:00,7,"ON SCENE",2,30,"CLEAR","DAYLIGHT","DRY","PARKED MOTOR VEHICLE","ONE-WAY","IMPROPER LANE USAGE",41.93404216,-87.755786483
"711","none",2021-11-22 07:00:00,7,"NOT ON SCENE (DESK REPORT)",2,30,"CLEAR","DAYLIGHT","DRY","SIDESWIPE SAME DIRECTION","RAMP","UNABLE TO DETERMINE",41.940270678,-87.638489907
"712","none",2021-11-22 07:00:00,7,"NOT ON SCENE (DESK REPORT)",2,30,"CLEAR","UNKNOWN","DRY","PARKED MOTOR VEHICLE","NOT DIVIDED","UNABLE TO DETERMINE",41.936979965,-87.761389314
"713","none",2021-11-22 07:00:00,7,"NOT ON SCENE (DESK REPORT)",2,30,"CLEAR","DAYLIGHT","DRY","SIDESWIPE SAME DIRECTION","ONE-WAY","FAILING TO YIELD RIGHT-OF-WAY",41.85759725,-87.644929773
"714","none",2021-11-22 06:50:00,6,"NOT ON SCENE (DESK REPORT)",2,30,"CLEAR","DAYLIGHT","DRY","SIDESWIPE SAME DIRECTION","NOT DIVIDED","FAILING TO YIELD RIGHT-OF-WAY",41.692691674,-87.6234674