"","injuries","crash_date","crash_hour","report_type","num_units","posted_speed_limit","weather_condition","lighting_condition","roadway_surface_cond","first_crash_type","trafficway_type","prim_contributory_cause","latitude","longitude"
"715","none",2021-11-22 06:45:00,6,"NOT ON SCENE (DESK REPORT)",2,20,"CLEAR","DAYLIGHT","DRY","ANGLE","ONE-WAY","FAILING TO YIELD RIGHT-OF-WAY",41.934559399,-87.778364384
"716","none",2021-11-22 06:40:00,6,"UNKNOWN",2,30,"CLEAR","DAYLIGHT","DRY","TURNING","NOT DIVIDED","FAILING TO YIELD RIGHT-OF-WAY",41.808047272,-87.704118822
"717","injuries",2021-11-22 06:30:00,6,"ON SCENE",1,30,"CLEAR","DAWN","DRY","OTHER OBJECT","DIVIDED - W/MEDIAN BARRIER","UNABLE TO DETERMINE",41.75835601,-87.653795953
"718","injuries",2021-11-22 06:30:00,6,"ON SCENE",2,40,"CLEAR","DAWN","DRY","REAR END","DIVIDED - W/MEDIAN BARRIER","NOT APPLICABLE",41.937889192,-87.634941784
"719","injuries",2021-11-22 06:15:00,6,"NOT ON SCENE (DESK REPORT)",2,40,"CLEAR","DARKNESS","DRY","TURNING","DIVIDED - W/MEDIAN (NOT RAISED)","UNABLE TO DETERMINE",41.735320601,-87.701227075
"720","none",2021-11-22 06:05:00,6,"ON SCENE",2,30,"CLEAR","DARKNESS, LIGHTED ROAD","DRY","HEAD ON","NOT DIVIDED","DRIVING ON WRONG SIDE/WRONG WAY",41.932106543,-87.68390458
"721","none",2021-11-22 05:45:00,5,"NOT ON SCENE (DESK REPORT)",2,30,"CLEAR","DARKNESS, LIGHTED ROAD","DRY","TURNING","NOT DIVIDED","IMPROPER LANE USAGE",41.964476724,-87.747608864
"722","none",2021-11-22 05:40:00,5,"ON SCENE",2,30,"CLEAR","DARKNESS, LIGHTED ROAD","DRY","TURNING","NOT DIVIDED","IMPROPER TURNING/NO SIGNAL",41.750054934,-87.682992203
"723","none",2021-11-22 05:30:00,5,"UNKNOWN",2,35,"CLEAR","DARKNESS, LIGHTED ROAD","DRY","SIDESWIPE SAME DIRECTION","DIVIDED - W/MEDIAN BARRIER","IMPROPER LANE USAGE",41.905850394,-87.633136311
"724","none",2021-11-22 05:20:00,5,"NOT ON SCENE (DESK REPORT)",2,10,"CLEAR","DARKNESS, LIGHTED ROAD","DRY","PARKED MOTOR VEHICLE","PARKING LOT","UNABLE TO DETERMINE",41.99186565,-87.709545083
"725","none",2021-11-22 05:00:00,5,"NOT ON SCENE (DESK REPORT)",2,30,"CLEAR","DAWN","DRY","PARKED MOTOR VEHICLE","NOT DIVIDED","UNABLE TO DETERMINE",41.899478361,-87.746679394
"726","none",2021-11-22 04:47:00,4,"ON SCENE",2,30,"CLEAR","DARKNESS, LIGHTED ROAD","DRY","ANGLE","FOUR WAY","UNABLE TO DETERMINE",41.802195996,-87.723391077
"727","none",2021-11-22 04:30:00,4,"NOT ON SCENE (DESK REPORT)",2,30,"CLEAR","DARKNESS, LIGHTED ROAD","DRY","PARKED MOTOR VEHICLE","NOT DIVIDED","FAILING TO REDUCE SPEED TO AVOID CRASH",41.948103226,-87.659333485
"728","none",2021-11-22 04:20:00,4,"NOT ON SCENE (DESK REPORT)",2,30,"CLEAR","DARKNESS, LIGHTED ROAD","DRY","PARKED MOTOR VEHICLE","NOT DIVIDED","NOT APPLICABLE",41.896802784,-87.632566102
"729","none",2021-11-22 04:00:00,4,"NOT ON SCENE (DESK REPORT)",2,30,"CLEAR","DARKNESS, LIGHTED ROAD","DRY","PARKED MOTOR VEHICLE","NOT DIVIDED","UNABLE TO DETERMINE",41.861001941,-87.649961362
"730","none",2021-11-22 04:00:00,4,"ON SCENE",2,30,"CLEAR","DARKNESS, LIGHTED ROAD","DRY","PARKED MOTOR VEHICLE","ONE-WAY","NOT APPLICABLE",41.70903957,-87.633781096
"731","none",2021-11-22 03:29:00,3,"ON SCENE",3,25,"CLEAR","DARKNESS, LIGHTED ROAD","DRY","PARKED MOTOR VEHICLE","ONE-WAY","NOT APPLICABLE",41.809166958,-87.693156772
"732","injuries",2021-11-22 03:07:00,3,"ON SCENE",1,30,"CLEAR","DARKNESS, LIGHTED ROAD","DRY","FIXED OBJECT","FOUR WAY","IMPROPER TURNING/NO SIGNAL",41.852752383,-87.624273831
"733","none",2021-11-22 02:50:00,2,"ON SCENE",2,30,"CLEAR","DARKNESS, LIGHTED ROAD","DRY","PARKED MOTOR VEHICLE","DIVIDED - W/MEDIAN BARRIER","DRIVING SKILLS/KNOWLEDGE/EXPERIENCE",41.896923644,-87.632568349
"734","injuries",2021-11-22 01:22:00,1,"ON SCENE",4,30,"CLEAR","DARKNESS, LIGHTED ROAD","DRY","REAR END","FIVE POINT, OR MORE","FAILING TO REDUCE SPEED TO AVOID CRASH",41.808120242,-87.712617521
"735","none",2021-11-22 01:20:00,1,"ON SCENE",3,30,"CLEAR","DARKNESS, LIGHTED ROAD","DRY","REAR END","T-INTERSECTION","FOLLOWING TOO CLOSELY",41.95296402,-87.79020523
"736","none",2021-11-22 01:15:00,1,"ON SCENE",3,35,"CLEAR","DARKNESS, LIGHTED ROAD","DRY","PARKED MOTOR VEHICLE","NOT DIVIDED","UNDER THE INFLUENCE OF ALCOHOL/DRUGS (USE WHEN ARREST IS EFFECTED)",41.938607189,-87.755425319
"737","injuries",2021-11-22 01:13:00,1,"ON SCENE",2,30,"CLEAR","DARKNESS, LIGHTED ROAD","DRY","PARKED MOTOR VEHICLE","DIVIDED - W/MEDIAN BARRIER","IMPROPER LANE USAGE",41.909970583,-87.633256109
"738","none",2021-11-22 01:00:00,1,"NOT ON SCENE (DESK REPORT)",2,30,"CLEAR","DARKNESS","DRY","PARKED MOTOR VEHICLE","ONE-WAY","UNABLE TO DETERMINE",41.697784822,-87.526853797
"739","none",2021-11-22 01:00:00,1,"NOT ON SCENE (DESK REPORT)",2,30,"CLEAR","DARKNESS, LIGHTED ROAD","DRY","PARKED MOTOR VEHICLE","ONE-WAY","UNABLE TO DETERMINE",41.752022381,-87.668481506
"740","none",2021-11-22 00:50:00,0,"NOT ON SCENE (DESK REPORT)",2,30,"UNKNOWN","DARKNESS, LIGHTED ROAD","UNKNOWN","REAR END","FOUR WAY","UNABLE TO DETERMINE",41.822567567,-87.723894024
"741","none",2021-11-22 00:44:00,0,"ON SCENE",1,30,"CLEAR","DARKNESS","DRY","FIXED OBJECT","DIVIDED - W/MEDIAN BARRIER","DISREGARDING ROAD MARKINGS",41.841141403,-87.695277214
"742","none",2021-11-22 00:40:00,0,"ON SCENE",1,55,"CLEAR","DARKNESS","DRY","FIXED OBJECT","ONE-WAY","UNABLE TO DETERMINE",41.772813565,-87.618003669
"743","none",2021-11-22 00:22:00,0,"ON SCENE",2,20,"CLEAR","DARKNESS, LIGHTED ROAD","DRY","TURNING","NOT DIVIDED","UNABLE TO DETERMINE",41.754660124,-87.741384759
"744","none",2021-11-22 00:12:00,0,"ON SCENE",2,30,"CLEAR","DARKNESS, LIGHTED ROAD","DRY","REAR END","NOT DIVIDED","UNABLE TO DETERMINE",41.751410473,-87.604031428
"745","none",2021-11-22 00:03:00,0,"ON SCENE",1,30,"CLEAR","DARKNESS, LIGHTED ROAD","DRY","FIXED OBJECT","DIVIDED - W/MEDIAN (NOT RAISED)","UNABLE TO DETERMINE",41.857501529,-87.685971438
"746","none",2021-11-22 00:02:00,0,"ON SCENE",3,30,"CLEAR","DARKNESS, LIGHTED ROAD","DRY","PARKED MOTOR VEHICLE","NOT DIVIDED","UNABLE TO DETERMINE",41.947286122,-87.801061561
"747","none",2021-11-21 23:40:00,23,"NOT ON SCENE (DESK REPORT)",2,30,"CLEAR","DARKNESS, LIGHTED ROAD","DRY","TURNING","FOUR WAY","FAILING TO YIELD RIGHT-OF-WAY",41.823787815,-87.629247963
"748","injuries",2021-11-21 23:25:00,23,"ON SCENE",1,30,"CLEAR","DARKNESS, LIGHTED ROAD","DRY","FIXED OBJECT","DIVIDED - W/MEDIAN (NOT RAISED)","UNABLE TO DETERMINE",41.719875693,-87.559986372
"749","none",2021-11-21 23:19:00,23,"ON SCENE",1,30,"CLEAR","DARKNESS, LIGHTED ROAD","DRY","FIXED OBJECT","NOT DIVIDED","FAILING TO REDUCE SPEED TO AVOID CRASH",41.942983122,-87.776246435
"750","none",2021-11-21 23:18:00,23,"ON SCENE",2,30,"CLEAR","DARKNESS","DRY","PARKED MOTOR VEHICLE","ONE-WAY","UNABLE TO DETERMINE",41.770204902,-87.687296801
"751","none",2021-11-21 23:10:00,23,"NOT ON SCENE (DESK REPORT)",1,30,"CLEAR","DARKNESS, LIGHTED ROAD","DRY","FIXED OBJECT","NOT DIVIDED","NOT APPLICABLE",41.860319325,-87.6238432
"752","injuries",2021-11-21 23:05:00,23,"ON SCENE",2,30,"CLEAR","DARKNESS, LIGHTED ROAD","DRY","ANGLE","DIVIDED - W/MEDIAN (NOT RAISED)","FAILING TO YIELD RIGHT-OF-WAY",41.721633303,-87.63842417
"753","none",2021-11-21 23:01:00,23,"NOT ON SCENE (DESK REPORT)",2,30,"CLEAR","DARKNESS, LIGHTED ROAD","DRY","PARKED MOTOR VEHICLE","NOT DIVIDED","UNABLE TO DETERMINE",41.981175845,-87.801298676
"754","none",2021-11-21 23:00:00,23,"NOT ON SCENE (DESK REPORT)",2,30,"CLEAR","DARKNESS, LIGHTED ROAD","UNKNOWN","TURNING","DIVIDED - W/MEDIAN (NOT RAISED)","DRIVING SKILLS/KNOWLEDGE/EXPERIENCE",41.852773715,-87.623952413
"755","none",2021-11-21 23:00:00,23,"ON SCENE",4,30,"CLEAR","DARKNESS, LIGHTED ROAD","DRY","PARKED MOTOR VEHICLE","NOT DIVIDED","UNABLE TO DETERMINE",41.821396174,-87.70434772
"756","none",2021-11-21 22:30:00,22,"NOT ON SCENE (DESK REPORT)",2,30,"CLEAR","DAYLIGHT","UNKNOWN","REAR END","NOT DIVIDED","UNABLE TO DETERMINE",41.903046998,-87.679119327
"757","none",2021-11-21 22:30:00,22,"NOT ON SCENE (DESK REPORT)",1,10,"CLEAR","DARKNESS, LIGHTED ROAD","DRY","OTHER OBJECT","DRIVEWAY","UNABLE TO DETERMINE",41.698930314,-87.686366604
"758","none",2021-11-21 22:29:00,22,"NOT ON SCENE (DESK REPORT)",1,10,"CLEAR","DARKNESS","DRY","FIXED OBJECT","OTHER","UNABLE TO DETERMINE",41.772098233,-87.664164618
"759","none",2021-11-21 22:15:00,22,"NOT ON SCENE (DESK REPORT)",2,30,"CLEAR","DARKNESS, LIGHTED ROAD","DRY","SIDESWIPE SAME DIRECTION","NOT DIVIDED","UNABLE TO DETERMINE",41.867069158,-87.645133963
"760","none",2021-11-21 22:00:00,22,"NOT ON SCENE (DESK REPORT)",2,35,"UNKNOWN","UNKNOWN","UNKNOWN","PARKED MOTOR VEHICLE","ONE-WAY","UNABLE TO DETERMINE",41.874621429,-87.713069996
"761","none",2021-11-21 21:54:00,21,"ON SCENE",2,30,"CLEAR","DARKNESS","DRY","SIDESWIPE SAME DIRECTION","ONE-WAY","UNABLE TO DETERMINE",41.674622761,-87.632322297
"762","none",2021-11-21 21:45:00,21,"NOT ON SCENE (DESK REPORT)",2,30,"CLEAR","DUSK","DRY","ANGLE","NOT DIVIDED","UNABLE TO DETERMINE",41.879420967,-87.671844767
"763","none",2021-11-21 21:45:00,21,"ON SCENE",2,30,"CLEAR","DARKNESS, LIGHTED ROAD","DRY","REAR END","NOT DIVIDED","FOLLOWING TOO CLOSELY",41.932363426,-87.680801751
"764","none",2021-11-21 21:15:00,21,"NOT ON SCENE (DESK REPORT)",2,35,"CLEAR","DARKNESS, LIGHTED ROAD","DRY","REAR TO SIDE","NOT DIVIDED","UNABLE TO DETERMINE",41.830562172,-87.652071457
"765","injuries",2021-11-21 21:15:00,21,"ON SCENE",2,30,"CLEAR","DARKNESS, LIGHTED ROAD","DRY","TURNING","DIVIDED - W/MEDIAN (NOT RAISED)","UNABLE TO DETERMINE",41.937917398,-87.806597165
"766","injuries",2021-11-21 21:15:00,21,"ON SCENE",2,30,"CLEAR","DARKNESS, LIGHTED ROAD","DRY","PEDESTRIAN","T-INTERSECTION","UNABLE TO DETERMINE",41.884276237,-87.75025444
"767","none",2021-11-21 21:00:00,21,"ON SCENE",4,30,"CLEAR","DARKNESS, LIGHTED ROAD","DRY","PARKED MOTOR VEHICLE","NOT DIVIDED","UNDER THE INFLUENCE OF ALCOHOL/DRUGS (USE WHEN ARREST IS EFFECTED)",41.649443452,-87.547389486
"768","none",2021-11-21 21:00:00,21,"NOT ON SCENE (DESK REPORT)",2,30,"CLEAR","DARKNESS","UNKNOWN","PARKED MOTOR VEHICLE","ONE-WAY","IMPROPER OVERTAKING/PASSING",41.899708837,-87.770280871
"769","none",2021-11-21 21:00:00,21,"NOT ON SCENE (DESK REPORT)",2,0,"CLEAR","DARKNESS, LIGHTED ROAD","DRY","PARKED MOTOR VEHICLE","ONE-WAY","UNABLE TO DETERMINE",41.763778667,-87.565306112
"770","none",2021-11-21 20:40:00,20,"UNKNOWN",2,30,"CLEAR","DARKNESS, LIGHTED ROAD","DRY","ANGLE","NOT DIVIDED","FAILING TO YIELD RIGHT-OF-WAY",41.748725425,-87.64413194
"771","injuries",2021-11-21 20:35:00,20,"ON SCENE",2,30,"CLEAR","DARKNESS, LIGHTED ROAD","DRY","TURNING","NOT DIVIDED","IMPROPER TURNING/NO SIGNAL",41.74851258,-87.704949925
"772","none",2021-11-21 20:27:00,20,"ON SCENE",2,30,"CLEAR","DARKNESS, LIGHTED ROAD","DRY","PARKED MOTOR VEHICLE","NOT DIVIDED","NOT APPLICABLE",41.783239249,-87.77267682
"773","none",2021-11-21 20:25:00,20,"NOT ON SCENE (DESK REPORT)",2,35,"UNKNOWN","UNKNOWN","UNKNOWN","HEAD ON","UNKNOWN","DRIVING SKILLS/KNOWLEDGE/EXPERIENCE",41.881380289,-87.679665467
"774","none",2021-11-21 20:21:00,20,"NOT ON SCENE (DESK REPORT)",2,35,"CLEAR","DARKNESS, LIGHTED ROAD","DRY","TURNING","DIVIDED - W/MEDIAN BARRIER","IMPROPER TURNING/NO SIGNAL",41.88443111,-87.636678005
"775","injuries",2021-11-21 20:21:00,20,"ON SCENE",2,30,"CLEAR","DARKNESS, LIGHTED ROAD","DRY","SIDESWIPE SAME DIRECTION","DIVIDED - W/MEDIAN (NOT RAISED)","IMPROPER LANE USAGE",41.761373316,-87.683004228
"776","none",2021-11-21 20:13:00,20,"ON SCENE",1,30,"CLEAR","DARKNESS","DRY","FIXED OBJECT","ONE-WAY","OPERATING VEHICLE IN ERRATIC, RECKLESS, CARELESS, NEGLIGENT OR AGGRESSIVE MANNER",41.767207534,-87.653106429
"777","none",2021-11-21 19:54:00,19,"NOT ON SCENE (DESK REPORT)",2,30,"CLEAR","DARKNESS, LIGHTED ROAD","DRY","PARKED MOTOR VEHICLE","NOT DIVIDED","DRIVING SKILLS/KNOWLEDGE/EXPERIENCE",41.909047834,-87.638675056
"778","none",2021-11-21 19:45:00,19,"NOT ON SCENE (DESK REPORT)",2,30,"CLEAR","DARKNESS, LIGHTED ROAD","DRY","TURNING","NOT DIVIDED","FAILING TO YIELD RIGHT-OF-WAY",41.736154969,-87.62984512
"779","none",2021-11-21 19:45:00,19,"NOT ON SCENE (DESK REPORT)",2,30,"CLEAR","DARKNESS, LIGHTED ROAD","DRY","PARKED MOTOR VEHICLE","NOT DIVIDED","UNABLE TO DETERMINE",41.968785131,-87.751557304
"780","none",2021-11-21 19:30:00,19,"NOT ON SCENE (DESK REPORT)",2,30,"UNKNOWN","DARKNESS, LIGHTED ROAD","UNKNOWN","TURNING","FOUR WAY","FAILING TO YIELD RIGHT-OF-WAY",41.925802351,-87.773411861
"781","none",2021-11-21 19:30:00,19,"NOT ON SCENE (DESK REPORT)",2,30,"CLEAR","DARKNESS, LIGHTED ROAD","DRY","SIDESWIPE SAME DIRECTION","ONE-WAY","IMPROPER OVERTAKING/PASSING",41.874975521,-87.654345896
"782","none",2021-11-21 19:10:00,19,"ON SCENE",2,30,"CLEAR","DARKNESS, LIGHTED ROAD","DRY","TURNING","ONE-WAY","IMPROPER TURNING/NO SIGNAL",41.715223933,-87.642983674
"783","none",2021-11-21 19:10:00,19,"NOT ON SCENE (DESK REPORT)",2,30,"CLEAR","DARKNESS, LIGHTED ROAD","DRY","SIDESWIPE SAME DIRECTION","NOT DIVIDED","UNABLE TO DETERMINE",41.867341496,-87.641414141
"784","none",2021-11-21 19:04:00,19,"ON SCENE",2,25,"CLEAR","DARKNESS, LIGHTED ROAD","DRY","ANGLE","NOT DIVIDED","FAILING TO YIELD RIGHT-OF-WAY",41.931009229,-87.794185401
"785","injuries",2021-11-21 19:04:00,19,"ON SCENE",2,30,"CLEAR","DARKNESS, LIGHTED ROAD","DRY","SIDESWIPE SAME DIRECTION","DIVIDED - W/MEDIAN (NOT RAISED)","FAILING TO YIELD RIGHT-OF-WAY",42.003491951,-87.660961379
"786","none",2021-11-21 19:00:00,19,"NOT ON SCENE (DESK REPORT)",2,30,"CLEAR","DARKNESS, LIGHTED ROAD","DRY","REAR END","NOT DIVIDED","UNABLE TO DETERMINE",41.756627513,-87.618786686
"787","none",2021-11-21 18:58:00,18,"ON SCENE",2,30,"CLEAR","DARKNESS, LIGHTED ROAD","DRY","SIDESWIPE SAME DIRECTION","NOT DIVIDED","UNABLE TO DETERMINE",41.769294357,-87.625744283
"788","none",2021-11-21 18:50:00,18,"ON SCENE",5,25,"CLEAR","DARKNESS, LIGHTED ROAD","DRY","ANGLE","FOUR WAY","DISREGARDING STOP SIGN",41.760207013,-87.611652118
"789","none",2021-11-21 18:48:00,18,"NOT ON SCENE (DESK REPORT)",2,30,"CLEAR","DARKNESS","DRY","TURNING","NOT DIVIDED","FAILING TO YIELD RIGHT-OF-WAY",41.880366319,-87.686481123
"790","injuries",2021-11-21 18:42:00,18,"ON SCENE",2,30,"CLEAR","DARKNESS, LIGHTED ROAD","DRY","TURNING","FOUR WAY","UNABLE TO DETERMINE",41.765398586,-87.626695501
"791","none",2021-11-21 18:41:00,18,"ON SCENE",2,30,"CLEAR","DARKNESS, LIGHTED ROAD","DRY","REAR TO FRONT","PARKING LOT","IMPROPER BACKING",41.909129671,-87.795296345
"792","none",2021-11-21 18:30:00,18,"NOT ON SCENE (DESK REPORT)",1,40,"UNKNOWN","DARKNESS, LIGHTED ROAD","UNKNOWN","OTHER NONCOLLISION","DIVIDED - W/MEDIAN BARRIER","ROAD ENGINEERING/SURFACE/MARKING DEFECTS",41.926870548,-87.631242426
"793","none",2021-11-21 18:30:00,18,"NOT ON SCENE (DESK REPORT)",2,30,"CLEAR","DARKNESS, LIGHTED ROAD","DRY","REAR END","DIVIDED - W/MEDIAN (NOT RAISED)","UNABLE TO DETERMINE",41.953416704,-87.738212348
"794","none",2021-11-21 18:25:00,18,"NOT ON SCENE (DESK REPORT)",2,10,"CLEAR","DARKNESS, LIGHTED ROAD","DRY","TURNING","PARKING LOT","IMPROPER BACKING",41.917815151,-87.668682229
"795","injuries",2021-11-21 18:22:00,18,"ON SCENE",2,30,"CLEAR","DARKNESS, LIGHTED ROAD","DRY","PEDESTRIAN","FOUR WAY","FAILING TO YIELD RIGHT-OF-WAY",41.932460035,-87.64914961
"796","none",2021-11-21 18:19:00,18,"ON SCENE",2,30,"CLEAR","DARKNESS, LIGHTED ROAD","DRY","ANGLE","NOT DIVIDED","FAILING TO YIELD RIGHT-OF-WAY",41.924953518,-87.693709372
"797","none",2021-11-21 18:17:00,18,"NOT ON SCENE (DESK REPORT)",2,30,"CLEAR","DAYLIGHT","DRY","PARKED MOTOR VEHICLE","ONE-WAY","UNABLE TO DETERMINE",41.760351909,-87.575079544
"798","none",2021-11-21 18:15:00,18,"ON SCENE",10,30,"CLEAR","DARKNESS, LIGHTED ROAD","UNKNOWN","PARKED MOTOR VEHICLE","OTHER","UNABLE TO DETERMINE",41.922723341,-87.759646
"799","none",2021-11-21 18:15:00,18,"ON SCENE",2,30,"CLEAR","DARKNESS","DRY","PARKED MOTOR VEHICLE","ONE-WAY","UNABLE TO DETERMINE",41.765219356,-87.590621901
"800","none",2021-11-21 18:10:00,18,"NOT ON SCENE (DESK REPORT)",2,15,"CLEAR","DARKNESS, LIGHTED ROAD","DRY","PARKED MOTOR VEHICLE","PARKING LOT","UNABLE TO DETERMINE",41.81237471,-87.723608404
"801","none",2021-11-21 18:06:00,18,"ON SCENE",2,35,"CLEAR","DARKNESS, LIGHTED ROAD","DRY","ANGLE","FOUR WAY","DISREGARDING STOP SIGN",41.744348778,-87.58297537
"802","none",2021-11-21 18:02:00,18,"ON SCENE",2,30,"CLEAR","DARKNESS, LIGHTED ROAD","DRY","REAR END","NOT DIVIDED","DISTRACTION - FROM INSIDE VEHICLE",41.751204532,-87.616305006
"803","none",2021-11-21 18:00:00,18,"NOT ON SCENE (DESK REPORT)",2,25,"CLEAR","DARKNESS, LIGHTED ROAD","DRY","REAR END","NOT DIVIDED","FOLLOWING TOO CLOSELY",41.916434982,-87.752053382
"804","none",2021-11-21 17:50:00,17,"ON SCENE",2,30,"OTHER","DARKNESS, LIGHTED ROAD","UNKNOWN","PARKED MOTOR VEHICLE","DIVIDED - W/MEDIAN (NOT RAISED)","UNABLE TO DETERMINE",41.887984826,-87.7701134
"805","none",2021-11-21 17:49:00,17,"NOT ON SCENE (DESK REPORT)",2,30,"CLEAR","DARKNESS, LIGHTED ROAD","DRY","REAR END","NOT DIVIDED","UNABLE TO DETERMINE",41.872168732,-87.630462113
"806","none",2021-11-21 17:30:00,17,"ON SCENE",2,30,"CLEAR","DARKNESS, LIGHTED ROAD","DRY","ANGLE","FOUR WAY","DISREGARDING TRAFFIC SIGNALS",41.79464233,-87.631843416
"807","none",2021-11-21 17:30:00,17,"NOT ON SCENE (DESK REPORT)",3,30,"CLEAR","DARKNESS, LIGHTED ROAD","DRY","PARKED MOTOR VEHICLE","DIVIDED - W/MEDIAN (NOT RAISED)","UNABLE TO DETERMINE",41.983999115,-87.699334769
"808","none",2021-11-21 17:30:00,17,"NOT ON SCENE (DESK REPORT)",2,30,"CLEAR","DARKNESS, LIGHTED ROAD","UNKNOWN","PARKED MOTOR VEHICLE","ONE-WAY","NOT APPLICABLE",41.744357293,-87.613378287
"809","none",2021-11-21 17:30:00,17,"ON SCENE",2,30,"CLEAR","DARKNESS, LIGHTED ROAD","DRY","SIDESWIPE SAME DIRECTION","NOT DIVIDED","IMPROPER OVERTAKING/PASSING",41.895925798,-87.66958598
"810","none",2021-11-21 17:30:00,17,"NOT ON SCENE (DESK REPORT)",2,30,"CLEAR","DUSK","DRY","SIDESWIPE SAME DIRECTION","DIVIDED - W/MEDIAN (NOT RAISED)","UNABLE TO DETERMINE",41.930901274,-87.785078907
"811","none",2021-11-21 17:30:00,17,"NOT ON SCENE (DESK REPORT)",2,30,"CLEAR","DARKNESS, LIGHTED ROAD","DRY","TURNING","T-INTERSECTION","IMPROPER TURNING/NO SIGNAL",41.724528041,-87.569159607
"812","none",2021-11-21 17:28:00,17,"NOT ON SCENE (DESK REPORT)",2,30,"CLEAR","DARKNESS","DRY","REAR END","NOT DIVIDED","NOT APPLICABLE",41.798778037,-87.742899031
"813","none",2021-11-21 17:23:00,17,"ON SCENE",2,30,"CLEAR","DARKNESS, LIGHTED ROAD","DRY","TURNING","FOUR WAY","FOLLOWING TOO CLOSELY",41.949915879,-87.740706428
"814","injuries",2021-11-21 17:22:00,17,"ON SCENE",4,30,"CLEAR","DARKNESS, LIGHTED ROAD","DRY","TURNING","NOT DIVIDED","FAILING TO YIELD RIGHT-OF-WAY",41.94802026,-87.806954675
"815","none",2021-11-21 17:20:00,17,"NOT ON SCENE (DESK REPORT)",2,30,"CLEAR","DAWN","DRY","PARKED MOTOR VEHICLE","PARKING LOT","UNABLE TO DETERMINE",41.696232528,-87.595806197
"816","none",2021-11-21 17:20:00,17,"NOT ON SCENE (DESK REPORT)",2,30,"CLEAR","UNKNOWN","DRY","PARKED MOTOR VEHICLE","NOT DIVIDED","UNABLE TO DETERMINE",41.890082174,-87.629461529
"817","none",2021-11-21 17:17:00,17,"ON SCENE",3,35,"CLEAR","DAYLIGHT","DRY","REAR END","NOT DIVIDED","FOLLOWING TOO CLOSELY",41.895879885,-87.672291449
"818","none",2021-11-21 17:15:00,17,"UNKNOWN",2,30,"CLEAR","DAYLIGHT","DRY","TURNING","NOT DIVIDED","FAILING TO YIELD RIGHT-OF-WAY",41.767687732,-87.722630845
"819","none",2021-11-21 17:15:00,17,"NOT ON SCENE (DESK REPORT)",2,30,"CLEAR","DARKNESS, LIGHTED ROAD","DRY","ANGLE","FOUR WAY","DISREGARDING STOP SIGN",41.72797047,-87.569555351
"820","none",2021-11-21 17:15:00,17,"NOT ON SCENE (DESK REPORT)",2,30,"CLEAR","DARKNESS","UNKNOWN","SIDESWIPE SAME DIRECTION","NOT DIVIDED","IMPROPER OVERTAKING/PASSING",41.91087562,-87.65819512
"821","none",2021-11-21 17:00:00,17,"NOT ON SCENE (DESK REPORT)",2,30,"CLEAR","DAYLIGHT","DRY","SIDESWIPE SAME DIRECTION","NOT DIVIDED","IMPROPER OVERTAKING/PASSING",41.886778991,-87.628118552
"822","none",2021-11-21 17:00:00,17,"ON SCENE",2,25,"CLEAR","DARKNESS, LIGHTED ROAD","DRY","PARKED MOTOR VEHICLE","ONE-WAY","UNABLE TO DETERMINE",41.92741915,-87.772799287
"823","none",2021-11-21 17:00:00,17,"NOT ON SCENE (DESK REPORT)",2,30,"CLEAR","DARKNESS, LIGHTED ROAD","DRY","ANGLE","NOT DIVIDED","DRIVING SKILLS/KNOWLEDGE/EXPERIENCE",41.851716704,-87.69558831
"824","none",2021-11-21 16:54:00,16,"NOT ON SCENE (DESK REPORT)",2,30,"CLEAR","DARKNESS, LIGHTED ROAD","DRY","PARKED MOTOR VEHICLE","NOT DIVIDED","UNABLE TO DETERMINE",41.83136567,-87.667828258
"825","none",2021-11-21 16:50:00,16,"ON SCENE",2,30,"CLEAR","DUSK","DRY","SIDESWIPE OPPOSITE DIRECTION","NOT DIVIDED","EQUIPMENT - VEHICLE CONDITION",41.946197405,-87.732386873
"826","none",2021-11-21 16:50:00,16,"NOT ON SCENE (DESK REPORT)",2,30,"UNKNOWN","UNKNOWN","UNKNOWN","TURNING","UNKNOWN","UNABLE TO DETERMINE",41.981205665,-87.836728554
"827","none",2021-11-21 16:45:00,16,"NOT ON SCENE (DESK REPORT)",2,30,"CLEAR","DUSK","DRY","TURNING","FOUR WAY","UNABLE TO DETERMINE",41.866457269,-87.710667332
"828","none",2021-11-21 16:30:00,16,"NOT ON SCENE (DESK REPORT)",2,30,"CLEAR","DUSK","DRY","SIDESWIPE SAME DIRECTION","NOT DIVIDED","UNABLE TO DETERMINE",41.88027517,-87.769843951
"829","none",2021-11-21 16:30:00,16,"ON SCENE",1,20,"CLEAR","DAYLIGHT","DRY","OTHER OBJECT","OTHER","UNABLE TO DETERMINE",41.878902062,-87.715683194
"830","none",2021-11-21 16:30:00,16,"ON SCENE",2,30,"CLEAR","DARKNESS, LIGHTED ROAD","DRY","TURNING","NOT DIVIDED","NOT APPLICABLE",41.882013293,-87.773443697