"","injuries","crash_date","crash_hour","report_type","num_units","posted_speed_limit","weather_condition","lighting_condition","roadway_surface_cond","first_crash_type","trafficway_type","prim_contributory_cause","latitude","longitude"
"831","none",2021-11-21 16:27:00,16,"ON SCENE",2,30,"CLEAR","DAYLIGHT","DRY","PARKED MOTOR VEHICLE","ONE-WAY","UNABLE TO DETERMINE",41.767691025,-87.575263092
"832","none",2021-11-21 16:23:00,16,"NOT ON SCENE (DESK REPORT)",2,30,"CLEAR","DARKNESS, LIGHTED ROAD","DRY","SIDESWIPE SAME DIRECTION","DIVIDED - W/MEDIAN BARRIER","NOT APPLICABLE",41.87557316,-87.626376112
"833","none",2021-11-21 16:20:00,16,"NOT ON SCENE (DESK REPORT)",1,15,"CLEAR","DAYLIGHT","DRY","FIXED OBJECT","ALLEY","UNABLE TO DETERMINE",41.919170582,-87.758309444
"834","none",2021-11-21 16:15:00,16,"NOT ON SCENE (DESK REPORT)",2,30,"CLEAR","DAYLIGHT","DRY","REAR END","DIVIDED - W/MEDIAN (NOT RAISED)","UNABLE TO DETERMINE",41.921817104,-87.783054917
"835","none",2021-11-21 16:03:00,16,"ON SCENE",2,35,"CLEAR","DUSK","DRY","PARKED MOTOR VEHICLE","NOT DIVIDED","UNABLE TO DETERMINE",41.737030992,-87.585086454
"836","none",2021-11-21 16:00:00,16,"NOT ON SCENE (DESK REPORT)",2,30,"CLEAR","DAYLIGHT","DRY","REAR END","NOT DIVIDED","FOLLOWING TOO CLOSELY",41.927229545,-87.785519193
"837","none",2021-11-21 16:00:00,16,"NOT ON SCENE (DESK REPORT)",2,15,"CLEAR","DARKNESS, LIGHTED ROAD","DRY","PARKED MOTOR VEHICLE","NOT DIVIDED","UNABLE TO DETERMINE",41.77167128,-87.650796394
"838","none",2021-11-21 16:00:00,16,"NOT ON SCENE (DESK REPORT)",2,30,"UNKNOWN","UNKNOWN","UNKNOWN","PARKED MOTOR VEHICLE","NOT DIVIDED","UNABLE TO DETERMINE",41.921094095,-87.713542299
"839","none",2021-11-21 15:55:00,15,"ON SCENE",2,30,"CLEAR","DAYLIGHT","DRY","ANGLE","FOUR WAY","DISREGARDING STOP SIGN",41.896846933,-87.758164443
"840","none",2021-11-21 15:54:00,15,"ON SCENE",2,30,"UNKNOWN","UNKNOWN","UNKNOWN","PARKED MOTOR VEHICLE","NOT DIVIDED","UNABLE TO DETERMINE",41.929461271,-87.773024333
"841","none",2021-11-21 15:52:00,15,"ON SCENE",2,30,"CLEAR","DAYLIGHT","DRY","REAR END","NOT DIVIDED","NOT APPLICABLE",41.90961625,-87.677588471
"842","none",2021-11-21 15:50:00,15,"NOT ON SCENE (DESK REPORT)",2,40,"CLEAR","DAYLIGHT","DRY","REAR END","DIVIDED - W/MEDIAN BARRIER","UNABLE TO DETERMINE",41.865140369,-87.618873771
"843","injuries",2021-11-21 15:50:00,15,"NOT ON SCENE (DESK REPORT)",2,30,"CLEAR","DAYLIGHT","UNKNOWN","REAR END","DIVIDED - W/MEDIAN (NOT RAISED)","UNABLE TO DETERMINE",41.9089214,-87.677567796
"844","none",2021-11-21 15:50:00,15,"NOT ON SCENE (DESK REPORT)",2,30,"UNKNOWN","UNKNOWN","UNKNOWN","PARKED MOTOR VEHICLE","NOT DIVIDED","UNABLE TO DETERMINE",41.790386671,-87.646417782
"845","none",2021-11-21 15:47:00,15,"NOT ON SCENE (DESK REPORT)",1,20,"CLEAR","DARKNESS, LIGHTED ROAD","DRY","OTHER OBJECT","DIVIDED - W/MEDIAN (NOT RAISED)","UNABLE TO DETERMINE",41.882493488,-87.757732495
"846","none",2021-11-21 15:45:00,15,"NOT ON SCENE (DESK REPORT)",2,15,"CLEAR","DAYLIGHT","DRY","PARKED MOTOR VEHICLE","PARKING LOT","IMPROPER BACKING",41.735258527,-87.704631511
"847","none",2021-11-21 15:30:00,15,"ON SCENE",2,30,"CLEAR","DAYLIGHT","DRY","PARKED MOTOR VEHICLE","DIVIDED - W/MEDIAN (NOT RAISED)","UNABLE TO DETERMINE",41.824449155,-87.697298224
"848","none",2021-11-21 15:30:00,15,"ON SCENE",2,30,"CLEAR","DAYLIGHT","DRY","TURNING","NOT DIVIDED","VISION OBSCURED (SIGNS, TREE LIMBS, BUILDINGS, ETC.)",41.714164245,-87.651848153
"849","injuries",2021-11-21 15:30:00,15,"NOT ON SCENE (DESK REPORT)",2,30,"CLEAR","DAYLIGHT","DRY","PARKED MOTOR VEHICLE","NOT DIVIDED","PHYSICAL CONDITION OF DRIVER",42.007023498,-87.67015018
"850","injuries",2021-11-21 15:26:00,15,"ON SCENE",2,30,"CLEAR","DAYLIGHT","DRY","ANGLE","CENTER TURN LANE","FAILING TO YIELD RIGHT-OF-WAY",41.917502996,-87.746286254
"851","none",2021-11-21 15:15:00,15,"NOT ON SCENE (DESK REPORT)",2,30,"CLEAR","DAYLIGHT","DRY","REAR END","OTHER","NOT APPLICABLE",41.891872123,-87.613773646
"852","injuries",2021-11-21 15:14:00,15,"ON SCENE",2,30,"CLEAR","DAYLIGHT","DRY","PEDESTRIAN","FOUR WAY","VISION OBSCURED (SIGNS, TREE LIMBS, BUILDINGS, ETC.)",41.764608912,-87.683387053
"853","none",2021-11-21 15:10:00,15,"NOT ON SCENE (DESK REPORT)",2,30,"CLEAR","DAYLIGHT","DRY","REAR END","NOT DIVIDED","UNABLE TO DETERMINE",41.910291811,-87.700714184
"854","none",2021-11-21 15:00:00,15,"NOT ON SCENE (DESK REPORT)",2,15,"CLEAR","DAYLIGHT","DRY","PARKED MOTOR VEHICLE","ONE-WAY","UNABLE TO DETERMINE",41.976201139,-87.905309125
"855","none",2021-11-21 15:00:00,15,"NOT ON SCENE (DESK REPORT)",2,30,"CLEAR","DAYLIGHT","DRY","TURNING","OTHER","DRIVING SKILLS/KNOWLEDGE/EXPERIENCE",41.808378408,-87.684570717
"856","none",2021-11-21 15:00:00,15,"NOT ON SCENE (DESK REPORT)",2,15,"CLEAR","DAYLIGHT","DRY","PARKED MOTOR VEHICLE","PARKING LOT","IMPROPER BACKING",41.993304187,-87.67026687
"857","none",2021-11-21 15:00:00,15,"NOT ON SCENE (DESK REPORT)",2,30,"CLEAR","DAYLIGHT","DRY","SIDESWIPE SAME DIRECTION","ONE-WAY","FAILING TO YIELD RIGHT-OF-WAY",42.006652856,-87.661575952
"858","none",2021-11-21 14:57:00,14,"NOT ON SCENE (DESK REPORT)",2,30,"CLEAR","DAYLIGHT","DRY","TURNING","NOT DIVIDED","NOT APPLICABLE",41.785888494,-87.723106591
"859","none",2021-11-21 14:44:00,14,"ON SCENE",2,25,"CLEAR","DAYLIGHT","DRY","ANGLE","NOT DIVIDED","FAILING TO YIELD RIGHT-OF-WAY",41.910800319,-87.805682715
"860","injuries",2021-11-21 14:44:00,14,"ON SCENE",2,30,"CLEAR","DAYLIGHT","DRY","ANGLE","NOT DIVIDED","DISREGARDING TRAFFIC SIGNALS",41.793478362,-87.674426221
"861","injuries",2021-11-21 14:40:00,14,"ON SCENE",2,15,"CLEAR","DAYLIGHT","DRY","PEDESTRIAN","PARKING LOT","FAILING TO REDUCE SPEED TO AVOID CRASH",41.90219105,-87.765507657
"862","none",2021-11-21 14:34:00,14,"NOT ON SCENE (DESK REPORT)",2,30,"CLEAR","DAYLIGHT","DRY","REAR END","NOT DIVIDED","UNABLE TO DETERMINE",41.915994071,-87.687517598
"863","none",2021-11-21 14:30:00,14,"NOT ON SCENE (DESK REPORT)",2,30,"CLEAR","DAYLIGHT","DRY","REAR END","NOT DIVIDED","UNABLE TO DETERMINE",41.895535995,-87.72003486
"864","none",2021-11-21 14:30:00,14,"NOT ON SCENE (DESK REPORT)",2,30,"CLEAR","DAYLIGHT","DRY","PARKED MOTOR VEHICLE","NOT DIVIDED","UNABLE TO DETERMINE",41.937801171,-87.786066392
"865","none",2021-11-21 14:30:00,14,"ON SCENE",2,30,"CLEAR","DAYLIGHT","DRY","TURNING","CENTER TURN LANE","UNABLE TO DETERMINE",41.925212328,-87.671925425
"866","none",2021-11-21 14:20:00,14,"NOT ON SCENE (DESK REPORT)",2,30,"CLEAR","DAYLIGHT","DRY","SIDESWIPE SAME DIRECTION","NOT DIVIDED","OPERATING VEHICLE IN ERRATIC, RECKLESS, CARELESS, NEGLIGENT OR AGGRESSIVE MANNER",41.753331265,-87.576170635
"867","none",2021-11-21 14:19:00,14,"ON SCENE",2,30,"CLEAR","DAYLIGHT","DRY","TURNING","DIVIDED - W/MEDIAN (NOT RAISED)","FAILING TO YIELD RIGHT-OF-WAY",41.799937542,-87.723208001
"868","none",2021-11-21 14:15:00,14,"ON SCENE",2,25,"CLEAR","DAYLIGHT","DRY","TURNING","FOUR WAY","UNABLE TO DETERMINE",41.850183118,-87.665863382
"869","none",2021-11-21 14:10:00,14,"ON SCENE",2,15,"CLEAR","DAYLIGHT","DRY","PARKED MOTOR VEHICLE","PARKING LOT","UNABLE TO DETERMINE",41.815526326,-87.664996318
"870","none",2021-11-21 14:10:00,14,"ON SCENE",2,30,"CLEAR","DAYLIGHT","DRY","PARKED MOTOR VEHICLE","NOT DIVIDED","UNABLE TO DETERMINE",41.957420792,-87.781966137
"871","none",2021-11-21 14:00:00,14,"NOT ON SCENE (DESK REPORT)",2,20,"CLEAR","DAYLIGHT","DRY","REAR TO FRONT","DIVIDED - W/MEDIAN (NOT RAISED)","UNABLE TO DETERMINE",41.972843505,-87.693594009
"872","none",2021-11-21 14:00:00,14,"NOT ON SCENE (DESK REPORT)",2,30,"CLEAR","DAYLIGHT","DRY","SIDESWIPE SAME DIRECTION","DIVIDED - W/MEDIAN (NOT RAISED)","UNABLE TO DETERMINE",41.894976481,-87.76366054
"873","none",2021-11-21 14:00:00,14,"NOT ON SCENE (DESK REPORT)",2,30,"CLEAR","DAYLIGHT","DRY","PARKED MOTOR VEHICLE","NOT DIVIDED","NOT APPLICABLE",41.929435417,-87.774720444
"874","none",2021-11-21 13:58:00,13,"NOT ON SCENE (DESK REPORT)",3,30,"CLEAR","DAYLIGHT","DRY","PARKED MOTOR VEHICLE","DIVIDED - W/MEDIAN (NOT RAISED)","UNABLE TO DETERMINE",41.953751029,-87.72839097
"875","none",2021-11-21 13:54:00,13,"NOT ON SCENE (DESK REPORT)",2,30,"CLEAR","DAYLIGHT","DRY","REAR END","NOT DIVIDED","FOLLOWING TOO CLOSELY",41.852957553,-87.632305217
"876","none",2021-11-21 13:50:00,13,"NOT ON SCENE (DESK REPORT)",2,30,"CLEAR","DAYLIGHT","DRY","SIDESWIPE SAME DIRECTION","NOT DIVIDED","NOT APPLICABLE",41.787359793,-87.630577438
"877","none",2021-11-21 13:50:00,13,"NOT ON SCENE (DESK REPORT)",2,15,"CLEAR","DAYLIGHT","DRY","PARKED MOTOR VEHICLE","PARKING LOT","IMPROPER BACKING",41.931469437,-87.743010632
"878","none",2021-11-21 13:45:00,13,"NOT ON SCENE (DESK REPORT)",2,30,"CLEAR","DAYLIGHT","DRY","SIDESWIPE SAME DIRECTION","DIVIDED - W/MEDIAN (NOT RAISED)","UNABLE TO DETERMINE",41.917147287,-87.736478264
"879","none",2021-11-21 13:45:00,13,"ON SCENE",2,55,"CLEAR","DAYLIGHT","DRY","REAR END","DIVIDED - W/MEDIAN BARRIER","FOLLOWING TOO CLOSELY",41.982274999,-87.875695425
"880","none",2021-11-21 13:40:00,13,"NOT ON SCENE (DESK REPORT)",2,30,"CLEAR","DAYLIGHT","DRY","REAR END","NOT DIVIDED","UNABLE TO DETERMINE",41.837945673,-87.645459827
"881","none",2021-11-21 13:30:00,13,"NOT ON SCENE (DESK REPORT)",2,30,"CLEAR","DAYLIGHT","DRY","TURNING","FOUR WAY","UNABLE TO DETERMINE",41.765584449,-87.617011937
"882","injuries",2021-11-21 13:21:00,13,"ON SCENE",3,40,"CLEAR","DAYLIGHT","DRY","REAR END","DIVIDED - W/MEDIAN BARRIER","FOLLOWING TOO CLOSELY",41.865685585,-87.619659125
"883","none",2021-11-21 13:15:00,13,"NOT ON SCENE (DESK REPORT)",2,30,"CLEAR","DAYLIGHT","DRY","SIDESWIPE SAME DIRECTION","NOT DIVIDED","IMPROPER OVERTAKING/PASSING",41.866360925,-87.773078486
"884","none",2021-11-21 13:10:00,13,"UNKNOWN",2,30,"CLEAR","DAYLIGHT","DRY","TURNING","NOT DIVIDED","IMPROPER TURNING/NO SIGNAL",41.904666532,-87.640604908
"885","none",2021-11-21 13:00:00,13,"NOT ON SCENE (DESK REPORT)",2,30,"CLEAR","UNKNOWN","UNKNOWN","PARKED MOTOR VEHICLE","NOT DIVIDED","UNABLE TO DETERMINE",41.87945346,-87.768243237
"886","none",2021-11-21 13:00:00,13,"ON SCENE",2,30,"CLEAR","DAYLIGHT","DRY","ANGLE","NOT DIVIDED","DISREGARDING STOP SIGN",41.811818878,-87.694458628
"887","none",2021-11-21 12:50:00,12,"ON SCENE",2,20,"RAIN","DAYLIGHT","DRY","SIDESWIPE SAME DIRECTION","ONE-WAY","VISION OBSCURED (SIGNS, TREE LIMBS, BUILDINGS, ETC.)",41.935021399,-87.739216386
"888","none",2021-11-21 12:45:00,12,"NOT ON SCENE (DESK REPORT)",2,15,"CLEAR","DAYLIGHT","UNKNOWN","TURNING","PARKING LOT","UNABLE TO DETERMINE",41.736380046,-87.627509219
"889","none",2021-11-21 12:45:00,12,"NOT ON SCENE (DESK REPORT)",2,30,"CLEAR","DAYLIGHT","DRY","REAR END","DIVIDED - W/MEDIAN (NOT RAISED)","UNABLE TO DETERMINE",41.875251994,-87.764534027
"890","none",2021-11-21 12:30:00,12,"ON SCENE",2,30,"CLEAR","DAYLIGHT","DRY","TURNING","NOT DIVIDED","UNABLE TO DETERMINE",41.9109156,-87.73871933
"891","none",2021-11-21 12:20:00,12,"ON SCENE",2,30,"CLEAR","DAYLIGHT","DRY","TURNING","DIVIDED - W/MEDIAN (NOT RAISED)","IMPROPER TURNING/NO SIGNAL",41.702624909,-87.53180398
"892","none",2021-11-21 12:15:00,12,"NOT ON SCENE (DESK REPORT)",2,30,"CLEAR","DAYLIGHT","DRY","TURNING","NOT DIVIDED","UNABLE TO DETERMINE",41.754855131,-87.73262259
"893","none",2021-11-21 12:15:00,12,"ON SCENE",2,15,"CLEAR","DAYLIGHT","DRY","SIDESWIPE SAME DIRECTION","PARKING LOT","UNABLE TO DETERMINE",41.862402425,-87.666418968
"894","none",2021-11-21 12:15:00,12,"NOT ON SCENE (DESK REPORT)",2,30,"CLEAR","DAYLIGHT","DRY","SIDESWIPE SAME DIRECTION","NOT DIVIDED","IMPROPER OVERTAKING/PASSING",41.867330511,-87.62756602
"895","none",2021-11-21 12:10:00,12,"ON SCENE",2,30,"CLEAR","DAYLIGHT","DRY","TURNING","ONE-WAY","DRIVING SKILLS/KNOWLEDGE/EXPERIENCE",41.772935585,-87.61197264
"896","none",2021-11-21 12:10:00,12,"NOT ON SCENE (DESK REPORT)",2,30,"CLEAR","DAYLIGHT","DRY","REAR END","FOUR WAY","FOLLOWING TOO CLOSELY",41.751339705,-87.585632266
"897","none",2021-11-21 12:00:00,12,"ON SCENE",3,30,"CLEAR","DAYLIGHT","DRY","ANGLE","ONE-WAY","FAILING TO YIELD RIGHT-OF-WAY",41.865884696,-87.693538167
"898","none",2021-11-21 12:00:00,12,"ON SCENE",2,30,"CLEAR","DAYLIGHT","DRY","ANGLE","DIVIDED - W/MEDIAN (NOT RAISED)","FAILING TO REDUCE SPEED TO AVOID CRASH",41.736261699,-87.629064716
"899","none",2021-11-21 11:56:00,11,"ON SCENE",2,30,"CLEAR","DAYLIGHT","DRY","TURNING","DIVIDED - W/MEDIAN (NOT RAISED)","IMPROPER TURNING/NO SIGNAL",41.909258433,-87.784921995
"900","none",2021-11-21 11:50:00,11,"ON SCENE",2,30,"CLEAR","DAYLIGHT","DRY","REAR END","DIVIDED - W/MEDIAN (NOT RAISED)","FOLLOWING TOO CLOSELY",41.949781661,-87.815891718
"901","none",2021-11-21 11:48:00,11,"ON SCENE",2,15,"CLEAR","DAYLIGHT","DRY","PARKED MOTOR VEHICLE","PARKING LOT","UNABLE TO DETERMINE",41.964611762,-87.708499442
"902","none",2021-11-21 11:46:00,11,"ON SCENE",4,30,"CLEAR","DAYLIGHT","DRY","TURNING","T-INTERSECTION","DISREGARDING TRAFFIC SIGNALS",41.775365089,-87.703200444
"903","none",2021-11-21 11:45:00,11,"ON SCENE",2,35,"CLEAR","DAYLIGHT","DRY","PARKED MOTOR VEHICLE","ONE-WAY","UNABLE TO DETERMINE",41.77386626,-87.640565316
"904","none",2021-11-21 11:45:00,11,"UNKNOWN",2,30,"CLEAR","DAYLIGHT","DRY","SIDESWIPE SAME DIRECTION","NOT DIVIDED","NOT APPLICABLE",41.987633256,-87.666382815
"905","none",2021-11-21 11:39:00,11,"ON SCENE",2,30,"CLEAR","DAYLIGHT","DRY","TURNING","DIVIDED - W/MEDIAN BARRIER","UNABLE TO DETERMINE",41.753843315,-87.666688607
"906","none",2021-11-21 11:30:00,11,"NOT ON SCENE (DESK REPORT)",2,30,"CLEAR","DAYLIGHT","DRY","TURNING","NOT DIVIDED","UNABLE TO DETERMINE",41.804325922,-87.704012636
"907","none",2021-11-21 11:04:00,11,"NOT ON SCENE (DESK REPORT)",2,30,"CLEAR","DAYLIGHT","DRY","SIDESWIPE SAME DIRECTION","NOT DIVIDED","DRIVING SKILLS/KNOWLEDGE/EXPERIENCE",41.751720239,-87.58535595
"908","none",2021-11-21 11:00:00,11,"NOT ON SCENE (DESK REPORT)",2,40,"CLEAR","DAYLIGHT","DRY","REAR END","DIVIDED - W/MEDIAN BARRIER","UNABLE TO DETERMINE",41.864116957,-87.618949975
"909","none",2021-11-21 10:50:00,10,"NOT ON SCENE (DESK REPORT)",2,30,"CLEAR","DAYLIGHT","DRY","TURNING","NOT DIVIDED","IMPROPER TURNING/NO SIGNAL",41.885981565,-87.732974766
"910","injuries",2021-11-21 10:44:00,10,"ON SCENE",3,30,"CLEAR","DAYLIGHT","DRY","REAR END","NOT DIVIDED","CELL PHONE USE OTHER THAN TEXTING",41.663182101,-87.641565265
"911","none",2021-11-21 10:30:00,10,"ON SCENE",2,30,"CLEAR","DAYLIGHT","DRY","ANGLE","FOUR WAY","UNABLE TO DETERMINE",41.771566413,-87.71724882
"912","injuries",2021-11-21 10:18:00,10,"ON SCENE",2,30,"CLOUDY/OVERCAST","DAYLIGHT","DRY","TURNING","FOUR WAY","UNABLE TO DETERMINE",41.779081505,-87.703260365
"913","none",2021-11-21 10:15:00,10,"NOT ON SCENE (DESK REPORT)",2,30,"CLEAR","DAYLIGHT","UNKNOWN","ANGLE","NOT DIVIDED","UNABLE TO DETERMINE",41.903723246,-87.775272131
"914","injuries",2021-11-21 10:10:00,10,"ON SCENE",2,35,"CLOUDY/OVERCAST","DAYLIGHT","WET","HEAD ON","NOT DIVIDED","UNABLE TO DETERMINE",41.713740013,-87.539776044
"915","none",2021-11-21 10:09:00,10,"NOT ON SCENE (DESK REPORT)",2,25,"UNKNOWN","UNKNOWN","UNKNOWN","REAR END","OTHER","UNABLE TO DETERMINE",41.661007809,-87.586081737
"916","none",2021-11-21 10:08:00,10,"ON SCENE",2,35,"CLEAR","DAYLIGHT","WET","REAR END","Y-INTERSECTION","NOT APPLICABLE",41.751611523,-87.585592284
"917","injuries",2021-11-21 10:05:00,10,"NOT ON SCENE (DESK REPORT)",2,30,"RAIN","DAYLIGHT","WET","TURNING","NOT DIVIDED","UNABLE TO DETERMINE",41.903617818,-87.657473635
"918","none",2021-11-21 10:00:00,10,"NOT ON SCENE (DESK REPORT)",2,30,"UNKNOWN","UNKNOWN","UNKNOWN","PARKED MOTOR VEHICLE","NOT DIVIDED","UNABLE TO DETERMINE",41.783579551,-87.73282656
"919","none",2021-11-21 09:54:00,9,"ON SCENE",2,30,"RAIN","DAYLIGHT","WET","TURNING","FOUR WAY","UNABLE TO DETERMINE",41.764813577,-87.683181572
"920","none",2021-11-21 09:45:00,9,"NOT ON SCENE (DESK REPORT)",2,30,"CLEAR","DAYLIGHT","DRY","REAR END","DIVIDED - W/MEDIAN BARRIER","FOLLOWING TOO CLOSELY",41.857986351,-87.61631898
"921","none",2021-11-21 09:45:00,9,"ON SCENE",2,20,"CLEAR","DAYLIGHT","WET","PARKED MOTOR VEHICLE","PARKING LOT","NOT APPLICABLE",41.798460676,-87.743508693
"922","none",2021-11-21 09:43:00,9,"NOT ON SCENE (DESK REPORT)",2,30,"CLEAR","DAYLIGHT","WET","REAR END","DIVIDED - W/MEDIAN (NOT RAISED)","FOLLOWING TOO CLOSELY",41.923786686,-87.771366947
"923","injuries",2021-11-21 09:40:00,9,"ON SCENE",2,30,"RAIN","DAYLIGHT","WET","REAR END","OTHER","FAILING TO REDUCE SPEED TO AVOID CRASH",41.659010813,-87.617155165
"924","none",2021-11-21 09:33:00,9,"ON SCENE",2,30,"CLEAR","DAYLIGHT","DRY","ANGLE","FOUR WAY","UNABLE TO DETERMINE",41.713787169,-87.53663321
"925","none",2021-11-21 09:30:00,9,"NOT ON SCENE (DESK REPORT)",2,30,"CLEAR","DAYLIGHT","DRY","ANGLE","NOT DIVIDED","DISREGARDING STOP SIGN",41.773798799,-87.673901174
"926","none",2021-11-21 09:25:00,9,"NOT ON SCENE (DESK REPORT)",2,30,"CLEAR","DAYLIGHT","WET","REAR END","NOT DIVIDED","FOLLOWING TOO CLOSELY",41.928759757,-87.707789707
"927","none",2021-11-21 09:25:00,9,"NOT ON SCENE (DESK REPORT)",2,30,"CLOUDY/OVERCAST","DAYLIGHT","DRY","SIDESWIPE SAME DIRECTION","NOT DIVIDED","VISION OBSCURED (SIGNS, TREE LIMBS, BUILDINGS, ETC.)",42.003236895,-87.660953168
"928","none",2021-11-21 09:23:00,9,"ON SCENE",2,30,"CLEAR","DAYLIGHT","WET","ANGLE","NOT DIVIDED","FAILING TO YIELD RIGHT-OF-WAY",41.953720977,-87.786734897
"929","none",2021-11-21 09:15:00,9,"ON SCENE",2,30,"RAIN","DAYLIGHT","WET","REAR END","NOT DIVIDED","UNABLE TO DETERMINE",41.903329558,-87.661278247
"930","none",2021-11-21 09:12:00,9,"ON SCENE",2,40,"RAIN","DAYLIGHT","WET","TURNING","NOT DIVIDED","WEATHER",41.775492419,-87.575054772
"931","none",2021-11-21 09:12:00,9,"NOT ON SCENE (DESK REPORT)",2,30,"RAIN","DAYLIGHT","WET","SIDESWIPE SAME DIRECTION","NOT DIVIDED","IMPROPER OVERTAKING/PASSING",41.985474168,-87.663318016
"932","none",2021-11-21 09:10:00,9,"ON SCENE",3,30,"RAIN","DAYLIGHT","WET","SIDESWIPE SAME DIRECTION","NOT DIVIDED","UNABLE TO DETERMINE",41.756156213,-87.647883202
"933","injuries",2021-11-21 09:10:00,9,"ON SCENE",2,30,"RAIN","DAYLIGHT","WET","ANGLE","DIVIDED - W/MEDIAN (NOT RAISED)","UNABLE TO DETERMINE",41.990463322,-87.711746575
"934","none",2021-11-21 09:00:00,9,"ON SCENE",2,20,"CLEAR","DARKNESS","DRY","PARKED MOTOR VEHICLE","ONE-WAY","UNABLE TO DETERMINE",41.689425276,-87.633693137
"935","none",2021-11-21 09:00:00,9,"NOT ON SCENE (DESK REPORT)",2,25,"CLEAR","UNKNOWN","DRY","PARKED MOTOR VEHICLE","NOT DIVIDED","UNABLE TO DETERMINE",41.957673918,-87.732743897
"936","none",2021-11-21 09:00:00,9,"NOT ON SCENE (DESK REPORT)",2,30,"CLEAR","DAYLIGHT","DRY","ANGLE","NOT DIVIDED","FAILING TO YIELD RIGHT-OF-WAY",41.714013642,-87.651980145
"937","none",2021-11-21 08:30:00,8,"NOT ON SCENE (DESK REPORT)",2,30,"CLEAR","DAYLIGHT","DRY","PARKED MOTOR VEHICLE","NOT DIVIDED","FAILING TO REDUCE SPEED TO AVOID CRASH",41.790234104,-87.694776645
"938","none",2021-11-21 08:20:00,8,"ON SCENE",2,40,"RAIN","DAYLIGHT","WET","ANGLE","NOT DIVIDED","DISREGARDING OTHER TRAFFIC SIGNS",41.867328391,-87.642264238
"939","injuries",2021-11-21 08:20:00,8,"ON SCENE",2,30,"RAIN","DAYLIGHT","WET","SIDESWIPE SAME DIRECTION","NOT DIVIDED","IMPROPER OVERTAKING/PASSING",41.890656797,-87.635476681
"940","none",2021-11-21 08:15:00,8,"NOT ON SCENE (DESK REPORT)",2,30,"RAIN","DAYLIGHT","WET","TURNING","NOT DIVIDED","UNABLE TO DETERMINE",41.890873913,-87.635630972
"941","none",2021-11-21 08:00:00,8,"NOT ON SCENE (DESK REPORT)",2,30,"UNKNOWN","UNKNOWN","UNKNOWN","PARKED MOTOR VEHICLE","ONE-WAY","UNABLE TO DETERMINE",41.93562219,-87.726279694
"942","none",2021-11-21 08:00:00,8,"ON SCENE",4,30,"RAIN","DAYLIGHT","WET","REAR END","NOT DIVIDED","OPERATING VEHICLE IN ERRATIC, RECKLESS, CARELESS, NEGLIGENT OR AGGRESSIVE MANNER",41.90332402,-87.755945409
"943","none",2021-11-21 08:00:00,8,"NOT ON SCENE (DESK REPORT)",2,25,"CLEAR","DAYLIGHT","DRY","PARKED MOTOR VEHICLE","ONE-WAY","UNABLE TO DETERMINE",41.777350355,-87.602964733
"944","none",2021-11-21 07:39:00,7,"ON SCENE",2,30,"CLEAR","DAYLIGHT","DRY","REAR END","T-INTERSECTION","PHYSICAL CONDITION OF DRIVER",41.677543941,-87.680856838
"945","none",2021-11-21 07:38:00,7,"NOT ON SCENE (DESK REPORT)",2,30,"CLEAR","DAYLIGHT","DRY","TURNING","DIVIDED - W/MEDIAN (NOT RAISED)","IMPROPER TURNING/NO SIGNAL",41.867248261,-87.645328478
"946","none",2021-11-21 07:25:00,7,"NOT ON SCENE (DESK REPORT)",2,30,"CLEAR","DAYLIGHT","DRY","REAR END","NOT DIVIDED","FOLLOWING TOO CLOSELY",41.874371615,-87.624379528
"947","injuries",2021-11-21 07:20:00,7,"ON SCENE",2,25,"CLOUDY/OVERCAST","DAYLIGHT","DRY","HEAD ON","NOT DIVIDED","UNDER THE INFLUENCE OF ALCOHOL/DRUGS (USE WHEN ARREST IS EFFECTED)",41.998095421,-87.675435275
"948","none",2021-11-21 07:18:00,7,"NOT ON SCENE (DESK REPORT)",2,30,"CLOUDY/OVERCAST","DAYLIGHT","WET","ANGLE","NOT DIVIDED","FAILING TO YIELD RIGHT-OF-WAY",41.973034153,-87.664517984
"949","none",2021-11-21 06:40:00,6,"ON SCENE",1,30,"CLEAR","DARKNESS, LIGHTED ROAD","DRY","OTHER OBJECT","NOT DIVIDED","IMPROPER TURNING/NO SIGNAL",41.852980265,-87.622397825
"950","injuries",2021-11-21 06:28:00,6,"ON SCENE",2,30,"CLEAR","DAYLIGHT","DRY","ANGLE","FOUR WAY","DISREGARDING STOP SIGN",41.877229991,-87.722984865
"951","none",2021-11-21 06:10:00,6,"ON SCENE",3,30,"CLEAR","DAWN","DRY","TURNING","FOUR WAY","FAILING TO YIELD RIGHT-OF-WAY",41.975480031,-87.745683444