"","injuries","crash_date","crash_hour","report_type","num_units","posted_speed_limit","weather_condition","lighting_condition","roadway_surface_cond","first_crash_type","trafficway_type","prim_contributory_cause","latitude","longitude"
"952","none",2021-11-21 05:45:00,5,"ON SCENE",2,30,"CLEAR","DARKNESS, LIGHTED ROAD","DRY","TURNING","DIVIDED - W/MEDIAN (NOT RAISED)","IMPROPER LANE USAGE",41.938531401,-87.778223883
"953","injuries",2021-11-21 05:18:00,5,"ON SCENE",2,25,"CLEAR","DARKNESS, LIGHTED ROAD","DRY","PEDESTRIAN","NOT DIVIDED","UNABLE TO DETERMINE",41.96892729,-87.658920235
"954","none",2021-11-21 05:17:00,5,"ON SCENE",2,30,"CLEAR","DARKNESS, LIGHTED ROAD","DRY","TURNING","FOUR WAY","FAILING TO YIELD RIGHT-OF-WAY",41.89601896,-87.677178616
"955","injuries",2021-11-21 05:10:00,5,"ON SCENE",3,20,"CLEAR","DARKNESS, LIGHTED ROAD","DRY","PARKED MOTOR VEHICLE","NOT DIVIDED","UNABLE TO DETERMINE",41.794494864,-87.758122075
"956","none",2021-11-21 04:50:00,4,"ON SCENE",4,25,"CLEAR","DARKNESS, LIGHTED ROAD","DRY","PARKED MOTOR VEHICLE","NOT DIVIDED","UNABLE TO DETERMINE",41.942866072,-87.704004035
"957","none",2021-11-21 04:40:00,4,"ON SCENE",2,30,"CLEAR","DARKNESS, LIGHTED ROAD","DRY","PARKED MOTOR VEHICLE","FOUR WAY","NOT APPLICABLE",41.947121664,-87.667510921
"958","none",2021-11-21 04:40:00,4,"ON SCENE",2,30,"CLEAR","DARKNESS, LIGHTED ROAD","DRY","PARKED MOTOR VEHICLE","NOT DIVIDED","UNABLE TO DETERMINE",41.720803715,-87.646692354
"959","none",2021-11-21 04:30:00,4,"ON SCENE",2,30,"CLEAR","DARKNESS, LIGHTED ROAD","DRY","PARKED MOTOR VEHICLE","NOT DIVIDED","UNABLE TO DETERMINE",41.701591557,-87.701034222
"960","none",2021-11-21 04:15:00,4,"ON SCENE",3,30,"CLEAR","DARKNESS, LIGHTED ROAD","DRY","REAR END","NOT DIVIDED","UNABLE TO DETERMINE",41.895546017,-87.718817867
"961","none",2021-11-21 04:15:00,4,"NOT ON SCENE (DESK REPORT)",2,30,"CLEAR","DARKNESS, LIGHTED ROAD","DRY","REAR END","NOT DIVIDED","FOLLOWING TOO CLOSELY",41.858062658,-87.646795272
"962","none",2021-11-21 04:14:00,4,"ON SCENE",3,30,"CLEAR","DARKNESS, LIGHTED ROAD","DRY","SIDESWIPE OPPOSITE DIRECTION","NOT DIVIDED","UNDER THE INFLUENCE OF ALCOHOL/DRUGS (USE WHEN ARREST IS EFFECTED)",41.917218139,-87.756835605
"963","none",2021-11-21 04:00:00,4,"NOT ON SCENE (DESK REPORT)",2,30,"CLEAR","DARKNESS, LIGHTED ROAD","DRY","PARKED MOTOR VEHICLE","DIVIDED - W/MEDIAN (NOT RAISED)","NOT APPLICABLE",41.923996322,-87.75620397
"964","none",2021-11-21 04:00:00,4,"NOT ON SCENE (DESK REPORT)",2,30,"CLEAR","DARKNESS, LIGHTED ROAD","DRY","ANGLE","DIVIDED - W/MEDIAN (NOT RAISED)","FAILING TO YIELD RIGHT-OF-WAY",41.87515478,-87.673755882
"965","none",2021-11-21 03:58:00,3,"ON SCENE",3,30,"CLEAR","DARKNESS, LIGHTED ROAD","DRY","PARKED MOTOR VEHICLE","NOT DIVIDED","UNABLE TO DETERMINE",41.876422293,-87.764867545
"966","none",2021-11-21 03:51:00,3,"ON SCENE",2,30,"CLEAR","DARKNESS","DRY","PARKED MOTOR VEHICLE","PARKING LOT","IMPROPER BACKING",41.950347693,-87.807329446
"967","none",2021-11-21 03:50:00,3,"NOT ON SCENE (DESK REPORT)",2,30,"CLEAR","DARKNESS, LIGHTED ROAD","DRY","ANGLE","DIVIDED - W/MEDIAN (NOT RAISED)","UNABLE TO DETERMINE",41.817680117,-87.665333633
"968","injuries",2021-11-21 03:40:00,3,"ON SCENE",3,30,"CLEAR","DARKNESS, LIGHTED ROAD","DRY","PARKED MOTOR VEHICLE","ONE-WAY","DISTRACTION - FROM OUTSIDE VEHICLE",41.825555991,-87.631529277
"969","none",2021-11-21 03:30:00,3,"NOT ON SCENE (DESK REPORT)",2,30,"CLEAR","DARKNESS, LIGHTED ROAD","DRY","SIDESWIPE SAME DIRECTION","NOT DIVIDED","IMPROPER OVERTAKING/PASSING",41.860929115,-87.623859038
"970","injuries",2021-11-21 03:20:00,3,"ON SCENE",2,30,"CLEAR","DARKNESS, LIGHTED ROAD","DRY","ANGLE","FOUR WAY","DISREGARDING TRAFFIC SIGNALS",41.75593733,-87.649177065
"971","none",2021-11-21 03:15:00,3,"ON SCENE",2,30,"CLEAR","DARKNESS, LIGHTED ROAD","DRY","PARKED MOTOR VEHICLE","NOT DIVIDED","FAILING TO REDUCE SPEED TO AVOID CRASH",41.880033142,-87.774507097
"972","none",2021-11-21 03:00:00,3,"NOT ON SCENE (DESK REPORT)",2,15,"CLEAR","DARKNESS, LIGHTED ROAD","DRY","PARKED MOTOR VEHICLE","NOT DIVIDED","UNABLE TO DETERMINE",41.760773567,-87.707712327
"973","none",2021-11-21 03:00:00,3,"NOT ON SCENE (DESK REPORT)",2,35,"UNKNOWN","UNKNOWN","UNKNOWN","REAR END","UNKNOWN","UNABLE TO DETERMINE",41.722257273,-87.585275565
"974","injuries",2021-11-21 02:58:00,2,"ON SCENE",2,30,"CLEAR","DARKNESS, LIGHTED ROAD","DRY","PEDALCYCLIST","FOUR WAY","UNABLE TO DETERMINE",41.916100267,-87.682338881
"975","none",2021-11-21 02:50:00,2,"NOT ON SCENE (DESK REPORT)",2,30,"CLEAR","DARKNESS, LIGHTED ROAD","DRY","SIDESWIPE SAME DIRECTION","ONE-WAY","IMPROPER OVERTAKING/PASSING",41.893282026,-87.635203823
"976","none",2021-11-21 02:44:00,2,"ON SCENE",2,20,"CLEAR","DARKNESS, LIGHTED ROAD","DRY","REAR TO FRONT","NOT DIVIDED","UNABLE TO DETERMINE",41.887406788,-87.711050437
"977","none",2021-11-21 02:27:00,2,"ON SCENE",2,25,"CLEAR","DARKNESS, LIGHTED ROAD","DRY","SIDESWIPE OPPOSITE DIRECTION","NOT DIVIDED","UNDER THE INFLUENCE OF ALCOHOL/DRUGS (USE WHEN ARREST IS EFFECTED)",42.004612435,-87.665856829
"978","none",2021-11-21 02:26:00,2,"ON SCENE",4,30,"CLEAR","DARKNESS","DRY","PARKED MOTOR VEHICLE","ONE-WAY","UNABLE TO DETERMINE",41.727300033,-87.58777223
"979","none",2021-11-21 02:06:00,2,"ON SCENE",2,30,"CLEAR","DARKNESS, LIGHTED ROAD","UNKNOWN","PARKED MOTOR VEHICLE","ONE-WAY","DRIVING SKILLS/KNOWLEDGE/EXPERIENCE",41.884334926,-87.63953549
"980","injuries",2021-11-21 02:01:00,2,"ON SCENE",2,30,"CLEAR","DARKNESS, LIGHTED ROAD","DRY","PEDALCYCLIST","DIVIDED - W/MEDIAN BARRIER","FAILING TO YIELD RIGHT-OF-WAY",41.875552544,-87.630854222
"981","injuries",2021-11-21 01:55:00,1,"ON SCENE",3,30,"CLEAR","DARKNESS, LIGHTED ROAD","DRY","HEAD ON","NOT DIVIDED","UNABLE TO DETERMINE",41.899893848,-87.662628756
"982","injuries",2021-11-21 01:52:00,1,"ON SCENE",1,30,"CLEAR","DARKNESS, LIGHTED ROAD","DRY","FIXED OBJECT","DIVIDED - W/MEDIAN (NOT RAISED)","IMPROPER TURNING/NO SIGNAL",41.769315542,-87.624845274
"983","none",2021-11-21 01:52:00,1,"NOT ON SCENE (DESK REPORT)",2,30,"CLEAR","DAYLIGHT","DRY","REAR TO FRONT","NOT DIVIDED","DRIVING SKILLS/KNOWLEDGE/EXPERIENCE",41.891601285,-87.629796705
"984","injuries",2021-11-21 01:50:00,1,"ON SCENE",2,30,"CLEAR","DARKNESS","DRY","REAR END","UNKNOWN INTERSECTION TYPE","UNDER THE INFLUENCE OF ALCOHOL/DRUGS (USE WHEN ARREST IS EFFECTED)",41.845121608,-87.680700059
"985","injuries",2021-11-21 01:50:00,1,"ON SCENE",2,30,"CLEAR","DARKNESS, LIGHTED ROAD","DRY","TURNING","NOT DIVIDED","UNABLE TO DETERMINE",41.900769958,-87.662675878
"986","none",2021-11-21 01:40:00,1,"NOT ON SCENE (DESK REPORT)",2,30,"CLEAR","DARKNESS, LIGHTED ROAD","DRY","ANGLE","NOT DIVIDED","UNABLE TO DETERMINE",41.872895537,-87.754952034
"987","none",2021-11-21 01:35:00,1,"NOT ON SCENE (DESK REPORT)",2,30,"CLEAR","DARKNESS, LIGHTED ROAD","DRY","REAR END","NOT DIVIDED","FAILING TO REDUCE SPEED TO AVOID CRASH",41.919517701,-87.775421578
"988","none",2021-11-21 01:34:00,1,"ON SCENE",1,10,"CLEAR","DARKNESS, LIGHTED ROAD","DRY","OTHER OBJECT","PARKING LOT","UNDER THE INFLUENCE OF ALCOHOL/DRUGS (USE WHEN ARREST IS EFFECTED)",41.831639904,-87.616827357
"989","none",2021-11-21 01:30:00,1,"NOT ON SCENE (DESK REPORT)",2,25,"UNKNOWN","UNKNOWN","UNKNOWN","PARKED MOTOR VEHICLE","UNKNOWN","NOT APPLICABLE",41.74822016,-87.550260134
"990","none",2021-11-21 01:27:00,1,"ON SCENE",3,30,"CLEAR","DARKNESS, LIGHTED ROAD","DRY","SIDESWIPE SAME DIRECTION","NOT DIVIDED","UNABLE TO DETERMINE",41.977146035,-87.790153517
"991","none",2021-11-21 01:20:00,1,"ON SCENE",3,30,"UNKNOWN","DARKNESS, LIGHTED ROAD","UNKNOWN","PARKED MOTOR VEHICLE","NOT DIVIDED","IMPROPER LANE USAGE",41.956351567,-87.781635194
"992","none",2021-11-21 01:17:00,1,"ON SCENE",2,30,"CLEAR","DARKNESS, LIGHTED ROAD","DRY","ANGLE","NOT DIVIDED","NOT APPLICABLE",41.871289049,-87.745001472
"993","injuries",2021-11-21 01:11:00,1,"ON SCENE",2,25,"CLEAR","DARKNESS","DRY","ANGLE","FOUR WAY","FAILING TO YIELD RIGHT-OF-WAY",41.757126368,-87.562844923
"994","none",2021-11-21 01:00:00,1,"ON SCENE",4,30,"CLEAR","DARKNESS, LIGHTED ROAD","DRY","PARKED MOTOR VEHICLE","ONE-WAY","UNABLE TO DETERMINE",41.90430353,-87.725283308
"995","none",2021-11-21 01:00:00,1,"ON SCENE",2,15,"UNKNOWN","UNKNOWN","UNKNOWN","PARKED MOTOR VEHICLE","ONE-WAY","UNABLE TO DETERMINE",41.961177038,-87.716664492
"996","none",2021-11-21 00:50:00,0,"ON SCENE",2,30,"CLEAR","DARKNESS, LIGHTED ROAD","DRY","SIDESWIPE SAME DIRECTION","NOT DIVIDED","UNABLE TO DETERMINE",41.923794426,-87.646664942
"997","none",2021-11-21 00:45:00,0,"ON SCENE",2,30,"CLEAR","DARKNESS, LIGHTED ROAD","DRY","REAR END","NOT DIVIDED","FOLLOWING TOO CLOSELY",41.75139154,-87.585443631
"998","none",2021-11-21 00:44:00,0,"ON SCENE",2,30,"CLEAR","DARKNESS, LIGHTED ROAD","DRY","ANGLE","FOUR WAY","UNABLE TO DETERMINE",41.787029252,-87.652322797
"999","none",2021-11-21 00:42:00,0,"ON SCENE",2,30,"CLEAR","DARKNESS, LIGHTED ROAD","DRY","PARKED MOTOR VEHICLE","NOT DIVIDED","UNABLE TO DETERMINE",41.761512072,-87.566573423
"1000","none",2021-11-21 00:41:00,0,"ON SCENE",1,30,"CLEAR","DARKNESS, LIGHTED ROAD","DRY","FIXED OBJECT","OTHER","UNABLE TO DETERMINE",41.754660124,-87.741384759
"1001","none",2021-11-21 00:37:00,0,"NOT ON SCENE (DESK REPORT)",2,30,"CLEAR","DARKNESS, LIGHTED ROAD","DRY","ANGLE","NOT DIVIDED","DISREGARDING STOP SIGN",41.86511055,-87.661665323
"1002","none",2021-11-21 00:31:00,0,"ON SCENE",2,30,"CLEAR","DARKNESS, LIGHTED ROAD","DRY","REAR END","DIVIDED - W/MEDIAN (NOT RAISED)","TEXTING",41.837468785,-87.695178072
"1003","injuries",2021-11-21 00:30:00,0,"ON SCENE",1,30,"CLEAR","DARKNESS, LIGHTED ROAD","DRY","FIXED OBJECT","ONE-WAY","EQUIPMENT - VEHICLE CONDITION",41.721770139,-87.623795102
"1004","injuries",2021-11-21 00:30:00,0,"ON SCENE",2,40,"CLEAR","DARKNESS, LIGHTED ROAD","DRY","REAR END","DIVIDED - W/MEDIAN BARRIER","FAILING TO REDUCE SPEED TO AVOID CRASH",41.910943878,-87.626392797
"1005","none",2021-11-21 00:30:00,0,"NOT ON SCENE (DESK REPORT)",2,30,"CLEAR","DARKNESS, LIGHTED ROAD","DRY","PARKED MOTOR VEHICLE","NOT DIVIDED","UNABLE TO DETERMINE",41.876772487,-87.647788289
"1006","none",2021-11-21 00:19:00,0,"ON SCENE",2,30,"UNKNOWN","UNKNOWN","UNKNOWN","SIDESWIPE SAME DIRECTION","UNKNOWN","IMPROPER OVERTAKING/PASSING",41.881936675,-87.62925348
"1007","none",2021-11-21 00:16:00,0,"ON SCENE",1,20,"CLEAR","DARKNESS, LIGHTED ROAD","DRY","FIXED OBJECT","OTHER","UNABLE TO DETERMINE",41.762317172,-87.712908749
"1008","injuries",2021-11-21 00:15:00,0,"ON SCENE",2,35,"CLEAR","DARKNESS, LIGHTED ROAD","DRY","SIDESWIPE SAME DIRECTION","OTHER","NOT APPLICABLE",41.876775163,-87.647613428
"1009","none",2021-11-21 00:09:00,0,"NOT ON SCENE (DESK REPORT)",2,30,"CLEAR","DARKNESS, LIGHTED ROAD","DRY","SIDESWIPE SAME DIRECTION","DIVIDED - W/MEDIAN BARRIER","UNABLE TO DETERMINE",41.900437832,-87.624338884
"1010","none",2021-11-21 00:05:00,0,"NOT ON SCENE (DESK REPORT)",2,30,"CLEAR","DARKNESS, LIGHTED ROAD","DRY","ANGLE","NOT DIVIDED","IMPROPER OVERTAKING/PASSING",41.927677655,-87.756131069
"1011","none",2021-11-21 00:01:00,0,"ON SCENE",2,25,"UNKNOWN","DARKNESS, LIGHTED ROAD","UNKNOWN","PARKED MOTOR VEHICLE","NOT DIVIDED","UNABLE TO DETERMINE",41.927934423,-87.662050344
"1012","none",2021-11-21 00:00:00,0,"ON SCENE",2,25,"CLEAR","DARKNESS, LIGHTED ROAD","DRY","PARKED MOTOR VEHICLE","NOT DIVIDED","UNABLE TO DETERMINE",41.791020663,-87.646432881
"1013","none",2021-11-21 00:00:00,0,"NOT ON SCENE (DESK REPORT)",2,30,"CLEAR","DARKNESS, LIGHTED ROAD","DRY","PARKED MOTOR VEHICLE","NOT DIVIDED","UNABLE TO DETERMINE",41.822922236,-87.693509885
"1014","none",2021-11-20 23:59:00,23,"NOT ON SCENE (DESK REPORT)",2,30,"UNKNOWN","DARKNESS, LIGHTED ROAD","UNKNOWN","TURNING","DIVIDED - W/MEDIAN (NOT RAISED)","UNABLE TO DETERMINE",41.953706683,-87.732464691
"1015","none",2021-11-20 23:40:00,23,"ON SCENE",2,30,"CLEAR","DARKNESS, LIGHTED ROAD","DRY","TURNING","T-INTERSECTION","UNABLE TO DETERMINE",41.876543223,-87.654678074
"1016","none",2021-11-20 23:39:00,23,"ON SCENE",2,30,"CLEAR","DARKNESS, LIGHTED ROAD","DRY","SIDESWIPE OPPOSITE DIRECTION","DIVIDED - W/MEDIAN (NOT RAISED)","UNABLE TO DETERMINE",41.778420346,-87.733681696
"1017","none",2021-11-20 23:36:00,23,"ON SCENE",6,30,"CLEAR","DARKNESS, LIGHTED ROAD","DRY","PARKED MOTOR VEHICLE","NOT DIVIDED","DRIVING ON WRONG SIDE/WRONG WAY",41.795646199,-87.692694637
"1018","injuries",2021-11-20 23:35:00,23,"ON SCENE",2,30,"CLEAR","DARKNESS, LIGHTED ROAD","DRY","ANGLE","NOT REPORTED","DRIVING ON WRONG SIDE/WRONG WAY",41.795608733,-87.69370298
"1019","none",2021-11-20 23:19:00,23,"NOT ON SCENE (DESK REPORT)",2,15,"CLEAR","DARKNESS, LIGHTED ROAD","DRY","REAR END","ALLEY","OPERATING VEHICLE IN ERRATIC, RECKLESS, CARELESS, NEGLIGENT OR AGGRESSIVE MANNER",41.745810378,-87.631600856
"1020","none",2021-11-20 23:10:00,23,"NOT ON SCENE (DESK REPORT)",2,40,"CLEAR","DARKNESS, LIGHTED ROAD","DRY","SIDESWIPE SAME DIRECTION","DIVIDED - W/MEDIAN BARRIER","IMPROPER LANE USAGE",41.943483058,-87.640412051
"1021","none",2021-11-20 23:01:00,23,"ON SCENE",2,30,"CLEAR","DARKNESS, LIGHTED ROAD","DRY","PARKED MOTOR VEHICLE","NOT DIVIDED","EQUIPMENT - VEHICLE CONDITION",41.954403588,-87.652768189
"1022","none",2021-11-20 23:00:00,23,"NOT ON SCENE (DESK REPORT)",2,30,"CLEAR","DARKNESS, LIGHTED ROAD","DRY","TURNING","NOT DIVIDED","FAILING TO YIELD RIGHT-OF-WAY",41.900958919,-87.619928174
"1023","none",2021-11-20 22:53:00,22,"ON SCENE",2,30,"CLEAR","DARKNESS, LIGHTED ROAD","DRY","SIDESWIPE SAME DIRECTION","NOT DIVIDED","IMPROPER OVERTAKING/PASSING",41.881299744,-87.670086246
"1024","none",2021-11-20 22:50:00,22,"ON SCENE",2,30,"CLEAR","DARKNESS, LIGHTED ROAD","DRY","SIDESWIPE SAME DIRECTION","NOT DIVIDED","UNABLE TO DETERMINE",41.783260877,-87.703404526
"1025","injuries",2021-11-20 22:48:00,22,"ON SCENE",2,30,"CLEAR","DARKNESS, LIGHTED ROAD","DRY","TURNING","FOUR WAY","FAILING TO YIELD RIGHT-OF-WAY",41.773384427,-87.586443203
"1026","injuries",2021-11-20 22:45:00,22,"ON SCENE",3,30,"CLEAR","DARKNESS, LIGHTED ROAD","DRY","PARKED MOTOR VEHICLE","FOUR WAY","UNABLE TO DETERMINE",41.852048362,-87.692876102
"1027","none",2021-11-20 22:30:00,22,"ON SCENE",2,30,"CLEAR","DARKNESS, LIGHTED ROAD","DRY","PARKED MOTOR VEHICLE","DIVIDED - W/MEDIAN (NOT RAISED)","EQUIPMENT - VEHICLE CONDITION",41.941530669,-87.776480997
"1028","none",2021-11-20 22:30:00,22,"NOT ON SCENE (DESK REPORT)",3,15,"CLEAR","DARKNESS, LIGHTED ROAD","DRY","PARKED MOTOR VEHICLE","NOT DIVIDED","NOT APPLICABLE",41.977356811,-87.834904329
"1029","none",2021-11-20 22:30:00,22,"NOT ON SCENE (DESK REPORT)",2,35,"CLEAR","DARKNESS","DRY","REAR END","NOT DIVIDED","IMPROPER BACKING",41.868036913,-87.625982044
"1030","none",2021-11-20 22:30:00,22,"ON SCENE",2,30,"CLEAR","DARKNESS, LIGHTED ROAD","DRY","HEAD ON","NOT DIVIDED","UNABLE TO DETERMINE",41.69699196,-87.701162802
"1031","none",2021-11-20 22:15:00,22,"ON SCENE",2,30,"CLEAR","DARKNESS, LIGHTED ROAD","DRY","TURNING","FOUR WAY","UNABLE TO DETERMINE",41.882134554,-87.626363303
"1032","none",2021-11-20 22:14:00,22,"ON SCENE",3,30,"CLEAR","DARKNESS, LIGHTED ROAD","DRY","PARKED MOTOR VEHICLE","ONE-WAY","DRIVING ON WRONG SIDE/WRONG WAY",41.838784184,-87.728698184
"1033","none",2021-11-20 22:06:00,22,"NOT ON SCENE (DESK REPORT)",2,30,"CLEAR","DARKNESS, LIGHTED ROAD","DRY","TURNING","ONE-WAY","FAILING TO REDUCE SPEED TO AVOID CRASH",41.878704951,-87.745321242
"1034","none",2021-11-20 22:00:00,22,"ON SCENE",2,25,"CLEAR","DARKNESS, LIGHTED ROAD","DRY","PARKED MOTOR VEHICLE","NOT DIVIDED","UNABLE TO DETERMINE",41.997632428,-87.689191795
"1035","none",2021-11-20 22:00:00,22,"ON SCENE",2,0,"CLEAR","DARKNESS, LIGHTED ROAD","DRY","PARKED MOTOR VEHICLE","ONE-WAY","UNABLE TO DETERMINE",41.943955671,-87.752089654
"1036","none",2021-11-20 21:50:00,21,"ON SCENE",2,35,"CLEAR","DARKNESS","DRY","TURNING","NOT DIVIDED","IMPROPER OVERTAKING/PASSING",41.865882369,-87.753027895
"1037","none",2021-11-20 21:32:00,21,"NOT ON SCENE (DESK REPORT)",2,35,"CLEAR","DARKNESS, LIGHTED ROAD","DRY","SIDESWIPE SAME DIRECTION","NOT DIVIDED","UNABLE TO DETERMINE",41.776510617,-87.61567986
"1038","none",2021-11-20 21:20:00,21,"NOT ON SCENE (DESK REPORT)",1,30,"CLEAR","DARKNESS","DRY","FIXED OBJECT","DIVIDED - W/MEDIAN BARRIER","EQUIPMENT - VEHICLE CONDITION",41.89097123,-87.624276946
"1039","none",2021-11-20 21:07:00,21,"ON SCENE",2,30,"CLEAR","DARKNESS, LIGHTED ROAD","DRY","ANGLE","NOT DIVIDED","IMPROPER TURNING/NO SIGNAL",41.90139306,-87.663654982
"1040","none",2021-11-20 21:02:00,21,"NOT ON SCENE (DESK REPORT)",2,35,"CLEAR","DARKNESS","DRY","SIDESWIPE SAME DIRECTION","NOT DIVIDED","IMPROPER LANE USAGE",41.864999533,-87.624243006
"1041","none",2021-11-20 21:00:00,21,"NOT ON SCENE (DESK REPORT)",2,30,"CLEAR","DAYLIGHT","DRY","SIDESWIPE SAME DIRECTION","NOT DIVIDED","UNABLE TO DETERMINE",42.012371335,-87.690393917
"1042","none",2021-11-20 20:50:00,20,"ON SCENE",2,30,"CLEAR","DARKNESS, LIGHTED ROAD","DRY","PARKED MOTOR VEHICLE","NOT DIVIDED","UNABLE TO DETERMINE",41.717012401,-87.53663955
"1043","none",2021-11-20 20:45:00,20,"NOT ON SCENE (DESK REPORT)",2,30,"CLEAR","DARKNESS, LIGHTED ROAD","DRY","REAR END","FOUR WAY","FOLLOWING TOO CLOSELY",41.880770665,-87.624483017
"1044","none",2021-11-20 20:38:00,20,"ON SCENE",2,30,"CLEAR","DARKNESS, LIGHTED ROAD","DRY","PARKED MOTOR VEHICLE","NOT DIVIDED","UNABLE TO DETERMINE",41.902091566,-87.760141665
"1045","none",2021-11-20 20:28:00,20,"ON SCENE",4,20,"CLEAR","DARKNESS, LIGHTED ROAD","DRY","PARKED MOTOR VEHICLE","ONE-WAY","UNABLE TO DETERMINE",41.77559386,-87.688558289
"1046","none",2021-11-20 20:22:00,20,"ON SCENE",2,30,"CLEAR","DARKNESS, LIGHTED ROAD","DRY","SIDESWIPE SAME DIRECTION","DIVIDED - W/MEDIAN BARRIER","FAILING TO YIELD RIGHT-OF-WAY",41.929224051,-87.707215106
"1047","none",2021-11-20 20:15:00,20,"NOT ON SCENE (DESK REPORT)",2,15,"CLEAR","DARKNESS, LIGHTED ROAD","DRY","PARKED MOTOR VEHICLE","PARKING LOT","UNABLE TO DETERMINE",41.805139326,-87.743242476
"1048","none",2021-11-20 20:15:00,20,"NOT ON SCENE (DESK REPORT)",2,30,"CLEAR","DARKNESS, LIGHTED ROAD","DRY","TURNING","DIVIDED - W/MEDIAN (NOT RAISED)","IMPROPER TURNING/NO SIGNAL",41.887043702,-87.629454928
"1049","none",2021-11-20 20:10:00,20,"NOT ON SCENE (DESK REPORT)",2,30,"CLEAR","DARKNESS, LIGHTED ROAD","DRY","PARKED MOTOR VEHICLE","ONE-WAY","UNABLE TO DETERMINE",41.774107299,-87.689462081
"1050","none",2021-11-20 20:00:00,20,"ON SCENE",2,35,"CLEAR","DARKNESS, LIGHTED ROAD","DRY","TURNING","FOUR WAY","FAILING TO YIELD RIGHT-OF-WAY",41.706282332,-87.681763595
"1051","none",2021-11-20 20:00:00,20,"NOT ON SCENE (DESK REPORT)",2,30,"CLEAR","DARKNESS, LIGHTED ROAD","DRY","SIDESWIPE SAME DIRECTION","DIVIDED - W/MEDIAN BARRIER","NOT APPLICABLE",41.879536168,-87.620894529
"1052","none",2021-11-20 20:00:00,20,"NOT ON SCENE (DESK REPORT)",2,30,"UNKNOWN","UNKNOWN","UNKNOWN","SIDESWIPE SAME DIRECTION","OTHER","FAILING TO YIELD RIGHT-OF-WAY",41.874583513,-87.656685988
"1053","none",2021-11-20 19:59:00,19,"ON SCENE",2,30,"CLEAR","DARKNESS, LIGHTED ROAD","DRY","TURNING","FOUR WAY","UNABLE TO DETERMINE",41.947304287,-87.656659322
"1054","none",2021-11-20 19:55:00,19,"NOT ON SCENE (DESK REPORT)",2,30,"CLEAR","DARKNESS","DRY","TURNING","NOT DIVIDED","UNABLE TO DETERMINE",41.867108896,-87.642258801
"1055","injuries",2021-11-20 19:52:00,19,"ON SCENE",2,30,"CLEAR","DARKNESS","DRY","TURNING","DIVIDED - W/MEDIAN (NOT RAISED)","FAILING TO YIELD RIGHT-OF-WAY",41.924910473,-87.67829736
"1056","none",2021-11-20 19:50:00,19,"ON SCENE",2,30,"CLEAR","DARKNESS, LIGHTED ROAD","DRY","TURNING","FOUR WAY","UNABLE TO DETERMINE",41.98249322,-87.668701832
"1057","none",2021-11-20 19:40:00,19,"ON SCENE",2,30,"CLEAR","DARKNESS","DRY","PARKED MOTOR VEHICLE","NOT DIVIDED","OPERATING VEHICLE IN ERRATIC, RECKLESS, CARELESS, NEGLIGENT OR AGGRESSIVE MANNER",41.703785509,-87.623277895
"1058","none",2021-11-20 19:40:00,19,"ON SCENE",1,30,"CLEAR","DARKNESS","DRY","FIXED OBJECT","NOT DIVIDED","PHYSICAL CONDITION OF DRIVER",41.828281746,-87.698277473
"1059","injuries",2021-11-20 19:35:00,19,"ON SCENE",2,30,"CLEAR","DARKNESS, LIGHTED ROAD","DRY","PEDESTRIAN","DIVIDED - W/MEDIAN (NOT RAISED)","FAILING TO YIELD RIGHT-OF-WAY",41.780771884,-87.72267345
"1060","none",2021-11-20 19:31:00,19,"UNKNOWN",2,30,"CLEAR","DARKNESS","DRY","SIDESWIPE SAME DIRECTION","ONE-WAY","DRIVING SKILLS/KNOWLEDGE/EXPERIENCE",41.891677953,-87.63550329
"1061","none",2021-11-20 19:30:00,19,"NOT ON SCENE (DESK REPORT)",2,30,"CLEAR","DARKNESS","DRY","REAR END","NOT DIVIDED","FOLLOWING TOO CLOSELY",41.889677537,-87.620353696
"1062","injuries",2021-11-20 19:30:00,19,"ON SCENE",2,30,"CLEAR","DARKNESS, LIGHTED ROAD","DRY","ANGLE","DIVIDED - W/MEDIAN (NOT RAISED)","DISREGARDING TRAFFIC SIGNALS",41.743546758,-87.624252186
"1063","none",2021-11-20 19:30:00,19,"NOT ON SCENE (DESK REPORT)",2,30,"CLEAR","DARKNESS","DRY","SIDESWIPE SAME DIRECTION","NOT DIVIDED","IMPROPER OVERTAKING/PASSING",41.998373017,-87.806932204
"1064","none",2021-11-20 19:30:00,19,"NOT ON SCENE (DESK REPORT)",2,30,"CLEAR","DARKNESS, LIGHTED ROAD","DRY","TURNING","NOT DIVIDED","IMPROPER TURNING/NO SIGNAL",41.899153745,-87.62969237
"1065","none",2021-11-20 19:25:00,19,"NOT ON SCENE (DESK REPORT)",1,30,"CLEAR","DARKNESS, LIGHTED ROAD","DRY","OTHER OBJECT","DIVIDED - W/MEDIAN (NOT RAISED)","ROAD CONSTRUCTION/MAINTENANCE",41.900730658,-87.628463797