"","injuries","crash_date","crash_hour","report_type","num_units","posted_speed_limit","weather_condition","lighting_condition","roadway_surface_cond","first_crash_type","trafficway_type","prim_contributory_cause","latitude","longitude"
"1066","none",2021-11-20 19:20:00,19,"UNKNOWN",4,35,"CLEAR","DARKNESS, LIGHTED ROAD","DRY","HEAD ON","DIVIDED - W/MEDIAN (NOT RAISED)","IMPROPER TURNING/NO SIGNAL",41.728930723,-87.625382756
"1067","none",2021-11-20 19:04:00,19,"NOT ON SCENE (DESK REPORT)",2,30,"CLEAR","DARKNESS, LIGHTED ROAD","DRY","REAR END","NOT DIVIDED","UNABLE TO DETERMINE",41.83842552,-87.625553995
"1068","none",2021-11-20 19:00:00,19,"UNKNOWN",2,30,"CLEAR","DARKNESS, LIGHTED ROAD","DRY","REAR END","NOT DIVIDED","UNABLE TO DETERMINE",41.785964816,-87.718202133
"1069","injuries",2021-11-20 19:00:00,19,"NOT ON SCENE (DESK REPORT)",2,30,"CLEAR","DARKNESS, LIGHTED ROAD","DRY","REAR END","DIVIDED - W/MEDIAN (NOT RAISED)","UNABLE TO DETERMINE",41.903814145,-87.629918534
"1070","none",2021-11-20 19:00:00,19,"NOT ON SCENE (DESK REPORT)",2,20,"UNKNOWN","UNKNOWN","UNKNOWN","REAR END","NOT DIVIDED","NOT APPLICABLE",41.889430344,-87.644486625
"1071","none",2021-11-20 18:55:00,18,"NOT ON SCENE (DESK REPORT)",2,30,"CLEAR","DARKNESS","DRY","ANGLE","ALLEY","NOT APPLICABLE",41.793958146,-87.794214428
"1072","none",2021-11-20 18:50:00,18,"NOT ON SCENE (DESK REPORT)",2,30,"CLEAR","DARKNESS, LIGHTED ROAD","DRY","ANGLE","NOT DIVIDED","FAILING TO YIELD RIGHT-OF-WAY",41.773564696,-87.741974312
"1073","none",2021-11-20 18:45:00,18,"NOT ON SCENE (DESK REPORT)",2,45,"CLEAR","DARKNESS","DRY","SIDESWIPE SAME DIRECTION","DIVIDED - W/MEDIAN BARRIER","DRIVING SKILLS/KNOWLEDGE/EXPERIENCE",41.911014245,-87.625584167
"1074","none",2021-11-20 18:45:00,18,"ON SCENE",2,25,"CLEAR","DARKNESS, LIGHTED ROAD","DRY","OTHER NONCOLLISION","FOUR WAY","UNABLE TO DETERMINE",41.900699722,-87.62855161
"1075","none",2021-11-20 18:45:00,18,"NOT ON SCENE (DESK REPORT)",2,30,"CLEAR","DARKNESS, LIGHTED ROAD","DRY","ANGLE","NOT DIVIDED","DISREGARDING STOP SIGN",41.900462748,-87.643241169
"1076","none",2021-11-20 18:37:00,18,"NOT ON SCENE (DESK REPORT)",2,30,"CLEAR","DARKNESS","DRY","REAR END","NOT DIVIDED","FOLLOWING TOO CLOSELY",41.990531563,-87.671389464
"1077","none",2021-11-20 18:33:00,18,"NOT ON SCENE (DESK REPORT)",2,30,"CLEAR","DARKNESS, LIGHTED ROAD","DRY","REAR END","DIVIDED - W/MEDIAN (NOT RAISED)","UNABLE TO DETERMINE",41.895760317,-87.74597385
"1078","none",2021-11-20 18:30:00,18,"ON SCENE",1,30,"CLEAR","DARKNESS, LIGHTED ROAD","DRY","FIXED OBJECT","DIVIDED - W/MEDIAN (NOT RAISED)","UNABLE TO DETERMINE",41.910805777,-87.663269309
"1079","none",2021-11-20 18:30:00,18,"NOT ON SCENE (DESK REPORT)",2,30,"CLEAR","DAYLIGHT","DRY","PARKED MOTOR VEHICLE","NOT DIVIDED","IMPROPER OVERTAKING/PASSING",41.896503111,-87.637023571
"1080","none",2021-11-20 18:30:00,18,"NOT ON SCENE (DESK REPORT)",2,15,"CLEAR","DARKNESS, LIGHTED ROAD","DRY","PARKED MOTOR VEHICLE","PARKING LOT","UNABLE TO DETERMINE",41.949989579,-87.741947527
"1081","none",2021-11-20 18:25:00,18,"ON SCENE",2,25,"CLEAR","DARKNESS","DRY","SIDESWIPE SAME DIRECTION","FOUR WAY","UNABLE TO DETERMINE",41.95396851,-87.688317995
"1082","injuries",2021-11-20 18:20:00,18,"ON SCENE",1,10,"CLEAR","DARKNESS, LIGHTED ROAD","DRY","FIXED OBJECT","ONE-WAY","UNABLE TO DETERMINE",41.793002856,-87.752119581
"1083","injuries",2021-11-20 18:17:00,18,"ON SCENE",2,30,"CLEAR","DARKNESS, LIGHTED ROAD","DRY","ANGLE","NOT DIVIDED","FAILING TO YIELD RIGHT-OF-WAY",41.866969745,-87.725336291
"1084","none",2021-11-20 18:03:00,18,"ON SCENE",2,30,"CLEAR","DARKNESS, LIGHTED ROAD","DRY","REAR END","NOT DIVIDED","DISTRACTION - FROM INSIDE VEHICLE",41.9428631,-87.670720151
"1085","none",2021-11-20 18:03:00,18,"ON SCENE",2,35,"CLEAR","DARKNESS, LIGHTED ROAD","DRY","TURNING","NOT DIVIDED","VISION OBSCURED (SIGNS, TREE LIMBS, BUILDINGS, ETC.)",41.977955465,-87.846319888
"1086","none",2021-11-20 18:00:00,18,"NOT ON SCENE (DESK REPORT)",2,30,"CLEAR","DARKNESS, LIGHTED ROAD","DRY","REAR END","DIVIDED - W/MEDIAN BARRIER","FAILING TO YIELD RIGHT-OF-WAY",41.896802784,-87.632566102
"1087","none",2021-11-20 17:47:00,17,"NOT ON SCENE (DESK REPORT)",2,30,"CLEAR","DARKNESS, LIGHTED ROAD","DRY","REAR END","DIVIDED - W/MEDIAN (NOT RAISED)","UNABLE TO DETERMINE",41.90953467,-87.745967679
"1088","injuries",2021-11-20 17:46:00,17,"ON SCENE",2,30,"CLEAR","DARKNESS","DRY","PEDESTRIAN","FOUR WAY","UNABLE TO DETERMINE",41.880497666,-87.754924161
"1089","none",2021-11-20 17:40:00,17,"ON SCENE",2,30,"CLEAR","DARKNESS, LIGHTED ROAD","DRY","PARKED MOTOR VEHICLE","NOT DIVIDED","UNABLE TO DETERMINE",41.997438286,-87.764399119
"1090","none",2021-11-20 17:35:00,17,"ON SCENE",2,30,"CLEAR","DUSK","DRY","SIDESWIPE SAME DIRECTION","DIVIDED - W/MEDIAN BARRIER","FAILING TO YIELD RIGHT-OF-WAY",41.884179966,-87.654111352
"1091","none",2021-11-20 17:30:00,17,"NOT ON SCENE (DESK REPORT)",2,30,"CLEAR","DARKNESS, LIGHTED ROAD","DRY","PARKED MOTOR VEHICLE","PARKING LOT","UNABLE TO DETERMINE",41.902473674,-87.716817465
"1092","none",2021-11-20 17:30:00,17,"NOT ON SCENE (DESK REPORT)",2,30,"CLEAR","DARKNESS, LIGHTED ROAD","DRY","TURNING","T-INTERSECTION","FAILING TO YIELD RIGHT-OF-WAY",41.942261391,-87.702710976
"1093","none",2021-11-20 17:30:00,17,"NOT ON SCENE (DESK REPORT)",2,30,"CLEAR","DARKNESS, LIGHTED ROAD","DRY","TURNING","NOT DIVIDED","UNABLE TO DETERMINE",41.871241138,-87.774184114
"1094","none",2021-11-20 17:15:00,17,"NOT ON SCENE (DESK REPORT)",2,30,"CLEAR","DARKNESS, LIGHTED ROAD","DRY","TURNING","NOT DIVIDED","FAILING TO YIELD RIGHT-OF-WAY",41.858061856,-87.656493932
"1095","none",2021-11-20 17:15:00,17,"ON SCENE",2,30,"CLEAR","DAWN","DRY","SIDESWIPE SAME DIRECTION","NOT DIVIDED","IMPROPER LANE USAGE",41.844461195,-87.717174746
"1096","injuries",2021-11-20 17:10:00,17,"ON SCENE",3,30,"CLEAR","DARKNESS, LIGHTED ROAD","DRY","REAR END","FOUR WAY","FAILING TO REDUCE SPEED TO AVOID CRASH",41.736206782,-87.643531648
"1097","none",2021-11-20 17:00:00,17,"ON SCENE",2,30,"CLEAR","DARKNESS, LIGHTED ROAD","DRY","PARKED MOTOR VEHICLE","OTHER","UNABLE TO DETERMINE",41.750539639,-87.577329385
"1098","none",2021-11-20 17:00:00,17,"NOT ON SCENE (DESK REPORT)",2,30,"CLEAR","DARKNESS, LIGHTED ROAD","DRY","PARKED MOTOR VEHICLE","NOT DIVIDED","UNABLE TO DETERMINE",41.899518957,-87.775134827
"1099","none",2021-11-20 17:00:00,17,"ON SCENE",2,20,"CLEAR","DARKNESS","DRY","PARKED MOTOR VEHICLE","ONE-WAY","UNABLE TO DETERMINE",41.811262224,-87.601589459
"1100","none",2021-11-20 17:00:00,17,"NOT ON SCENE (DESK REPORT)",2,30,"CLEAR","DARKNESS, LIGHTED ROAD","DRY","ANGLE","NOT DIVIDED","FAILING TO YIELD RIGHT-OF-WAY",41.765017273,-87.65061793
"1101","injuries",2021-11-20 17:00:00,17,"NOT ON SCENE (DESK REPORT)",3,30,"CLEAR","DARKNESS","DRY","REAR END","NOT DIVIDED","FOLLOWING TOO CLOSELY",41.947669337,-87.688139614
"1102","none",2021-11-20 16:55:00,16,"NOT ON SCENE (DESK REPORT)",2,30,"CLEAR","DARKNESS, LIGHTED ROAD","DRY","TURNING","NOT DIVIDED","UNABLE TO DETERMINE",41.882061896,-87.725801544
"1103","injuries",2021-11-20 16:54:00,16,"ON SCENE",2,30,"CLEAR","DARKNESS, LIGHTED ROAD","DRY","TURNING","DIVIDED - W/MEDIAN (NOT RAISED)","FAILING TO YIELD RIGHT-OF-WAY",41.985008487,-87.662097767
"1104","injuries",2021-11-20 16:50:00,16,"ON SCENE",2,30,"CLEAR","DARKNESS, LIGHTED ROAD","DRY","PEDESTRIAN","FOUR WAY","PHYSICAL CONDITION OF DRIVER",41.783394865,-87.654451457
"1105","none",2021-11-20 16:45:00,16,"NOT ON SCENE (DESK REPORT)",2,30,"CLOUDY/OVERCAST","DUSK","DRY","ANGLE","NOT DIVIDED","FAILING TO YIELD RIGHT-OF-WAY",41.881969286,-87.723992613
"1106","none",2021-11-20 16:40:00,16,"ON SCENE",2,30,"CLEAR","DARKNESS, LIGHTED ROAD","DRY","TURNING","DIVIDED - W/MEDIAN (NOT RAISED)","UNABLE TO DETERMINE",41.924593022,-87.726819268
"1107","none",2021-11-20 16:33:00,16,"NOT ON SCENE (DESK REPORT)",2,30,"UNKNOWN","UNKNOWN","UNKNOWN","PARKED MOTOR VEHICLE","ONE-WAY","UNABLE TO DETERMINE",41.936695757,-87.639556409
"1108","none",2021-11-20 16:30:00,16,"NOT ON SCENE (DESK REPORT)",2,30,"CLEAR","DAYLIGHT","DRY","REAR END","NOT DIVIDED","FOLLOWING TOO CLOSELY",41.968624215,-87.68077849
"1109","none",2021-11-20 16:22:00,16,"NOT ON SCENE (DESK REPORT)",2,30,"UNKNOWN","UNKNOWN","UNKNOWN","SIDESWIPE SAME DIRECTION","FOUR WAY","UNABLE TO DETERMINE",41.996910869,-87.676504342
"1110","none",2021-11-20 16:20:00,16,"ON SCENE",2,30,"CLEAR","DUSK","DRY","TURNING","NOT DIVIDED","FAILING TO YIELD RIGHT-OF-WAY",41.776783363,-87.722565512
"1111","injuries",2021-11-20 16:20:00,16,"ON SCENE",2,30,"CLEAR","DAYLIGHT","DRY","TURNING","DIVIDED - W/MEDIAN BARRIER","UNABLE TO DETERMINE",41.765928192,-87.586470078
"1112","none",2021-11-20 16:17:00,16,"ON SCENE",2,35,"CLEAR","DUSK","DRY","TURNING","FOUR WAY","FAILING TO REDUCE SPEED TO AVOID CRASH",41.856350538,-87.710375249
"1113","none",2021-11-20 16:15:00,16,"NOT ON SCENE (DESK REPORT)",2,30,"CLEAR","DAYLIGHT","UNKNOWN","SIDESWIPE SAME DIRECTION","DIVIDED - W/MEDIAN (NOT RAISED)","DRIVING SKILLS/KNOWLEDGE/EXPERIENCE",41.910676091,-87.634842737
"1114","none",2021-11-20 16:15:00,16,"NOT ON SCENE (DESK REPORT)",2,35,"CLOUDY/OVERCAST","DAYLIGHT","DRY","ANGLE","NOT DIVIDED","UNABLE TO DETERMINE",41.973548789,-87.748092942
"1115","none",2021-11-20 16:00:00,16,"ON SCENE",2,30,"CLOUDY/OVERCAST","DAYLIGHT","DRY","TURNING","DIVIDED - W/MEDIAN (NOT RAISED)","IMPROPER TURNING/NO SIGNAL",41.905852456,-87.765641496
"1116","none",2021-11-20 16:00:00,16,"NOT ON SCENE (DESK REPORT)",2,30,"CLEAR","DAYLIGHT","DRY","ANGLE","FOUR WAY","UNABLE TO DETERMINE",41.761935646,-87.616930749
"1117","none",2021-11-20 16:00:00,16,"ON SCENE",2,30,"CLEAR","DARKNESS, LIGHTED ROAD","DRY","TURNING","NOT DIVIDED","UNABLE TO DETERMINE",41.903789585,-87.639820774
"1118","none",2021-11-20 15:47:00,15,"NOT ON SCENE (DESK REPORT)",2,45,"CLEAR","DAYLIGHT","DRY","SIDESWIPE SAME DIRECTION","DIVIDED - W/MEDIAN BARRIER","IMPROPER LANE USAGE",41.910734266,-87.62558726
"1119","none",2021-11-20 15:40:00,15,"NOT ON SCENE (DESK REPORT)",1,10,"OTHER","UNKNOWN","UNKNOWN","FIXED OBJECT","OTHER","DRIVING SKILLS/KNOWLEDGE/EXPERIENCE",41.892140784,-87.624312784
"1120","injuries",2021-11-20 15:30:00,15,"ON SCENE",2,30,"UNKNOWN","UNKNOWN","UNKNOWN","REAR END","NOT DIVIDED","FAILING TO REDUCE SPEED TO AVOID CRASH",41.881764939,-87.740157458
"1121","none",2021-11-20 15:30:00,15,"NOT ON SCENE (DESK REPORT)",2,30,"CLEAR","DAYLIGHT","UNKNOWN","TURNING","ONE-WAY","UNABLE TO DETERMINE",41.891778161,-87.628157379
"1122","none",2021-11-20 15:30:00,15,"NOT ON SCENE (DESK REPORT)",2,20,"CLEAR","DAYLIGHT","DRY","SIDESWIPE SAME DIRECTION","ONE-WAY","NOT APPLICABLE",41.976201139,-87.905309125
"1123","none",2021-11-20 15:25:00,15,"NOT ON SCENE (DESK REPORT)",2,10,"CLOUDY/OVERCAST","DAYLIGHT","DRY","HEAD ON","PARKING LOT","UNABLE TO DETERMINE",41.975305716,-87.767593024
"1124","none",2021-11-20 15:20:00,15,"NOT ON SCENE (DESK REPORT)",2,30,"CLEAR","DAYLIGHT","DRY","ANGLE","NOT DIVIDED","DRIVING SKILLS/KNOWLEDGE/EXPERIENCE",41.851158217,-87.724895542
"1125","none",2021-11-20 15:20:00,15,"NOT ON SCENE (DESK REPORT)",2,30,"UNKNOWN","DAYLIGHT","UNKNOWN","ANGLE","NOT DIVIDED","FAILING TO YIELD RIGHT-OF-WAY",41.99521146,-87.660277993
"1126","none",2021-11-20 15:20:00,15,"ON SCENE",2,35,"CLEAR","DAYLIGHT","DRY","TURNING","NOT DIVIDED","FAILING TO YIELD RIGHT-OF-WAY",41.69152372,-87.710645461
"1127","none",2021-11-20 15:15:00,15,"ON SCENE",2,45,"CLEAR","DAYLIGHT","DRY","SIDESWIPE SAME DIRECTION","DIVIDED - W/MEDIAN BARRIER","IMPROPER OVERTAKING/PASSING",41.929401912,-87.63229026
"1128","none",2021-11-20 15:13:00,15,"NOT ON SCENE (DESK REPORT)",2,20,"CLEAR","DAYLIGHT","DRY","REAR END","NOT DIVIDED","FOLLOWING TOO CLOSELY",41.924572574,-87.726919111
"1129","none",2021-11-20 15:10:00,15,"NOT ON SCENE (DESK REPORT)",2,30,"CLOUDY/OVERCAST","DAYLIGHT","DRY","SIDESWIPE SAME DIRECTION","UNKNOWN INTERSECTION TYPE","IMPROPER LANE USAGE",41.882025854,-87.703811504
"1130","none",2021-11-20 15:05:00,15,"NOT ON SCENE (DESK REPORT)",2,30,"CLEAR","DAYLIGHT","DRY","TURNING","NOT DIVIDED","IMPROPER TURNING/NO SIGNAL",41.921214063,-87.648762034
"1131","injuries",2021-11-20 15:02:00,15,"ON SCENE",2,15,"CLEAR","DAYLIGHT","DRY","PEDESTRIAN","ALLEY","UNABLE TO DETERMINE",41.884813483,-87.696536202
"1132","none",2021-11-20 15:00:00,15,"NOT ON SCENE (DESK REPORT)",2,30,"CLEAR","DAYLIGHT","DRY","TURNING","FOUR WAY","UNABLE TO DETERMINE",41.897789783,-87.706482215
"1133","none",2021-11-20 15:00:00,15,"NOT ON SCENE (DESK REPORT)",2,0,"CLEAR","DAYLIGHT","DRY","TURNING","OTHER","IMPROPER OVERTAKING/PASSING",41.850108855,-87.685437646
"1134","none",2021-11-20 15:00:00,15,"NOT ON SCENE (DESK REPORT)",2,30,"UNKNOWN","DAYLIGHT","UNKNOWN","REAR END","NOT DIVIDED","UNABLE TO DETERMINE",41.826731859,-87.723987975
"1135","none",2021-11-20 15:00:00,15,"NOT ON SCENE (DESK REPORT)",2,20,"CLEAR","DAYLIGHT","DRY","PARKED MOTOR VEHICLE","NOT DIVIDED","IMPROPER LANE USAGE",41.773520762,-87.694410137
"1136","none",2021-11-20 14:55:00,14,"ON SCENE",2,30,"CLEAR","DAYLIGHT","DRY","TURNING","DIVIDED - W/MEDIAN (NOT RAISED)","FAILING TO YIELD RIGHT-OF-WAY",41.792642337,-87.762446601
"1137","none",2021-11-20 14:45:00,14,"UNKNOWN",2,30,"CLEAR","DAYLIGHT","DRY","REAR END","NOT DIVIDED","FOLLOWING TOO CLOSELY",41.760388239,-87.741627169
"1138","none",2021-11-20 14:45:00,14,"NOT ON SCENE (DESK REPORT)",2,30,"CLEAR","DAYLIGHT","DRY","TURNING","NOT DIVIDED","IMPROPER TURNING/NO SIGNAL",41.779393646,-87.663135465
"1139","injuries",2021-11-20 14:45:00,14,"NOT ON SCENE (DESK REPORT)",2,30,"CLEAR","DAYLIGHT","DRY","SIDESWIPE SAME DIRECTION","DIVIDED - W/MEDIAN (NOT RAISED)","FOLLOWING TOO CLOSELY",41.685213094,-87.64038614
"1140","none",2021-11-20 14:45:00,14,"NOT ON SCENE (DESK REPORT)",2,30,"UNKNOWN","DARKNESS, LIGHTED ROAD","UNKNOWN","TURNING","NOT DIVIDED","UNABLE TO DETERMINE",41.896721486,-87.628053504
"1141","none",2021-11-20 14:40:00,14,"NOT ON SCENE (DESK REPORT)",2,15,"UNKNOWN","UNKNOWN","UNKNOWN","REAR TO REAR","PARKING LOT","UNABLE TO DETERMINE",41.709835245,-87.532252554
"1142","none",2021-11-20 14:30:00,14,"ON SCENE",2,30,"CLEAR","DAYLIGHT","DRY","PARKED MOTOR VEHICLE","NOT DIVIDED","EQUIPMENT - VEHICLE CONDITION",41.880642328,-87.723661447
"1143","none",2021-11-20 14:25:00,14,"NOT ON SCENE (DESK REPORT)",2,30,"CLEAR","DAYLIGHT","DRY","REAR END","DIVIDED - W/MEDIAN BARRIER","UNABLE TO DETERMINE",41.865895547,-87.619647476
"1144","none",2021-11-20 14:10:00,14,"NOT ON SCENE (DESK REPORT)",2,45,"CLEAR","DAYLIGHT","DRY","SIDESWIPE SAME DIRECTION","OTHER","NOT APPLICABLE",41.918460818,-87.628739996
"1145","none",2021-11-20 14:08:00,14,"ON SCENE",2,25,"CLEAR","DAYLIGHT","DRY","PARKED MOTOR VEHICLE","NOT DIVIDED","NOT APPLICABLE",41.953686159,-87.73382589
"1146","none",2021-11-20 14:00:00,14,"ON SCENE",1,15,"CLEAR","DARKNESS, LIGHTED ROAD","DRY","FIXED OBJECT","ALLEY","UNABLE TO DETERMINE",41.804392477,-87.671083403
"1147","none",2021-11-20 14:00:00,14,"NOT ON SCENE (DESK REPORT)",2,30,"CLEAR","DAYLIGHT","DRY","SIDESWIPE SAME DIRECTION","NOT DIVIDED","NOT APPLICABLE",41.848352042,-87.685681934
"1148","none",2021-11-20 14:00:00,14,"NOT ON SCENE (DESK REPORT)",2,30,"UNKNOWN","UNKNOWN","UNKNOWN","REAR END","OTHER","UNABLE TO DETERMINE",41.972947408,-87.748250481
"1149","none",2021-11-20 14:00:00,14,"NOT ON SCENE (DESK REPORT)",2,30,"CLEAR","DAYLIGHT","DRY","SIDESWIPE SAME DIRECTION","NOT DIVIDED","UNABLE TO DETERMINE",41.772615436,-87.630099678
"1150","none",2021-11-20 14:00:00,14,"NOT ON SCENE (DESK REPORT)",2,30,"CLEAR","DAYLIGHT","DRY","PARKED MOTOR VEHICLE","ONE-WAY","FAILING TO REDUCE SPEED TO AVOID CRASH",41.934243481,-87.660171913
"1151","none",2021-11-20 14:00:00,14,"NOT ON SCENE (DESK REPORT)",2,35,"CLEAR","DAYLIGHT","DRY","PARKED MOTOR VEHICLE","NOT DIVIDED","UNABLE TO DETERMINE",41.81140962,-87.59468643
"1152","none",2021-11-20 13:43:00,13,"NOT ON SCENE (DESK REPORT)",2,30,"CLEAR","DAYLIGHT","DRY","SIDESWIPE SAME DIRECTION","NOT DIVIDED","IMPROPER LANE USAGE",41.987213279,-87.655150734
"1153","none",2021-11-20 13:20:00,13,"ON SCENE",1,30,"CLEAR","DAYLIGHT","DRY","FIXED OBJECT","DRIVEWAY","DRIVING SKILLS/KNOWLEDGE/EXPERIENCE",41.891230567,-87.762399848
"1154","injuries",2021-11-20 13:16:00,13,"ON SCENE",2,30,"CLEAR","DAYLIGHT","DRY","TURNING","NOT DIVIDED","FAILING TO YIELD RIGHT-OF-WAY",41.903113951,-87.688237694
"1155","none",2021-11-20 13:15:00,13,"NOT ON SCENE (DESK REPORT)",2,30,"CLEAR","DAYLIGHT","DRY","REAR END","FOUR WAY","FAILING TO YIELD RIGHT-OF-WAY",41.954613118,-87.649848652
"1156","none",2021-11-20 13:15:00,13,"NOT ON SCENE (DESK REPORT)",2,25,"CLOUDY/OVERCAST","DAYLIGHT","UNKNOWN","REAR END","T-INTERSECTION","UNABLE TO DETERMINE",41.756736099,-87.593070955
"1157","none",2021-11-20 13:13:00,13,"ON SCENE",2,30,"CLEAR","DAYLIGHT","DRY","REAR END","DIVIDED - W/MEDIAN (NOT RAISED)","UNABLE TO DETERMINE",41.95370551,-87.732550981
"1158","none",2021-11-20 13:00:00,13,"ON SCENE",2,35,"CLEAR","DAYLIGHT","DRY","TURNING","DIVIDED - W/MEDIAN (NOT RAISED)","FAILING TO YIELD RIGHT-OF-WAY",41.862075637,-87.715438551
"1159","none",2021-11-20 12:45:00,12,"NOT ON SCENE (DESK REPORT)",2,30,"CLEAR","DAYLIGHT","DRY","REAR END","NOT DIVIDED","NOT APPLICABLE",41.735264153,-87.701935669
"1160","none",2021-11-20 12:40:00,12,"NOT ON SCENE (DESK REPORT)",2,30,"UNKNOWN","UNKNOWN","UNKNOWN","PARKED MOTOR VEHICLE","UNKNOWN","UNABLE TO DETERMINE",41.931143772,-87.768066063
"1161","none",2021-11-20 12:40:00,12,"NOT ON SCENE (DESK REPORT)",2,20,"CLEAR","DAYLIGHT","DRY","REAR END","ONE-WAY","FOLLOWING TOO CLOSELY",41.992412169,-87.658432919
"1162","injuries",2021-11-20 12:35:00,12,"ON SCENE",3,30,"CLEAR","DAYLIGHT","DRY","ANGLE","FOUR WAY","UNABLE TO DETERMINE",41.943554342,-87.807008546
"1163","none",2021-11-20 12:20:00,12,"ON SCENE",2,30,"CLEAR","DAYLIGHT","DRY","REAR END","DIVIDED - W/MEDIAN (NOT RAISED)","FOLLOWING TOO CLOSELY",41.899663398,-87.677012575
"1164","none",2021-11-20 12:10:00,12,"NOT ON SCENE (DESK REPORT)",2,30,"CLEAR","DAYLIGHT","DRY","TURNING","NOT DIVIDED","UNABLE TO DETERMINE",41.895428322,-87.708180291
"1165","none",2021-11-20 12:06:00,12,"ON SCENE",3,30,"CLEAR","DAYLIGHT","DRY","SIDESWIPE OPPOSITE DIRECTION","NOT DIVIDED","IMPROPER OVERTAKING/PASSING",41.924196169,-87.746153337
"1166","none",2021-11-20 12:00:00,12,"ON SCENE",2,30,"CLEAR","DAYLIGHT","DRY","TURNING","NOT DIVIDED","FAILING TO YIELD RIGHT-OF-WAY",41.967844399,-87.760897541
"1167","none",2021-11-20 12:00:00,12,"ON SCENE",3,30,"CLEAR","DAYLIGHT","DRY","OTHER OBJECT","T-INTERSECTION","UNABLE TO DETERMINE",41.768036288,-87.581441647
"1168","none",2021-11-20 11:50:00,11,"NOT ON SCENE (DESK REPORT)",2,30,"CLEAR","DAYLIGHT","DRY","REAR END","NOT DIVIDED","FOLLOWING TOO CLOSELY",41.830692284,-87.677404682
"1169","none",2021-11-20 11:50:00,11,"NOT ON SCENE (DESK REPORT)",2,20,"CLEAR","DAYLIGHT","DRY","ANGLE","ALLEY","UNABLE TO DETERMINE",41.654227995,-87.540037177
"1170","none",2021-11-20 11:47:00,11,"ON SCENE",2,15,"CLEAR","DAYLIGHT","DRY","SIDESWIPE SAME DIRECTION","ONE-WAY","FAILING TO YIELD RIGHT-OF-WAY",41.926014755,-87.776859328
"1171","none",2021-11-20 11:44:00,11,"ON SCENE",2,30,"CLEAR","DAYLIGHT","DRY","SIDESWIPE SAME DIRECTION","NOT DIVIDED","IMPROPER OVERTAKING/PASSING",41.951688931,-87.744274447
"1172","none",2021-11-20 11:30:00,11,"NOT ON SCENE (DESK REPORT)",2,30,"UNKNOWN","UNKNOWN","UNKNOWN","TURNING","NOT DIVIDED","IMPROPER TURNING/NO SIGNAL",41.777989481,-87.759397544
"1173","none",2021-11-20 11:30:00,11,"NOT ON SCENE (DESK REPORT)",2,30,"CLEAR","DAYLIGHT","DRY","PARKED MOTOR VEHICLE","ONE-WAY","UNABLE TO DETERMINE",41.984871405,-87.69124425
"1174","none",2021-11-20 11:30:00,11,"NOT ON SCENE (DESK REPORT)",2,30,"CLEAR","DAYLIGHT","DRY","PARKED MOTOR VEHICLE","NOT DIVIDED","UNABLE TO DETERMINE",41.706789913,-87.644777244
"1175","none",2021-11-20 11:08:00,11,"NOT ON SCENE (DESK REPORT)",2,30,"CLEAR","DAYLIGHT","DRY","TURNING","ONE-WAY","UNABLE TO DETERMINE",41.842585906,-87.705042459
"1176","injuries",2021-11-20 11:00:00,11,"NOT ON SCENE (DESK REPORT)",2,30,"CLEAR","DAYLIGHT","DRY","TURNING","NOT DIVIDED","IMPROPER TURNING/NO SIGNAL",41.891840692,-87.624253422
"1177","none",2021-11-20 11:00:00,11,"NOT ON SCENE (DESK REPORT)",2,30,"CLEAR","DAYLIGHT","DRY","ANGLE","OTHER","UNABLE TO DETERMINE",41.86944041,-87.68729324
"1178","injuries",2021-11-20 11:00:00,11,"ON SCENE",3,30,"CLEAR","DAYLIGHT","DRY","REAR END","NOT DIVIDED","UNABLE TO DETERMINE",41.940494266,-87.806687881
"1179","none",2021-11-20 11:00:00,11,"NOT ON SCENE (DESK REPORT)",2,20,"CLEAR","DAYLIGHT","DRY","PARKED MOTOR VEHICLE","NOT DIVIDED","IMPROPER LANE USAGE",41.928879287,-87.641367536
"1180","none",2021-11-20 10:59:00,10,"NOT ON SCENE (DESK REPORT)",2,20,"CLEAR","DAYLIGHT","DRY","REAR END","DIVIDED - W/MEDIAN (NOT RAISED)","UNABLE TO DETERMINE",41.877008454,-87.735497517
"1181","none",2021-11-20 10:30:00,10,"ON SCENE",2,30,"CLEAR","DAYLIGHT","DRY","SIDESWIPE SAME DIRECTION","ONE-WAY","UNABLE TO DETERMINE",41.735648056,-87.681788988
"1182","none",2021-11-20 10:30:00,10,"ON SCENE",2,35,"CLEAR","DAYLIGHT","DRY","TURNING","NOT DIVIDED","IMPROPER TURNING/NO SIGNAL",41.677587793,-87.664667051
"1183","none",2021-11-20 10:30:00,10,"NOT ON SCENE (DESK REPORT)",2,30,"CLEAR","DAYLIGHT","DRY","REAR END","FOUR WAY","FOLLOWING TOO CLOSELY",41.876780553,-87.647263735
"1184","none",2021-11-20 10:30:00,10,"NOT ON SCENE (DESK REPORT)",2,20,"UNKNOWN","DARKNESS, LIGHTED ROAD","UNKNOWN","PARKED MOTOR VEHICLE","NOT DIVIDED","NOT APPLICABLE",41.941315696,-87.824053472