"","injuries","crash_date","crash_hour","report_type","num_units","posted_speed_limit","weather_condition","lighting_condition","roadway_surface_cond","first_crash_type","trafficway_type","prim_contributory_cause","latitude","longitude"
"1185","none",2021-11-20 10:18:00,10,"ON SCENE",2,35,"CLEAR","DAYLIGHT","DRY","TURNING","DIVIDED - W/MEDIAN (NOT RAISED)","FAILING TO YIELD RIGHT-OF-WAY",41.939413941,-87.711409517
"1186","none",2021-11-20 10:18:00,10,"ON SCENE",2,30,"CLEAR","DAYLIGHT","DRY","ANGLE","NOT DIVIDED","FAILING TO YIELD RIGHT-OF-WAY",41.813859034,-87.693974011
"1187","none",2021-11-20 10:15:00,10,"NOT ON SCENE (DESK REPORT)",2,30,"CLOUDY/OVERCAST","DAYLIGHT","DRY","SIDESWIPE SAME DIRECTION","NOT DIVIDED","IMPROPER LANE USAGE",41.720848927,-87.681915113
"1188","none",2021-11-20 10:10:00,10,"ON SCENE",2,30,"CLEAR","DAYLIGHT","DRY","TURNING","DIVIDED - W/MEDIAN (NOT RAISED)","UNABLE TO DETERMINE",41.834913222,-87.675545908
"1189","none",2021-11-20 10:03:00,10,"ON SCENE",2,30,"CLEAR","DAYLIGHT","DRY","TURNING","NOT DIVIDED","FAILING TO YIELD RIGHT-OF-WAY",41.917006407,-87.697038306
"1190","none",2021-11-20 10:00:00,10,"ON SCENE",2,30,"CLEAR","DAYLIGHT","DRY","TURNING","NOT DIVIDED","IMPROPER TURNING/NO SIGNAL",41.780146747,-87.621900909
"1191","none",2021-11-20 10:00:00,10,"ON SCENE",2,25,"CLEAR","DAYLIGHT","DRY","SIDESWIPE SAME DIRECTION","DIVIDED - W/MEDIAN (NOT RAISED)","UNABLE TO DETERMINE",41.768238477,-87.683486957
"1192","none",2021-11-20 10:00:00,10,"ON SCENE",2,30,"CLEAR","DAYLIGHT","DRY","SIDESWIPE SAME DIRECTION","DIVIDED - W/MEDIAN BARRIER","NOT APPLICABLE",41.728037159,-87.682136353
"1193","none",2021-11-20 09:50:00,9,"ON SCENE",2,30,"CLEAR","DAYLIGHT","DRY","ANGLE","FOUR WAY","FAILING TO YIELD RIGHT-OF-WAY",41.84645769,-87.702494172
"1194","none",2021-11-20 09:50:00,9,"ON SCENE",2,30,"CLEAR","DAYLIGHT","DRY","PARKED MOTOR VEHICLE","FOUR WAY","IMPROPER TURNING/NO SIGNAL",41.885434986,-87.667088055
"1195","none",2021-11-20 09:36:00,9,"ON SCENE",2,30,"CLEAR","DAYLIGHT","DRY","PARKED MOTOR VEHICLE","NOT DIVIDED","UNABLE TO DETERMINE",41.919066562,-87.716973917
"1196","none",2021-11-20 09:35:00,9,"ON SCENE",2,30,"CLEAR","DAYLIGHT","DRY","SIDESWIPE SAME DIRECTION","DIVIDED - W/MEDIAN (NOT RAISED)","DRIVING SKILLS/KNOWLEDGE/EXPERIENCE",41.954043343,-87.679010431
"1197","none",2021-11-20 09:30:00,9,"NOT ON SCENE (DESK REPORT)",2,20,"CLEAR","DAYLIGHT","DRY","SIDESWIPE SAME DIRECTION","ONE-WAY","NOT APPLICABLE",42.001869564,-87.667004717
"1198","none",2021-11-20 09:15:00,9,"NOT ON SCENE (DESK REPORT)",2,25,"CLEAR","DAYLIGHT","DRY","REAR END","NOT DIVIDED","FOLLOWING TOO CLOSELY",41.995494279,-87.660286371
"1199","none",2021-11-20 09:11:00,9,"ON SCENE",2,30,"CLEAR","DAYLIGHT","DRY","TURNING","NOT DIVIDED","FAILING TO YIELD RIGHT-OF-WAY",41.953720977,-87.786734897
"1200","none",2021-11-20 09:04:00,9,"ON SCENE",2,30,"CLEAR","DAYLIGHT","DRY","ANGLE","NOT DIVIDED","DISREGARDING TRAFFIC SIGNALS",41.872990968,-87.696196282
"1201","none",2021-11-20 09:00:00,9,"NOT ON SCENE (DESK REPORT)",2,20,"UNKNOWN","UNKNOWN","UNKNOWN","PARKED MOTOR VEHICLE","ONE-WAY","UNABLE TO DETERMINE",41.986275101,-87.656843085
"1202","none",2021-11-20 09:00:00,9,"ON SCENE",2,25,"CLEAR","DARKNESS, LIGHTED ROAD","DRY","PARKED MOTOR VEHICLE","DIVIDED - W/MEDIAN (NOT RAISED)","UNABLE TO DETERMINE",41.937345958,-87.712919953
"1203","none",2021-11-20 09:00:00,9,"NOT ON SCENE (DESK REPORT)",3,30,"CLEAR","DAYLIGHT","DRY","PARKED MOTOR VEHICLE","NOT DIVIDED","UNABLE TO DETERMINE",41.873531641,-87.709721207
"1204","none",2021-11-20 08:58:00,8,"NOT ON SCENE (DESK REPORT)",2,30,"UNKNOWN","UNKNOWN","DRY","PARKED MOTOR VEHICLE","ONE-WAY","UNABLE TO DETERMINE",41.75220873,-87.653722786
"1205","none",2021-11-20 08:40:00,8,"ON SCENE",2,30,"CLEAR","DAYLIGHT","DRY","PARKED MOTOR VEHICLE","NOT DIVIDED","EVASIVE ACTION DUE TO ANIMAL, OBJECT, NONMOTORIST",41.834629617,-87.619553422
"1206","none",2021-11-20 08:20:00,8,"NOT ON SCENE (DESK REPORT)",2,20,"CLEAR","DAYLIGHT","DRY","PARKED MOTOR VEHICLE","NOT DIVIDED","IMPROPER OVERTAKING/PASSING",41.95852969,-87.656479556
"1207","none",2021-11-20 08:18:00,8,"ON SCENE",5,25,"CLEAR","UNKNOWN","DRY","PARKED MOTOR VEHICLE","ONE-WAY","UNABLE TO DETERMINE",41.958010612,-87.701887036
"1208","none",2021-11-20 08:05:00,8,"NOT ON SCENE (DESK REPORT)",2,30,"CLOUDY/OVERCAST","DAYLIGHT","DRY","PARKED MOTOR VEHICLE","ONE-WAY","UNABLE TO DETERMINE",41.854559721,-87.722185021
"1209","none",2021-11-20 08:00:00,8,"ON SCENE",2,30,"CLEAR","DAYLIGHT","DRY","PARKED MOTOR VEHICLE","ONE-WAY","IMPROPER OVERTAKING/PASSING",41.816440211,-87.629293136
"1210","none",2021-11-20 08:00:00,8,"NOT ON SCENE (DESK REPORT)",2,35,"CLEAR","DAYLIGHT","DRY","TURNING","DIVIDED - W/MEDIAN (NOT RAISED)","FAILING TO YIELD RIGHT-OF-WAY",41.743504558,-87.636662798
"1211","none",2021-11-20 08:00:00,8,"NOT ON SCENE (DESK REPORT)",2,10,"CLEAR","DAYLIGHT","DRY","PARKED MOTOR VEHICLE","PARKING LOT","NOT APPLICABLE",41.887973204,-87.622574239
"1212","none",2021-11-20 07:45:00,7,"NOT ON SCENE (DESK REPORT)",2,30,"CLEAR","DARKNESS, LIGHTED ROAD","DRY","PARKED MOTOR VEHICLE","DIVIDED - W/MEDIAN (NOT RAISED)","UNABLE TO DETERMINE",41.902407159,-87.751251376
"1213","none",2021-11-20 07:30:00,7,"NOT ON SCENE (DESK REPORT)",2,30,"UNKNOWN","UNKNOWN","UNKNOWN","PARKED MOTOR VEHICLE","NOT DIVIDED","UNABLE TO DETERMINE",41.792691568,-87.7700602
"1214","none",2021-11-20 07:30:00,7,"NOT ON SCENE (DESK REPORT)",2,30,"CLEAR","DAYLIGHT","DRY","SIDESWIPE SAME DIRECTION","NOT DIVIDED","UNABLE TO DETERMINE",41.94243301,-87.746816511
"1215","none",2021-11-20 07:30:00,7,"NOT ON SCENE (DESK REPORT)",2,30,"UNKNOWN","UNKNOWN","UNKNOWN","PARKED MOTOR VEHICLE","NOT DIVIDED","UNABLE TO DETERMINE",41.841096366,-87.641336959
"1216","none",2021-11-20 07:00:00,7,"NOT ON SCENE (DESK REPORT)",2,30,"CLEAR","DAYLIGHT","DRY","SIDESWIPE SAME DIRECTION","NOT DIVIDED","UNABLE TO DETERMINE",41.77774124,-87.772104497
"1217","none",2021-11-20 07:00:00,7,"NOT ON SCENE (DESK REPORT)",2,30,"CLOUDY/OVERCAST","DAYLIGHT","UNKNOWN","TURNING","NOT DIVIDED","FAILING TO YIELD RIGHT-OF-WAY",41.821510185,-87.62870621
"1218","none",2021-11-20 07:00:00,7,"ON SCENE",2,30,"CLOUDY/OVERCAST","DAYLIGHT","DRY","TURNING","NOT DIVIDED","DISREGARDING TRAFFIC SIGNALS",41.837582758,-87.675590627
"1219","none",2021-11-20 06:30:00,6,"NOT ON SCENE (DESK REPORT)",2,30,"CLEAR","DAYLIGHT","DRY","REAR END","NOT DIVIDED","FOLLOWING TOO CLOSELY",41.895154463,-87.743642398
"1220","none",2021-11-20 06:00:00,6,"NOT ON SCENE (DESK REPORT)",2,30,"CLEAR","UNKNOWN","DRY","PARKED MOTOR VEHICLE","NOT DIVIDED","UNABLE TO DETERMINE",41.954023888,-87.741620569
"1221","none",2021-11-20 06:00:00,6,"NOT ON SCENE (DESK REPORT)",2,20,"CLEAR","DARKNESS, LIGHTED ROAD","DRY","PARKED MOTOR VEHICLE","NOT DIVIDED","UNABLE TO DETERMINE",41.780657697,-87.698457803
"1222","none",2021-11-20 05:52:00,5,"NOT ON SCENE (DESK REPORT)",2,30,"CLOUDY/OVERCAST","DAYLIGHT","DRY","PARKED MOTOR VEHICLE","ONE-WAY","UNABLE TO DETERMINE",41.87988544,-87.629211595
"1223","none",2021-11-20 05:33:00,5,"ON SCENE",2,30,"CLEAR","DARKNESS","DRY","PARKED MOTOR VEHICLE","NOT DIVIDED","UNABLE TO DETERMINE",41.939315573,-87.718091576
"1224","none",2021-11-20 05:15:00,5,"ON SCENE",1,20,"CLEAR","DARKNESS, LIGHTED ROAD","DRY","FIXED OBJECT","ALLEY","UNABLE TO DETERMINE",41.781734799,-87.70849416
"1225","none",2021-11-20 05:05:00,5,"ON SCENE",1,30,"CLEAR","DARKNESS, LIGHTED ROAD","DRY","FIXED OBJECT","ONE-WAY","FAILING TO REDUCE SPEED TO AVOID CRASH",41.932484113,-87.805480539
"1226","injuries",2021-11-20 04:58:00,4,"ON SCENE",2,30,"CLEAR","DUSK","DRY","REAR END","CENTER TURN LANE","FOLLOWING TOO CLOSELY",41.871230639,-87.744779014
"1227","none",2021-11-20 04:49:00,4,"ON SCENE",2,30,"CLEAR","DARKNESS, LIGHTED ROAD","DRY","TURNING","FOUR WAY","UNABLE TO DETERMINE",41.924593022,-87.726819268
"1228","none",2021-11-20 04:30:00,4,"NOT ON SCENE (DESK REPORT)",2,30,"CLEAR","DARKNESS, LIGHTED ROAD","DRY","TURNING","FOUR WAY","FAILING TO REDUCE SPEED TO AVOID CRASH",41.744091972,-87.585584117
"1229","none",2021-11-20 04:15:00,4,"ON SCENE",2,30,"CLEAR","DARKNESS, LIGHTED ROAD","DRY","PARKED MOTOR VEHICLE","NOT DIVIDED","UNABLE TO DETERMINE",41.9380986,-87.81068437
"1230","none",2021-11-20 04:00:00,4,"NOT ON SCENE (DESK REPORT)",2,30,"CLEAR","DAYLIGHT","DRY","PARKED MOTOR VEHICLE","NOT DIVIDED","UNABLE TO DETERMINE",41.761418813,-87.615338933
"1231","none",2021-11-20 04:00:00,4,"ON SCENE",2,15,"CLEAR","DARKNESS, LIGHTED ROAD","DRY","PARKED MOTOR VEHICLE","PARKING LOT","IMPROPER BACKING",41.981484292,-87.692946791
"1232","none",2021-11-20 04:00:00,4,"NOT ON SCENE (DESK REPORT)",2,30,"CLEAR","DAYLIGHT","DRY","SIDESWIPE SAME DIRECTION","NOT DIVIDED","FOLLOWING TOO CLOSELY",41.990312167,-87.777671614
"1233","injuries",2021-11-20 03:53:00,3,"ON SCENE",5,30,"CLEAR","DARKNESS, LIGHTED ROAD","DRY","SIDESWIPE OPPOSITE DIRECTION","NOT DIVIDED","UNABLE TO DETERMINE",41.906506974,-87.775364616
"1234","none",2021-11-20 03:53:00,3,"ON SCENE",1,30,"CLEAR","DARKNESS, LIGHTED ROAD","DRY","FIXED OBJECT","DIVIDED - W/MEDIAN BARRIER","FAILING TO REDUCE SPEED TO AVOID CRASH",41.867348026,-87.62399046
"1235","none",2021-11-20 03:48:00,3,"ON SCENE",2,35,"CLEAR","DARKNESS, LIGHTED ROAD","DRY","ANGLE","T-INTERSECTION","DISREGARDING STOP SIGN",41.895158701,-87.743427257
"1236","none",2021-11-20 03:40:00,3,"NOT ON SCENE (DESK REPORT)",2,30,"CLEAR","DARKNESS, LIGHTED ROAD","DRY","PARKED MOTOR VEHICLE","ONE-WAY","UNABLE TO DETERMINE",41.706173659,-87.618466826
"1237","none",2021-11-20 03:30:00,3,"NOT ON SCENE (DESK REPORT)",2,30,"CLEAR","DARKNESS, LIGHTED ROAD","DRY","SIDESWIPE OPPOSITE DIRECTION","NOT DIVIDED","UNABLE TO DETERMINE",41.905718681,-87.775338425
"1238","none",2021-11-20 03:30:00,3,"ON SCENE",3,30,"CLEAR","DARKNESS","DRY","REAR END","DIVIDED - W/MEDIAN (NOT RAISED)","FAILING TO REDUCE SPEED TO AVOID CRASH",41.882700806,-87.686329977
"1239","none",2021-11-20 03:16:00,3,"ON SCENE",1,30,"CLEAR","DARKNESS, LIGHTED ROAD","DRY","FIXED OBJECT","T-INTERSECTION","UNABLE TO DETERMINE",41.807658499,-87.731755331
"1240","none",2021-11-20 03:06:00,3,"ON SCENE",2,30,"CLEAR","DARKNESS, LIGHTED ROAD","DRY","ANGLE","NOT DIVIDED","DISREGARDING TRAFFIC SIGNALS",41.815778427,-87.66529289
"1241","injuries",2021-11-20 03:04:00,3,"ON SCENE",2,30,"CLEAR","DARKNESS, LIGHTED ROAD","DRY","ANGLE","NOT DIVIDED","DISREGARDING STOP SIGN",41.765132264,-87.643172108
"1242","none",2021-11-20 03:00:00,3,"ON SCENE",1,25,"CLEAR","DARKNESS, LIGHTED ROAD","DRY","FIXED OBJECT","T-INTERSECTION","UNABLE TO DETERMINE",41.663585976,-87.619889182
"1243","none",2021-11-20 03:00:00,3,"ON SCENE",2,35,"CLEAR","UNKNOWN","DRY","PARKED MOTOR VEHICLE","NOT DIVIDED","UNABLE TO DETERMINE",42.007944253,-87.661529444
"1244","none",2021-11-20 03:00:00,3,"ON SCENE",2,30,"CLEAR","DARKNESS, LIGHTED ROAD","DRY","PARKED MOTOR VEHICLE","NOT DIVIDED","UNABLE TO DETERMINE",41.692107454,-87.536344581
"1245","injuries",2021-11-20 02:50:00,2,"ON SCENE",8,35,"CLEAR","DARKNESS, LIGHTED ROAD","DRY","REAR END","NOT DIVIDED","FAILING TO REDUCE SPEED TO AVOID CRASH",41.953304984,-87.747426866
"1246","none",2021-11-20 02:46:00,2,"ON SCENE",2,30,"CLEAR","DARKNESS, LIGHTED ROAD","UNKNOWN","PARKED MOTOR VEHICLE","NOT DIVIDED","EQUIPMENT - VEHICLE CONDITION",41.93656643,-87.71746074
"1247","injuries",2021-11-20 02:45:00,2,"ON SCENE",3,30,"CLEAR","DARKNESS, LIGHTED ROAD","DRY","PARKED MOTOR VEHICLE","NOT DIVIDED","DISTRACTION - FROM OUTSIDE VEHICLE",41.697653796,-87.62071265
"1248","none",2021-11-20 02:45:00,2,"NOT ON SCENE (DESK REPORT)",2,20,"CLEAR","DAYLIGHT","DRY","TURNING","NOT DIVIDED","DRIVING ON WRONG SIDE/WRONG WAY",41.963712688,-87.649819915
"1249","none",2021-11-20 02:40:00,2,"NOT ON SCENE (DESK REPORT)",2,30,"CLEAR","DARKNESS, LIGHTED ROAD","DRY","REAR END","NOT DIVIDED","FAILING TO YIELD RIGHT-OF-WAY",41.874614605,-87.735407855
"1250","injuries",2021-11-20 02:30:00,2,"ON SCENE",4,30,"CLEAR","DARKNESS, LIGHTED ROAD","DRY","TURNING","NOT DIVIDED","UNABLE TO DETERMINE",41.960309746,-87.772065548
"1251","none",2021-11-20 02:22:00,2,"ON SCENE",2,30,"CLEAR","DARKNESS, LIGHTED ROAD","DRY","REAR END","NOT DIVIDED","EQUIPMENT - VEHICLE CONDITION",41.848384442,-87.675890047
"1252","none",2021-11-20 02:18:00,2,"ON SCENE",2,35,"CLEAR","DARKNESS, LIGHTED ROAD","DRY","REAR END","DIVIDED - W/MEDIAN (NOT RAISED)","CELL PHONE USE OTHER THAN TEXTING",41.997661672,-87.807703557
"1253","none",2021-11-20 02:10:00,2,"NOT ON SCENE (DESK REPORT)",2,30,"CLEAR","DARKNESS, LIGHTED ROAD","DRY","PARKED MOTOR VEHICLE","ONE-WAY","UNABLE TO DETERMINE",41.699284667,-87.607190246
"1254","injuries",2021-11-20 02:10:00,2,"ON SCENE",2,30,"CLEAR","DARKNESS, LIGHTED ROAD","DRY","ANGLE","FOUR WAY","DISREGARDING TRAFFIC SIGNALS",41.778518529,-87.732672306
"1255","injuries",2021-11-20 02:09:00,2,"ON SCENE",2,30,"CLEAR","DARKNESS, LIGHTED ROAD","DRY","ANGLE","FOUR WAY","DISREGARDING TRAFFIC SIGNALS",41.872994993,-87.75495364
"1256","none",2021-11-20 02:05:00,2,"NOT ON SCENE (DESK REPORT)",2,30,"CLEAR","DARKNESS, LIGHTED ROAD","DRY","TURNING","FOUR WAY","FAILING TO YIELD RIGHT-OF-WAY",41.953759576,-87.727480334
"1257","injuries",2021-11-20 02:00:00,2,"ON SCENE",2,15,"CLEAR","DARKNESS, LIGHTED ROAD","DRY","REAR END","T-INTERSECTION","FOLLOWING TOO CLOSELY",41.892365068,-87.724921409
"1258","injuries",2021-11-20 02:00:00,2,"ON SCENE",2,30,"CLEAR","DARKNESS, LIGHTED ROAD","DRY","PARKED MOTOR VEHICLE","NOT DIVIDED","UNABLE TO DETERMINE",41.874274349,-87.71095054
"1259","injuries",2021-11-20 01:57:00,1,"ON SCENE",2,30,"CLEAR","DARKNESS, LIGHTED ROAD","DRY","PARKED MOTOR VEHICLE","NOT DIVIDED","UNABLE TO DETERMINE",41.897004336,-87.743425832
"1260","none",2021-11-20 01:54:00,1,"ON SCENE",3,30,"CLEAR","DARKNESS, LIGHTED ROAD","DRY","HEAD ON","NOT DIVIDED","UNDER THE INFLUENCE OF ALCOHOL/DRUGS (USE WHEN ARREST IS EFFECTED)",41.945812976,-87.783162399
"1261","injuries",2021-11-20 01:45:00,1,"ON SCENE",2,30,"CLEAR","DARKNESS, LIGHTED ROAD","DRY","TURNING","FOUR WAY","IMPROPER TURNING/NO SIGNAL",41.807533457,-87.743003421
"1262","injuries",2021-11-20 01:00:00,1,"ON SCENE",5,30,"CLEAR","DARKNESS, LIGHTED ROAD","DRY","PARKED MOTOR VEHICLE","ONE-WAY","UNABLE TO DETERMINE",41.781125351,-87.688262789
"1263","injuries",2021-11-20 01:00:00,1,"NOT ON SCENE (DESK REPORT)",2,30,"CLEAR","DARKNESS, LIGHTED ROAD","DRY","SIDESWIPE SAME DIRECTION","NOT DIVIDED","UNABLE TO DETERMINE",41.909546231,-87.7607433
"1264","none",2021-11-20 01:00:00,1,"ON SCENE",2,30,"UNKNOWN","DARKNESS","UNKNOWN","PARKED MOTOR VEHICLE","OTHER","UNABLE TO DETERMINE",41.899372502,-87.699322377
"1265","none",2021-11-20 01:00:00,1,"ON SCENE",2,30,"CLEAR","DARKNESS, LIGHTED ROAD","DRY","PARKED MOTOR VEHICLE","NOT DIVIDED","UNABLE TO DETERMINE",41.796160967,-87.650403412
"1266","none",2021-11-20 01:00:00,1,"NOT ON SCENE (DESK REPORT)",2,30,"UNKNOWN","UNKNOWN","UNKNOWN","PARKED MOTOR VEHICLE","ONE-WAY","UNABLE TO DETERMINE",41.908543632,-87.69286048
"1267","none",2021-11-20 01:00:00,1,"ON SCENE",2,30,"CLEAR","DARKNESS, LIGHTED ROAD","DRY","PARKED MOTOR VEHICLE","ONE-WAY","UNABLE TO DETERMINE",41.74171423,-87.578082906
"1268","none",2021-11-20 00:55:00,0,"ON SCENE",2,30,"CLEAR","DARKNESS, LIGHTED ROAD","DRY","TURNING","FOUR WAY","IMPROPER LANE USAGE",41.857564071,-87.639078911
"1269","injuries",2021-11-20 00:34:00,0,"ON SCENE",2,30,"CLEAR","DARKNESS, LIGHTED ROAD","DRY","PEDESTRIAN","NOT DIVIDED","UNABLE TO DETERMINE",41.86736267,-87.639716196
"1270","none",2021-11-20 00:30:00,0,"ON SCENE",2,20,"CLEAR","DARKNESS, LIGHTED ROAD","DRY","PARKED MOTOR VEHICLE","NOT DIVIDED","IMPROPER BACKING",41.970122051,-87.660386842
"1271","none",2021-11-20 00:30:00,0,"ON SCENE",2,35,"CLEAR","DARKNESS, LIGHTED ROAD","DRY","PARKED MOTOR VEHICLE","NOT DIVIDED","UNABLE TO DETERMINE",41.756212635,-87.642563781
"1272","none",2021-11-20 00:30:00,0,"NOT ON SCENE (DESK REPORT)",2,20,"CLEAR","DARKNESS, LIGHTED ROAD","DRY","PARKED MOTOR VEHICLE","ONE-WAY","UNABLE TO DETERMINE",41.916342918,-87.721493636
"1273","none",2021-11-20 00:21:00,0,"ON SCENE",3,30,"CLEAR","DARKNESS, LIGHTED ROAD","UNKNOWN","PARKED MOTOR VEHICLE","DIVIDED - W/MEDIAN (NOT RAISED)","FAILING TO REDUCE SPEED TO AVOID CRASH",41.877944792,-87.715651873
"1274","none",2021-11-20 00:20:00,0,"ON SCENE",3,35,"CLEAR","DARKNESS, LIGHTED ROAD","DRY","SIDESWIPE SAME DIRECTION","DIVIDED - W/MEDIAN BARRIER","DRIVING SKILLS/KNOWLEDGE/EXPERIENCE",41.904076743,-87.624803937
"1275","none",2021-11-20 00:20:00,0,"ON SCENE",2,30,"CLEAR","DARKNESS, LIGHTED ROAD","DRY","TURNING","DRIVEWAY","IMPROPER BACKING",41.881897552,-87.646724128
"1276","none",2021-11-20 00:17:00,0,"ON SCENE",4,15,"CLEAR","DARKNESS, LIGHTED ROAD","DRY","SIDESWIPE SAME DIRECTION","DIVIDED - W/MEDIAN (NOT RAISED)","UNDER THE INFLUENCE OF ALCOHOL/DRUGS (USE WHEN ARREST IS EFFECTED)",41.931573292,-87.649118851
"1277","injuries",2021-11-20 00:07:00,0,"ON SCENE",1,30,"CLEAR","DARKNESS, LIGHTED ROAD","DRY","OTHER NONCOLLISION","NOT DIVIDED","EVASIVE ACTION DUE TO ANIMAL, OBJECT, NONMOTORIST",41.814390164,-87.640963699
"1278","none",2021-11-20 00:01:00,0,"NOT ON SCENE (DESK REPORT)",2,15,"CLEAR","DARKNESS, LIGHTED ROAD","DRY","PARKED MOTOR VEHICLE","OTHER","UNABLE TO DETERMINE",41.894161155,-87.616202013
"1279","none",2021-11-20 00:01:00,0,"NOT ON SCENE (DESK REPORT)",3,30,"CLEAR","DARKNESS, LIGHTED ROAD","DRY","PARKED MOTOR VEHICLE","NOT DIVIDED","UNABLE TO DETERMINE",41.90385198,-87.641585593
"1280","none",2021-11-20 00:01:00,0,"ON SCENE",2,15,"OTHER","DARKNESS, LIGHTED ROAD","OTHER","PARKED MOTOR VEHICLE","DIVIDED - W/MEDIAN (NOT RAISED)","UNABLE TO DETERMINE",41.912793756,-87.77520116
"1281","none",2021-11-20 00:01:00,0,"NOT ON SCENE (DESK REPORT)",2,30,"CLEAR","DARKNESS, LIGHTED ROAD","DRY","SIDESWIPE SAME DIRECTION","NOT DIVIDED","UNABLE TO DETERMINE",41.866113019,-87.736982003
"1282","injuries",2021-11-19 23:49:00,23,"ON SCENE",2,45,"CLEAR","DARKNESS, LIGHTED ROAD","DRY","SIDESWIPE SAME DIRECTION","Y-INTERSECTION","IMPROPER LANE USAGE",41.773438566,-87.566899306
"1283","none",2021-11-19 23:48:00,23,"ON SCENE",1,30,"CLEAR","DARKNESS, LIGHTED ROAD","DRY","FIXED OBJECT","NOT DIVIDED","PHYSICAL CONDITION OF DRIVER",41.716415592,-87.550845838
"1284","none",2021-11-19 23:30:00,23,"NOT ON SCENE (DESK REPORT)",2,30,"CLEAR","DARKNESS, LIGHTED ROAD","DRY","TURNING","FOUR WAY","IMPROPER TURNING/NO SIGNAL",41.867375116,-87.622493232
"1285","injuries",2021-11-19 23:26:00,23,"ON SCENE",2,30,"CLEAR","DARKNESS, LIGHTED ROAD","DRY","ANGLE","FOUR WAY","DISREGARDING TRAFFIC SIGNALS",41.867263098,-87.646972686
"1286","none",2021-11-19 23:15:00,23,"NOT ON SCENE (DESK REPORT)",2,30,"CLEAR","DARKNESS, LIGHTED ROAD","DRY","REAR END","FOUR WAY","UNABLE TO DETERMINE",41.776731403,-87.646992864
"1287","injuries",2021-11-19 23:15:00,23,"ON SCENE",2,30,"CLEAR","DARKNESS, LIGHTED ROAD","DRY","ANGLE","FOUR WAY","DISREGARDING TRAFFIC SIGNALS",41.852061456,-87.717298294
"1288","injuries",2021-11-19 23:05:00,23,"ON SCENE",2,30,"CLEAR","DARKNESS, LIGHTED ROAD","DRY","REAR END","DIVIDED - W/MEDIAN (NOT RAISED)","UNABLE TO DETERMINE",41.938534927,-87.806912679
"1289","injuries",2021-11-19 23:05:00,23,"ON SCENE",2,30,"CLEAR","DARKNESS, LIGHTED ROAD","DRY","PEDALCYCLIST","FOUR WAY","FAILING TO YIELD RIGHT-OF-WAY",41.896457755,-87.636098042
"1290","none",2021-11-19 23:00:00,23,"ON SCENE",2,30,"CLEAR","DARKNESS, LIGHTED ROAD","DRY","REAR END","DIVIDED - W/MEDIAN (NOT RAISED)","UNABLE TO DETERMINE",41.832797677,-87.646299808
"1291","none",2021-11-19 23:00:00,23,"NOT ON SCENE (DESK REPORT)",2,35,"CLEAR","DARKNESS, LIGHTED ROAD","DRY","ANGLE","T-INTERSECTION","FAILING TO YIELD RIGHT-OF-WAY",41.778610944,-87.60479472
"1292","injuries",2021-11-19 22:44:00,22,"NOT ON SCENE (DESK REPORT)",2,30,"UNKNOWN","UNKNOWN","UNKNOWN","ANGLE","DIVIDED - W/MEDIAN (NOT RAISED)","UNABLE TO DETERMINE",41.838107929,-87.649901241
"1293","injuries",2021-11-19 22:38:00,22,"ON SCENE",2,30,"CLEAR","DARKNESS","DRY","PEDALCYCLIST","FOUR WAY","UNABLE TO DETERMINE",41.848155869,-87.69521965
"1294","none",2021-11-19 22:20:00,22,"NOT ON SCENE (DESK REPORT)",2,30,"CLEAR","DARKNESS, LIGHTED ROAD","DRY","PARKED MOTOR VEHICLE","NOT DIVIDED","UNABLE TO DETERMINE",41.771297246,-87.72039537
"1295","none",2021-11-19 22:08:00,22,"NOT ON SCENE (DESK REPORT)",2,30,"UNKNOWN","DARKNESS, LIGHTED ROAD","UNKNOWN","SIDESWIPE SAME DIRECTION","UNKNOWN","IMPROPER OVERTAKING/PASSING",41.884623785,-87.620476044
"1296","none",2021-11-19 22:00:00,22,"NOT ON SCENE (DESK REPORT)",2,30,"CLEAR","DARKNESS, LIGHTED ROAD","DRY","ANGLE","NOT DIVIDED","IMPROPER BACKING",41.897422897,-87.717451872
"1297","none",2021-11-19 22:00:00,22,"NOT ON SCENE (DESK REPORT)",2,25,"UNKNOWN","DARKNESS","UNKNOWN","PARKED MOTOR VEHICLE","NOT DIVIDED","UNABLE TO DETERMINE",41.933632591,-87.655220328
"1298","none",2021-11-19 21:45:00,21,"NOT ON SCENE (DESK REPORT)",2,30,"CLEAR","DARKNESS, LIGHTED ROAD","DRY","SIDESWIPE SAME DIRECTION","DIVIDED - W/MEDIAN (NOT RAISED)","FAILING TO YIELD RIGHT-OF-WAY",41.951993556,-87.837546701
"1299","none",2021-11-19 21:40:00,21,"ON SCENE",2,20,"CLEAR","DARKNESS, LIGHTED ROAD","DRY","PARKED MOTOR VEHICLE","NOT DIVIDED","IMPROPER BACKING",41.743606803,-87.735906862