"","injuries","crash_date","crash_hour","report_type","num_units","posted_speed_limit","weather_condition","lighting_condition","roadway_surface_cond","first_crash_type","trafficway_type","prim_contributory_cause","latitude","longitude"
"1300","none",2021-11-19 21:30:00,21,"NOT ON SCENE (DESK REPORT)",2,30,"CLEAR","DARKNESS, LIGHTED ROAD","DRY","SIDESWIPE SAME DIRECTION","NOT DIVIDED","NOT APPLICABLE",41.952234209,-87.837898166
"1301","none",2021-11-19 21:30:00,21,"NOT ON SCENE (DESK REPORT)",2,20,"CLEAR","DARKNESS, LIGHTED ROAD","DRY","REAR TO FRONT","ONE-WAY","UNABLE TO DETERMINE",41.90425076,-87.676037249
"1302","none",2021-11-19 21:21:00,21,"ON SCENE",3,30,"CLEAR","DARKNESS","DRY","PARKED MOTOR VEHICLE","NOT DIVIDED","UNABLE TO DETERMINE",41.941920366,-87.795986959
"1303","none",2021-11-19 21:20:00,21,"ON SCENE",2,30,"CLEAR","DARKNESS, LIGHTED ROAD","DRY","REAR END","NOT DIVIDED","OPERATING VEHICLE IN ERRATIC, RECKLESS, CARELESS, NEGLIGENT OR AGGRESSIVE MANNER",41.785725192,-87.732805323
"1304","injuries",2021-11-19 21:20:00,21,"ON SCENE",2,30,"CLEAR","DARKNESS, LIGHTED ROAD","DRY","ANGLE","FOUR WAY","DISREGARDING TRAFFIC SIGNALS",41.910005731,-87.706895043
"1305","none",2021-11-19 21:20:00,21,"NOT ON SCENE (DESK REPORT)",2,30,"CLEAR","DARKNESS, LIGHTED ROAD","DRY","REAR END","NOT DIVIDED","UNABLE TO DETERMINE",41.769320663,-87.741863569
"1306","none",2021-11-19 21:00:00,21,"NOT ON SCENE (DESK REPORT)",2,30,"CLEAR","DARKNESS, LIGHTED ROAD","DRY","PARKED MOTOR VEHICLE","PARKING LOT","IMPROPER OVERTAKING/PASSING",41.914820427,-87.77555967
"1307","injuries",2021-11-19 20:50:00,20,"ON SCENE",2,30,"CLEAR","DARKNESS, LIGHTED ROAD","DRY","PEDALCYCLIST","DIVIDED - W/MEDIAN (NOT RAISED)","FAILING TO YIELD RIGHT-OF-WAY",41.750751157,-87.644107793
"1308","none",2021-11-19 20:46:00,20,"ON SCENE",4,30,"CLEAR","DARKNESS, LIGHTED ROAD","DRY","PARKED MOTOR VEHICLE","NOT DIVIDED","FOLLOWING TOO CLOSELY",41.957753115,-87.727588677
"1309","injuries",2021-11-19 20:40:00,20,"ON SCENE",2,30,"UNKNOWN","DARKNESS, LIGHTED ROAD","DRY","SIDESWIPE SAME DIRECTION","T-INTERSECTION","DRIVING SKILLS/KNOWLEDGE/EXPERIENCE",41.990336639,-87.707534415
"1310","none",2021-11-19 20:38:00,20,"ON SCENE",2,35,"CLEAR","DARKNESS, LIGHTED ROAD","DRY","REAR END","NOT DIVIDED","UNABLE TO DETERMINE",41.698783022,-87.700932786
"1311","none",2021-11-19 20:30:00,20,"NOT ON SCENE (DESK REPORT)",2,30,"CLEAR","DARKNESS, LIGHTED ROAD","DRY","REAR TO FRONT","NOT DIVIDED","IMPROPER BACKING",41.989925027,-87.659439578
"1312","none",2021-11-19 20:30:00,20,"ON SCENE",2,30,"CLEAR","DARKNESS, LIGHTED ROAD","DRY","ANGLE","FOUR WAY","FAILING TO YIELD RIGHT-OF-WAY",41.809522053,-87.599410648
"1313","none",2021-11-19 20:18:00,20,"NOT ON SCENE (DESK REPORT)",2,30,"CLEAR","DARKNESS","DRY","SIDESWIPE SAME DIRECTION","NOT DIVIDED","IMPROPER OVERTAKING/PASSING",41.750973465,-87.629556306
"1314","none",2021-11-19 20:00:00,20,"NOT ON SCENE (DESK REPORT)",2,30,"CLEAR","DARKNESS","DRY","REAR END","NOT DIVIDED","FOLLOWING TOO CLOSELY",41.721311827,-87.64947564
"1315","none",2021-11-19 20:00:00,20,"NOT ON SCENE (DESK REPORT)",2,30,"CLEAR","DARKNESS","DRY","REAR END","DIVIDED - W/MEDIAN (NOT RAISED)","FOLLOWING TOO CLOSELY",41.858061856,-87.656493932
"1316","none",2021-11-19 20:00:00,20,"NOT ON SCENE (DESK REPORT)",2,30,"CLEAR","DARKNESS, LIGHTED ROAD","DRY","PARKED MOTOR VEHICLE","ONE-WAY","UNABLE TO DETERMINE",41.892344575,-87.629174454
"1317","none",2021-11-19 20:00:00,20,"ON SCENE",2,30,"CLEAR","DARKNESS, LIGHTED ROAD","DRY","PARKED MOTOR VEHICLE","NOT DIVIDED","NOT APPLICABLE",41.772919215,-87.612143538
"1318","none",2021-11-19 19:55:00,19,"NOT ON SCENE (DESK REPORT)",2,30,"CLEAR","DARKNESS","DRY","SIDESWIPE SAME DIRECTION","DIVIDED - W/MEDIAN BARRIER","IMPROPER LANE USAGE",41.774814005,-87.586476153
"1319","none",2021-11-19 19:55:00,19,"NOT ON SCENE (DESK REPORT)",2,30,"CLEAR","DARKNESS, LIGHTED ROAD","DRY","REAR TO SIDE","DIVIDED - W/MEDIAN BARRIER","IMPROPER BACKING",41.884220892,-87.651867144
"1320","none",2021-11-19 19:50:00,19,"NOT ON SCENE (DESK REPORT)",1,20,"CLEAR","DARKNESS, LIGHTED ROAD","DRY","OTHER OBJECT","DIVIDED - W/MEDIAN (NOT RAISED)","UNABLE TO DETERMINE",41.865856734,-87.754871604
"1321","none",2021-11-19 19:50:00,19,"NOT ON SCENE (DESK REPORT)",2,30,"CLEAR","DARKNESS, LIGHTED ROAD","DRY","SIDESWIPE SAME DIRECTION","NOT DIVIDED","FOLLOWING TOO CLOSELY",41.785311948,-87.771844858
"1322","injuries",2021-11-19 19:40:00,19,"ON SCENE",2,30,"CLEAR","DARKNESS","DRY","REAR END","NOT DIVIDED","UNABLE TO DETERMINE",41.900725088,-87.634214203
"1323","none",2021-11-19 19:39:00,19,"NOT ON SCENE (DESK REPORT)",2,30,"CLEAR","DARKNESS, LIGHTED ROAD","DRY","SIDESWIPE SAME DIRECTION","DIVIDED - W/MEDIAN (NOT RAISED)","FAILING TO YIELD RIGHT-OF-WAY",41.88555517,-87.628082725
"1324","none",2021-11-19 19:36:00,19,"NOT ON SCENE (DESK REPORT)",2,30,"CLEAR","DARKNESS, LIGHTED ROAD","DRY","REAR END","NOT DIVIDED","FOLLOWING TOO CLOSELY",41.925564408,-87.64870285
"1325","none",2021-11-19 19:35:00,19,"NOT ON SCENE (DESK REPORT)",2,30,"CLEAR","DARKNESS, LIGHTED ROAD","DRY","REAR END","DIVIDED - W/MEDIAN (NOT RAISED)","UNABLE TO DETERMINE",41.901907335,-87.774086443
"1326","none",2021-11-19 19:30:00,19,"NOT ON SCENE (DESK REPORT)",2,25,"CLEAR","DARKNESS, LIGHTED ROAD","DRY","PARKED MOTOR VEHICLE","NOT DIVIDED","UNABLE TO DETERMINE",41.695971398,-87.709688984
"1327","none",2021-11-19 19:20:00,19,"NOT ON SCENE (DESK REPORT)",2,30,"CLEAR","DARKNESS, LIGHTED ROAD","DRY","REAR END","NOT DIVIDED","UNABLE TO DETERMINE",41.880877828,-87.616920728
"1328","injuries",2021-11-19 19:15:00,19,"ON SCENE",2,30,"CLEAR","DARKNESS, LIGHTED ROAD","DRY","SIDESWIPE SAME DIRECTION","DIVIDED - W/MEDIAN BARRIER","PHYSICAL CONDITION OF DRIVER",41.867096552,-87.686199999
"1329","none",2021-11-19 19:15:00,19,"UNKNOWN",2,20,"CLEAR","DARKNESS","DRY","PARKED MOTOR VEHICLE","ONE-WAY","IMPROPER BACKING",41.742128622,-87.551756217
"1330","none",2021-11-19 19:12:00,19,"NOT ON SCENE (DESK REPORT)",2,30,"CLEAR","DARKNESS, LIGHTED ROAD","DRY","REAR END","NOT DIVIDED","FOLLOWING TOO CLOSELY",41.969228582,-87.661196854
"1331","none",2021-11-19 19:10:00,19,"NOT ON SCENE (DESK REPORT)",2,30,"CLEAR","DARKNESS, LIGHTED ROAD","DRY","SIDESWIPE OPPOSITE DIRECTION","NOT DIVIDED","FAILING TO YIELD RIGHT-OF-WAY",41.794173023,-87.76220395
"1332","injuries",2021-11-19 19:10:00,19,"ON SCENE",2,35,"CLEAR","DARKNESS, LIGHTED ROAD","DRY","PEDESTRIAN","NOT DIVIDED","UNABLE TO DETERMINE",41.735930121,-87.647428959
"1333","none",2021-11-19 19:10:00,19,"NOT ON SCENE (DESK REPORT)",2,30,"CLEAR","DARKNESS, LIGHTED ROAD","DRY","REAR END","NOT DIVIDED","UNABLE TO DETERMINE",41.764268246,-87.703382548
"1334","none",2021-11-19 19:00:00,19,"ON SCENE",2,30,"CLEAR","DARKNESS","DRY","PARKED MOTOR VEHICLE","NOT DIVIDED","DRIVING SKILLS/KNOWLEDGE/EXPERIENCE",41.803215304,-87.668872991
"1335","none",2021-11-19 18:59:00,18,"ON SCENE",2,20,"CLEAR","DARKNESS, LIGHTED ROAD","DRY","PEDALCYCLIST","NOT DIVIDED","FAILING TO YIELD RIGHT-OF-WAY",41.975332005,-87.668175258
"1336","none",2021-11-19 18:56:00,18,"NOT ON SCENE (DESK REPORT)",2,30,"CLEAR","DARKNESS, LIGHTED ROAD","UNKNOWN","REAR END","DIVIDED - W/MEDIAN BARRIER","FAILING TO REDUCE SPEED TO AVOID CRASH",41.6724431,-87.641875191
"1337","none",2021-11-19 18:45:00,18,"NOT ON SCENE (DESK REPORT)",2,30,"CLEAR","DARKNESS, LIGHTED ROAD","DRY","SIDESWIPE SAME DIRECTION","ONE-WAY","FAILING TO YIELD RIGHT-OF-WAY",41.898261619,-87.625164692
"1338","none",2021-11-19 18:45:00,18,"ON SCENE",1,30,"CLEAR","DUSK","DRY","OTHER NONCOLLISION","FOUR WAY","UNABLE TO DETERMINE",41.7689916,-87.630007406
"1339","none",2021-11-19 18:40:00,18,"NOT ON SCENE (DESK REPORT)",3,30,"CLEAR","DARKNESS, LIGHTED ROAD","DRY","SIDESWIPE SAME DIRECTION","NOT DIVIDED","IMPROPER LANE USAGE",41.967185145,-87.76760601
"1340","none",2021-11-19 18:40:00,18,"NOT ON SCENE (DESK REPORT)",2,30,"CLEAR","DARKNESS, LIGHTED ROAD","DRY","REAR END","DIVIDED - W/MEDIAN (NOT RAISED)","UNABLE TO DETERMINE",41.90898946,-87.804362841
"1341","none",2021-11-19 18:38:00,18,"NOT ON SCENE (DESK REPORT)",2,30,"CLEAR","DARKNESS, LIGHTED ROAD","DRY","SIDESWIPE SAME DIRECTION","ONE-WAY","IMPROPER OVERTAKING/PASSING",41.898217621,-87.62774187
"1342","none",2021-11-19 18:35:00,18,"NOT ON SCENE (DESK REPORT)",2,30,"CLEAR","DARKNESS, LIGHTED ROAD","DRY","REAR END","NOT DIVIDED","UNABLE TO DETERMINE",41.823055555,-87.670630844
"1343","none",2021-11-19 18:31:00,18,"ON SCENE",2,30,"CLEAR","DARKNESS, LIGHTED ROAD","DRY","SIDESWIPE SAME DIRECTION","DIVIDED - W/MEDIAN (NOT RAISED)","IMPROPER OVERTAKING/PASSING",41.922056116,-87.643810828
"1344","none",2021-11-19 18:30:00,18,"NOT ON SCENE (DESK REPORT)",2,30,"UNKNOWN","UNKNOWN","UNKNOWN","PARKED MOTOR VEHICLE","NOT DIVIDED","UNABLE TO DETERMINE",41.898826337,-87.707634033
"1345","none",2021-11-19 18:30:00,18,"NOT ON SCENE (DESK REPORT)",1,30,"CLEAR","DUSK","DRY","FIXED OBJECT","NOT DIVIDED","UNABLE TO DETERMINE",41.752682267,-87.633871876
"1346","none",2021-11-19 18:30:00,18,"NOT ON SCENE (DESK REPORT)",3,30,"CLEAR","DARKNESS","DRY","SIDESWIPE SAME DIRECTION","NOT DIVIDED","IMPROPER OVERTAKING/PASSING",41.793478362,-87.674426221
"1347","none",2021-11-19 18:23:00,18,"ON SCENE",2,30,"CLEAR","DARKNESS, LIGHTED ROAD","DRY","SIDESWIPE SAME DIRECTION","DIVIDED - W/MEDIAN (NOT RAISED)","IMPROPER OVERTAKING/PASSING",41.940158213,-87.644550282
"1348","none",2021-11-19 18:23:00,18,"NOT ON SCENE (DESK REPORT)",2,30,"CLEAR","DUSK","DRY","TURNING","NOT DIVIDED","IMPROPER TURNING/NO SIGNAL",41.715874944,-87.642917199
"1349","none",2021-11-19 18:20:00,18,"ON SCENE",2,30,"CLEAR","DARKNESS, LIGHTED ROAD","DRY","REAR END","NOT DIVIDED","FOLLOWING TOO CLOSELY",41.771820127,-87.700574743
"1350","none",2021-11-19 18:07:00,18,"NOT ON SCENE (DESK REPORT)",2,30,"CLEAR","DARKNESS","DRY","REAR END","NOT DIVIDED","UNABLE TO DETERMINE",41.960358972,-87.747656289
"1351","none",2021-11-19 18:00:00,18,"NOT ON SCENE (DESK REPORT)",2,40,"CLOUDY/OVERCAST","DARKNESS","WET","REAR END","UNKNOWN","FOLLOWING TOO CLOSELY",41.891118333,-87.614384685
"1352","none",2021-11-19 18:00:00,18,"UNKNOWN",3,15,"CLEAR","DARKNESS, LIGHTED ROAD","DRY","PARKED MOTOR VEHICLE","PARKING LOT","UNABLE TO DETERMINE",41.886841015,-87.640043477
"1353","none",2021-11-19 17:58:00,17,"NOT ON SCENE (DESK REPORT)",1,30,"CLEAR","DARKNESS, LIGHTED ROAD","DRY","FIXED OBJECT","NOT DIVIDED","NOT APPLICABLE",41.860260262,-87.623841742
"1354","none",2021-11-19 17:50:00,17,"NOT ON SCENE (DESK REPORT)",2,30,"CLEAR","DARKNESS, LIGHTED ROAD","DRY","SIDESWIPE SAME DIRECTION","DIVIDED - W/MEDIAN (NOT RAISED)","IMPROPER LANE USAGE",41.880756635,-87.624189858
"1355","none",2021-11-19 17:50:00,17,"NOT ON SCENE (DESK REPORT)",2,30,"CLEAR","DAYLIGHT","DRY","TURNING","NOT DIVIDED","FAILING TO YIELD RIGHT-OF-WAY",42.019452487,-87.668393902
"1356","none",2021-11-19 17:48:00,17,"NOT ON SCENE (DESK REPORT)",2,30,"CLEAR","DARKNESS, LIGHTED ROAD","DRY","SIDESWIPE SAME DIRECTION","NOT DIVIDED","IMPROPER OVERTAKING/PASSING",41.888198792,-87.632362984
"1357","none",2021-11-19 17:45:00,17,"NOT ON SCENE (DESK REPORT)",2,30,"CLEAR","DARKNESS, LIGHTED ROAD","DRY","SIDESWIPE SAME DIRECTION","NOT DIVIDED","UNABLE TO DETERMINE",41.985405332,-87.663203645
"1358","none",2021-11-19 17:45:00,17,"NOT ON SCENE (DESK REPORT)",1,30,"CLEAR","DAYLIGHT","DRY","OTHER NONCOLLISION","NOT DIVIDED","UNABLE TO DETERMINE",41.782530563,-87.57596243
"1359","none",2021-11-19 17:45:00,17,"NOT ON SCENE (DESK REPORT)",2,30,"CLEAR","DARKNESS, LIGHTED ROAD","DRY","SIDESWIPE SAME DIRECTION","DIVIDED - W/MEDIAN (NOT RAISED)","IMPROPER OVERTAKING/PASSING",41.772817684,-87.630024485
"1360","none",2021-11-19 17:42:00,17,"NOT ON SCENE (DESK REPORT)",2,30,"CLEAR","DARKNESS, LIGHTED ROAD","DRY","REAR END","DIVIDED - W/MEDIAN BARRIER","FOLLOWING TOO CLOSELY",41.721047709,-87.682004831
"1361","none",2021-11-19 17:40:00,17,"NOT ON SCENE (DESK REPORT)",2,30,"CLEAR","DARKNESS, LIGHTED ROAD","DRY","ANGLE","ONE-WAY","DISREGARDING STOP SIGN",41.957474004,-87.722883638
"1362","none",2021-11-19 17:35:00,17,"ON SCENE",2,30,"CLEAR","DARKNESS","DRY","REAR END","NOT DIVIDED","FOLLOWING TOO CLOSELY",41.909490053,-87.765576615
"1363","none",2021-11-19 17:30:00,17,"NOT ON SCENE (DESK REPORT)",2,30,"CLEAR","DAWN","DRY","REAR END","NOT DIVIDED","FOLLOWING TOO CLOSELY",42.00453355,-87.680021527
"1364","none",2021-11-19 17:25:00,17,"NOT ON SCENE (DESK REPORT)",2,30,"CLEAR","DUSK","DRY","REAR TO FRONT","NOT DIVIDED","UNABLE TO DETERMINE",41.767514104,-87.629974144
"1365","none",2021-11-19 17:25:00,17,"ON SCENE",2,15,"CLEAR","DUSK","DRY","PARKED MOTOR VEHICLE","ONE-WAY","UNABLE TO DETERMINE",41.960499184,-87.690664115
"1366","none",2021-11-19 17:25:00,17,"ON SCENE",2,30,"CLEAR","DARKNESS, LIGHTED ROAD","DRY","TURNING","UNKNOWN INTERSECTION TYPE","DISREGARDING STOP SIGN",41.714232228,-87.652007409
"1367","none",2021-11-19 17:20:00,17,"NOT ON SCENE (DESK REPORT)",2,30,"UNKNOWN","UNKNOWN","UNKNOWN","ANGLE","UNKNOWN","UNABLE TO DETERMINE",41.964478897,-87.747512884
"1368","none",2021-11-19 17:20:00,17,"NOT ON SCENE (DESK REPORT)",3,30,"CLEAR","DARKNESS","DRY","SIDESWIPE SAME DIRECTION","NOT DIVIDED","IMPROPER OVERTAKING/PASSING",41.7689916,-87.630007406
"1369","injuries",2021-11-19 17:15:00,17,"ON SCENE",2,30,"CLEAR","DARKNESS, LIGHTED ROAD","DRY","PARKED MOTOR VEHICLE","NOT DIVIDED","OPERATING VEHICLE IN ERRATIC, RECKLESS, CARELESS, NEGLIGENT OR AGGRESSIVE MANNER",41.923803325,-87.770399033
"1370","none",2021-11-19 17:15:00,17,"NOT ON SCENE (DESK REPORT)",2,30,"CLEAR","DARKNESS, LIGHTED ROAD","DRY","PARKED MOTOR VEHICLE","ONE-WAY","IMPROPER OVERTAKING/PASSING",41.919357245,-87.776928381
"1371","none",2021-11-19 17:15:00,17,"NOT ON SCENE (DESK REPORT)",2,30,"CLEAR","DAYLIGHT","DRY","REAR END","NOT DIVIDED","UNABLE TO DETERMINE",41.895933348,-87.677199917
"1372","injuries",2021-11-19 17:06:00,17,"NOT ON SCENE (DESK REPORT)",2,30,"CLEAR","DUSK","DRY","TURNING","DIVIDED - W/MEDIAN (NOT RAISED)","FAILING TO YIELD RIGHT-OF-WAY",41.764816985,-87.676914902
"1373","none",2021-11-19 17:05:00,17,"ON SCENE",2,30,"CLEAR","DARKNESS, LIGHTED ROAD","DRY","PARKED MOTOR VEHICLE","DIVIDED - W/MEDIAN BARRIER","DISTRACTION - FROM OUTSIDE VEHICLE",41.90039411,-87.667558475
"1374","none",2021-11-19 17:02:00,17,"NOT ON SCENE (DESK REPORT)",2,35,"CLEAR","DARKNESS, LIGHTED ROAD","DRY","SIDESWIPE SAME DIRECTION","NOT DIVIDED","UNABLE TO DETERMINE",41.821944833,-87.743676596
"1375","none",2021-11-19 17:00:00,17,"NOT ON SCENE (DESK REPORT)",2,30,"CLEAR","DAYLIGHT","DRY","TURNING","NOT DIVIDED","IMPROPER TURNING/NO SIGNAL",41.995197027,-87.689947407
"1376","none",2021-11-19 17:00:00,17,"ON SCENE",2,30,"CLEAR","DARKNESS","DRY","REAR END","FOUR WAY","IMPROPER BACKING",41.858053255,-87.705555636
"1377","none",2021-11-19 17:00:00,17,"NOT ON SCENE (DESK REPORT)",2,30,"CLEAR","DARKNESS","DRY","SIDESWIPE SAME DIRECTION","NOT DIVIDED","UNABLE TO DETERMINE",41.898503275,-87.642867098
"1378","none",2021-11-19 17:00:00,17,"NOT ON SCENE (DESK REPORT)",2,30,"CLEAR","DARKNESS","DRY","TURNING","NOT DIVIDED","UNABLE TO DETERMINE",41.92098564,-87.71703369
"1379","none",2021-11-19 16:50:00,16,"ON SCENE",2,30,"CLEAR","DARKNESS, LIGHTED ROAD","DRY","TURNING","OTHER","UNABLE TO DETERMINE",41.934214989,-87.687799033
"1380","none",2021-11-19 16:45:00,16,"NOT ON SCENE (DESK REPORT)",2,25,"CLEAR","DARKNESS","DRY","REAR END","NOT DIVIDED","FOLLOWING TOO CLOSELY",41.736182571,-87.643659815
"1381","injuries",2021-11-19 16:43:00,16,"NOT ON SCENE (DESK REPORT)",3,30,"CLEAR","DAYLIGHT","DRY","TURNING","FOUR WAY","UNABLE TO DETERMINE",41.756533444,-87.612777985
"1382","none",2021-11-19 16:31:00,16,"ON SCENE",2,30,"CLEAR","DUSK","DRY","REAR END","NOT DIVIDED","FAILING TO REDUCE SPEED TO AVOID CRASH",41.99131034,-87.729011924
"1383","none",2021-11-19 16:30:00,16,"ON SCENE",1,0,"CLEAR","DUSK","DRY","FIXED OBJECT","OTHER","UNABLE TO DETERMINE",41.691699313,-87.698962356
"1384","none",2021-11-19 16:30:00,16,"ON SCENE",2,30,"CLEAR","DUSK","DRY","REAR TO FRONT","NOT DIVIDED","IMPROPER BACKING",41.724671621,-87.553741751
"1385","none",2021-11-19 16:30:00,16,"NOT ON SCENE (DESK REPORT)",2,30,"CLEAR","DARKNESS, LIGHTED ROAD","DRY","REAR END","NOT DIVIDED","FAILING TO REDUCE SPEED TO AVOID CRASH",41.771768498,-87.690913418
"1386","injuries",2021-11-19 16:30:00,16,"ON SCENE",2,25,"CLEAR","DAYLIGHT","DRY","ANGLE","NOT DIVIDED","FAILING TO YIELD RIGHT-OF-WAY",41.788665207,-87.654883473
"1387","none",2021-11-19 16:30:00,16,"ON SCENE",3,30,"CLEAR","DUSK","DRY","REAR END","FOUR WAY","IMPROPER TURNING/NO SIGNAL",41.809118188,-87.712117946
"1388","injuries",2021-11-19 16:28:00,16,"ON SCENE",2,30,"CLEAR","DARKNESS, LIGHTED ROAD","DRY","ANGLE","NOT REPORTED","DISREGARDING TRAFFIC SIGNALS",41.801931892,-87.621171264
"1389","none",2021-11-19 16:25:00,16,"NOT ON SCENE (DESK REPORT)",2,30,"CLEAR","DAYLIGHT","DRY","REAR END","NOT DIVIDED","TEXTING",41.972687221,-87.691349931
"1390","none",2021-11-19 16:23:00,16,"NOT ON SCENE (DESK REPORT)",2,25,"CLEAR","DAYLIGHT","DRY","REAR END","NOT DIVIDED","UNABLE TO DETERMINE",41.902693751,-87.731374892
"1391","none",2021-11-19 16:20:00,16,"NOT ON SCENE (DESK REPORT)",2,30,"CLEAR","DAYLIGHT","DRY","REAR END","DIVIDED - W/MEDIAN (NOT RAISED)","UNABLE TO DETERMINE",41.702060258,-87.607879601
"1392","injuries",2021-11-19 16:20:00,16,"ON SCENE",3,30,"CLEAR","DAYLIGHT","DRY","TURNING","FOUR WAY","UNABLE TO DETERMINE",41.735898617,-87.663128781
"1393","none",2021-11-19 16:15:00,16,"ON SCENE",2,30,"CLEAR","DAYLIGHT","DRY","TURNING","NOT DIVIDED","UNABLE TO DETERMINE",41.932120719,-87.6977653
"1394","injuries",2021-11-19 16:15:00,16,"NOT ON SCENE (DESK REPORT)",2,25,"CLEAR","DUSK","DRY","ANGLE","FOUR WAY","FAILING TO YIELD RIGHT-OF-WAY",41.964717007,-87.726817602
"1395","none",2021-11-19 16:14:00,16,"NOT ON SCENE (DESK REPORT)",2,30,"CLEAR","DAYLIGHT","DRY","PARKED MOTOR VEHICLE","NOT DIVIDED","UNABLE TO DETERMINE",41.764886108,-87.676595498
"1396","injuries",2021-11-19 16:11:00,16,"ON SCENE",2,30,"CLEAR","DAYLIGHT","DRY","REAR END","NOT DIVIDED","FOLLOWING TOO CLOSELY",41.772240279,-87.65445437
"1397","none",2021-11-19 16:10:00,16,"NOT ON SCENE (DESK REPORT)",2,30,"CLEAR","DUSK","DRY","ANGLE","DIVIDED - W/MEDIAN (NOT RAISED)","DISREGARDING TRAFFIC SIGNALS",41.736759958,-87.604764568
"1398","none",2021-11-19 16:09:00,16,"NOT ON SCENE (DESK REPORT)",2,30,"CLEAR","DAYLIGHT","DRY","TURNING","DIVIDED - W/MEDIAN (NOT RAISED)","FAILING TO YIELD RIGHT-OF-WAY",41.881909795,-87.645622201
"1399","none",2021-11-19 16:09:00,16,"ON SCENE",2,25,"CLEAR","DARKNESS, LIGHTED ROAD","DRY","ANGLE","NOT DIVIDED","FAILING TO YIELD RIGHT-OF-WAY",41.952152521,-87.688266633
"1400","none",2021-11-19 16:00:00,16,"ON SCENE",2,30,"CLEAR","DAYLIGHT","DRY","TURNING","FOUR WAY","UNABLE TO DETERMINE",41.967916054,-87.765080343
"1401","none",2021-11-19 16:00:00,16,"NOT ON SCENE (DESK REPORT)",2,35,"CLEAR","DARKNESS","DRY","REAR END","DIVIDED - W/MEDIAN (NOT RAISED)","FOLLOWING TOO CLOSELY",41.952993555,-87.788594921
"1402","none",2021-11-19 16:00:00,16,"NOT ON SCENE (DESK REPORT)",2,30,"CLEAR","DARKNESS, LIGHTED ROAD","DRY","PARKED MOTOR VEHICLE","DIVIDED - W/MEDIAN (NOT RAISED)","UNABLE TO DETERMINE",41.831105025,-87.66572984
"1403","none",2021-11-19 16:00:00,16,"NOT ON SCENE (DESK REPORT)",2,30,"UNKNOWN","UNKNOWN","UNKNOWN","REAR END","UNKNOWN","UNABLE TO DETERMINE",41.937638905,-87.83620975
"1404","none",2021-11-19 16:00:00,16,"NOT ON SCENE (DESK REPORT)",2,30,"CLEAR","DAYLIGHT","DRY","PARKED MOTOR VEHICLE","NOT DIVIDED","UNABLE TO DETERMINE",41.78359823,-87.664173445
"1405","none",2021-11-19 15:57:00,15,"NOT ON SCENE (DESK REPORT)",2,30,"CLEAR","DARKNESS, LIGHTED ROAD","DRY","REAR END","NOT DIVIDED","UNABLE TO DETERMINE",41.893019573,-87.765469622
"1406","none",2021-11-19 15:55:00,15,"ON SCENE",2,30,"CLEAR","DAYLIGHT","DRY","TURNING","NOT DIVIDED","UNABLE TO DETERMINE",41.704138271,-87.720686806
"1407","none",2021-11-19 15:53:00,15,"NOT ON SCENE (DESK REPORT)",2,30,"CLEAR","DAYLIGHT","DRY","TURNING","NOT DIVIDED","IMPROPER TURNING/NO SIGNAL",41.93143397,-87.762623597
"1408","none",2021-11-19 15:50:00,15,"NOT ON SCENE (DESK REPORT)",2,30,"CLEAR","DAYLIGHT","DRY","ANGLE","FOUR WAY","UNABLE TO DETERMINE",41.889589302,-87.711407388
"1409","none",2021-11-19 15:50:00,15,"ON SCENE",2,30,"CLEAR","DAYLIGHT","DRY","REAR END","NOT DIVIDED","FAILING TO REDUCE SPEED TO AVOID CRASH",41.820343717,-87.645989076
"1410","none",2021-11-19 15:50:00,15,"ON SCENE",2,30,"CLEAR","DAYLIGHT","DRY","TURNING","DIVIDED - W/MEDIAN (NOT RAISED)","DISTRACTION - FROM OUTSIDE VEHICLE",41.830859197,-87.646188922
"1411","none",2021-11-19 15:48:00,15,"ON SCENE",2,15,"CLEAR","DARKNESS, LIGHTED ROAD","DRY","TURNING","DIVIDED - W/MEDIAN (NOT RAISED)","FAILING TO YIELD RIGHT-OF-WAY",41.741056938,-87.631826
"1412","none",2021-11-19 15:45:00,15,"NOT ON SCENE (DESK REPORT)",2,25,"CLEAR","DAYLIGHT","DRY","PARKED MOTOR VEHICLE","ONE-WAY","UNABLE TO DETERMINE",41.898539174,-87.769024806
"1413","none",2021-11-19 15:45:00,15,"NOT ON SCENE (DESK REPORT)",2,30,"CLEAR","DAYLIGHT","DRY","REAR TO FRONT","DIVIDED - W/MEDIAN (NOT RAISED)","UNABLE TO DETERMINE",41.836815846,-87.721845369
"1414","injuries",2021-11-19 15:42:00,15,"ON SCENE",4,30,"CLEAR","DAYLIGHT","DRY","PARKED MOTOR VEHICLE","NOT DIVIDED","PHYSICAL CONDITION OF DRIVER",41.894722723,-87.766859429
"1415","none",2021-11-19 15:42:00,15,"ON SCENE",2,30,"CLEAR","DUSK","DRY","TURNING","FOUR WAY","FAILING TO YIELD RIGHT-OF-WAY",41.812042574,-87.683816105