"","injuries","crash_date","crash_hour","report_type","num_units","posted_speed_limit","weather_condition","lighting_condition","roadway_surface_cond","first_crash_type","trafficway_type","prim_contributory_cause","latitude","longitude"
"1416","none",2021-11-19 15:40:00,15,"NOT ON SCENE (DESK REPORT)",2,30,"CLEAR","DAYLIGHT","DRY","TURNING","NOT DIVIDED","IMPROPER TURNING/NO SIGNAL",41.953272751,-87.767150151
"1417","none",2021-11-19 15:35:00,15,"NOT ON SCENE (DESK REPORT)",2,30,"CLEAR","DAYLIGHT","DRY","ANGLE","DIVIDED - W/MEDIAN (NOT RAISED)","EVASIVE ACTION DUE TO ANIMAL, OBJECT, NONMOTORIST",41.736601558,-87.6049681
"1418","none",2021-11-19 15:30:00,15,"ON SCENE",2,20,"CLEAR","DAYLIGHT","DRY","PARKED MOTOR VEHICLE","NOT DIVIDED","UNABLE TO DETERMINE",41.826609414,-87.649098505
"1419","none",2021-11-19 15:30:00,15,"NOT ON SCENE (DESK REPORT)",2,25,"CLEAR","DAYLIGHT","DRY","TURNING","NOT DIVIDED","IMPROPER TURNING/NO SIGNAL",42.01265697,-87.670047979
"1420","none",2021-11-19 15:30:00,15,"NOT ON SCENE (DESK REPORT)",2,30,"CLEAR","DAYLIGHT","DRY","REAR END","NOT DIVIDED","UNABLE TO DETERMINE",41.815603205,-87.684772724
"1421","none",2021-11-19 15:30:00,15,"NOT ON SCENE (DESK REPORT)",2,30,"CLEAR","DAYLIGHT","DRY","PARKED MOTOR VEHICLE","ONE-WAY","NOT APPLICABLE",41.800030427,-87.717372708
"1422","none",2021-11-19 15:30:00,15,"NOT ON SCENE (DESK REPORT)",2,30,"CLOUDY/OVERCAST","DUSK","DRY","SIDESWIPE SAME DIRECTION","DIVIDED - W/MEDIAN (NOT RAISED)","UNABLE TO DETERMINE",41.736006565,-87.645341819
"1423","none",2021-11-19 15:30:00,15,"NOT ON SCENE (DESK REPORT)",2,30,"CLEAR","DAYLIGHT","DRY","ANGLE","FOUR WAY","UNABLE TO DETERMINE",41.859029509,-87.720128715
"1424","none",2021-11-19 15:30:00,15,"NOT ON SCENE (DESK REPORT)",2,25,"CLEAR","UNKNOWN","UNKNOWN","REAR END","NOT DIVIDED","FAILING TO REDUCE SPEED TO AVOID CRASH",41.734103308,-87.55150217
"1425","none",2021-11-19 15:30:00,15,"ON SCENE",2,35,"CLEAR","DUSK","DRY","ANGLE","ONE-WAY","FAILING TO YIELD RIGHT-OF-WAY",41.739552797,-87.720922712
"1426","none",2021-11-19 15:30:00,15,"ON SCENE",1,20,"CLEAR","DAYLIGHT","WET","FIXED OBJECT","NOT DIVIDED","UNABLE TO DETERMINE",41.762125763,-87.732776403
"1427","none",2021-11-19 15:30:00,15,"NOT ON SCENE (DESK REPORT)",2,20,"CLEAR","DAYLIGHT","DRY","ANGLE","NOT DIVIDED","FAILING TO YIELD RIGHT-OF-WAY",41.682959698,-87.658045961
"1428","injuries",2021-11-19 15:30:00,15,"ON SCENE",2,35,"CLEAR","DAYLIGHT","DRY","ANGLE","FOUR WAY","UNABLE TO DETERMINE",41.764348447,-87.585845168
"1429","none",2021-11-19 15:30:00,15,"NOT ON SCENE (DESK REPORT)",2,20,"CLEAR","DAYLIGHT","DRY","SIDESWIPE SAME DIRECTION","DIVIDED - W/MEDIAN (NOT RAISED)","UNABLE TO DETERMINE",41.913022599,-87.77549485
"1430","none",2021-11-19 15:30:00,15,"NOT ON SCENE (DESK REPORT)",2,30,"CLEAR","DAYLIGHT","DRY","SIDESWIPE SAME DIRECTION","NOT DIVIDED","UNABLE TO DETERMINE",41.994064689,-87.699666209
"1431","none",2021-11-19 15:30:00,15,"NOT ON SCENE (DESK REPORT)",2,30,"CLEAR","DAYLIGHT","UNKNOWN","SIDESWIPE SAME DIRECTION","ONE-WAY","FAILING TO YIELD RIGHT-OF-WAY",41.807620474,-87.751664548
"1432","none",2021-11-19 15:30:00,15,"NOT ON SCENE (DESK REPORT)",1,30,"CLEAR","DAYLIGHT","DRY","FIXED OBJECT","NOT DIVIDED","UNABLE TO DETERMINE",41.762125763,-87.732776403
"1433","none",2021-11-19 15:30:00,15,"NOT ON SCENE (DESK REPORT)",2,50,"CLEAR","DAYLIGHT","DRY","SIDESWIPE SAME DIRECTION","ONE-WAY","IMPROPER LANE USAGE",41.735430166,-87.566959921
"1434","none",2021-11-19 15:20:00,15,"NOT ON SCENE (DESK REPORT)",2,30,"CLEAR","DAYLIGHT","DRY","PARKED MOTOR VEHICLE","ONE-WAY","UNABLE TO DETERMINE",41.729605802,-87.655735743
"1435","injuries",2021-11-19 15:20:00,15,"NOT ON SCENE (DESK REPORT)",2,30,"CLEAR","DAYLIGHT","DRY","PEDESTRIAN","DIVIDED - W/MEDIAN (NOT RAISED)","UNABLE TO DETERMINE",41.979549513,-87.692844509
"1436","none",2021-11-19 15:10:00,15,"ON SCENE",2,30,"CLEAR","DAYLIGHT","DRY","SIDESWIPE SAME DIRECTION","DIVIDED - W/MEDIAN (NOT RAISED)","UNABLE TO DETERMINE",41.771869127,-87.683373632
"1437","none",2021-11-19 15:10:00,15,"ON SCENE",2,30,"CLEAR","DAYLIGHT","DRY","REAR END","NOT DIVIDED","FOLLOWING TOO CLOSELY",41.874463424,-87.643815927
"1438","none",2021-11-19 15:09:00,15,"NOT ON SCENE (DESK REPORT)",2,30,"CLEAR","DARKNESS","DRY","TURNING","NOT DIVIDED","UNABLE TO DETERMINE",41.808312172,-87.682968635
"1439","none",2021-11-19 15:09:00,15,"ON SCENE",2,30,"CLEAR","DAYLIGHT","DRY","PARKED MOTOR VEHICLE","ONE-WAY","DRIVING SKILLS/KNOWLEDGE/EXPERIENCE",41.881479494,-87.63101495
"1440","none",2021-11-19 15:00:00,15,"NOT ON SCENE (DESK REPORT)",2,35,"CLEAR","DAYLIGHT","DRY","SIDESWIPE SAME DIRECTION","NOT DIVIDED","OPERATING VEHICLE IN ERRATIC, RECKLESS, CARELESS, NEGLIGENT OR AGGRESSIVE MANNER",41.695061946,-87.642316793
"1441","none",2021-11-19 15:00:00,15,"NOT ON SCENE (DESK REPORT)",2,30,"CLEAR","DAYLIGHT","DRY","SIDESWIPE SAME DIRECTION","NOT DIVIDED","UNABLE TO DETERMINE",41.961173218,-87.71857267
"1442","none",2021-11-19 15:00:00,15,"NOT ON SCENE (DESK REPORT)",2,20,"CLEAR","DAYLIGHT","DRY","SIDESWIPE OPPOSITE DIRECTION","NOT DIVIDED","UNABLE TO DETERMINE",41.92945085,-87.773537468
"1443","none",2021-11-19 15:00:00,15,"NOT ON SCENE (DESK REPORT)",2,30,"UNKNOWN","UNKNOWN","UNKNOWN","PARKED MOTOR VEHICLE","NOT DIVIDED","UNABLE TO DETERMINE",41.950467274,-87.654572056
"1444","none",2021-11-19 14:59:00,14,"ON SCENE",3,30,"CLEAR","DAYLIGHT","DRY","PARKED MOTOR VEHICLE","NOT DIVIDED","FAILING TO YIELD RIGHT-OF-WAY",41.866708188,-87.687459254
"1445","injuries",2021-11-19 14:49:00,14,"ON SCENE",2,30,"CLEAR","DAYLIGHT","DRY","ANGLE","FOUR WAY","FAILING TO YIELD RIGHT-OF-WAY",41.87515478,-87.673755882
"1446","none",2021-11-19 14:45:00,14,"NOT ON SCENE (DESK REPORT)",2,40,"CLEAR","DAYLIGHT","DRY","REAR END","DIVIDED - W/MEDIAN BARRIER","UNABLE TO DETERMINE",41.85744636,-87.616051062
"1447","none",2021-11-19 14:35:00,14,"NOT ON SCENE (DESK REPORT)",2,30,"CLEAR","DAYLIGHT","DRY","SIDESWIPE SAME DIRECTION","NOT DIVIDED","IMPROPER LANE USAGE",41.812540474,-87.665218037
"1448","none",2021-11-19 14:30:00,14,"ON SCENE",2,30,"CLEAR","DAYLIGHT","DRY","PARKED MOTOR VEHICLE","DIVIDED - W/MEDIAN (NOT RAISED)","DRIVING SKILLS/KNOWLEDGE/EXPERIENCE",41.756143062,-87.63449631
"1449","none",2021-11-19 14:30:00,14,"NOT ON SCENE (DESK REPORT)",2,30,"CLEAR","DAYLIGHT","DRY","ANGLE","FOUR WAY","UNABLE TO DETERMINE",41.897112016,-87.725990309
"1450","injuries",2021-11-19 14:25:00,14,"ON SCENE",2,30,"OTHER","DAYLIGHT","DRY","ANGLE","FOUR WAY","DRIVING SKILLS/KNOWLEDGE/EXPERIENCE",42.01146046,-87.674593452
"1451","none",2021-11-19 14:20:00,14,"NOT ON SCENE (DESK REPORT)",2,30,"CLEAR","DAYLIGHT","DRY","REAR END","NOT DIVIDED","FAILING TO REDUCE SPEED TO AVOID CRASH",41.755178528,-87.702695711
"1452","none",2021-11-19 14:20:00,14,"NOT ON SCENE (DESK REPORT)",2,15,"CLEAR","DAYLIGHT","DRY","PARKED MOTOR VEHICLE","PARKING LOT","UNABLE TO DETERMINE",41.998313247,-87.659255043
"1453","injuries",2021-11-19 14:20:00,14,"NOT ON SCENE (DESK REPORT)",2,30,"CLEAR","DARKNESS, LIGHTED ROAD","WET","REAR END","DIVIDED - W/MEDIAN (NOT RAISED)","FOLLOWING TOO CLOSELY",41.953224402,-87.754311997
"1454","injuries",2021-11-19 14:15:00,14,"ON SCENE",3,30,"CLEAR","DAYLIGHT","DRY","REAR END","OTHER","UNABLE TO DETERMINE",41.786353522,-87.691300222
"1455","none",2021-11-19 14:10:00,14,"NOT ON SCENE (DESK REPORT)",2,30,"CLEAR","DAYLIGHT","DRY","HEAD ON","NOT DIVIDED","FAILING TO YIELD RIGHT-OF-WAY",41.869705431,-87.64707692
"1456","none",2021-11-19 14:04:00,14,"NOT ON SCENE (DESK REPORT)",2,30,"CLEAR","DAYLIGHT","DRY","TURNING","NOT DIVIDED","UNABLE TO DETERMINE",41.892194152,-87.647452059
"1457","none",2021-11-19 14:00:00,14,"ON SCENE",2,25,"CLEAR","DAYLIGHT","DRY","PARKED MOTOR VEHICLE","NOT DIVIDED","UNABLE TO DETERMINE",41.757319624,-87.563434319
"1458","none",2021-11-19 14:00:00,14,"NOT ON SCENE (DESK REPORT)",2,30,"CLEAR","DAYLIGHT","DRY","ANGLE","DIVIDED - W/MEDIAN (NOT RAISED)","UNABLE TO DETERMINE",41.898662238,-87.75958601
"1459","none",2021-11-19 14:00:00,14,"ON SCENE",2,30,"CLEAR","DAYLIGHT","DRY","REAR END","DIVIDED - W/MEDIAN (NOT RAISED)","FOLLOWING TOO CLOSELY",41.726554587,-87.551321532
"1460","none",2021-11-19 14:00:00,14,"NOT ON SCENE (DESK REPORT)",2,30,"UNKNOWN","DAYLIGHT","UNKNOWN","ANGLE","FOUR WAY","UNABLE TO DETERMINE",41.912749731,-87.79505243
"1461","none",2021-11-19 13:50:00,13,"NOT ON SCENE (DESK REPORT)",2,25,"CLEAR","DAYLIGHT","DRY","REAR END","NOT DIVIDED","FOLLOWING TOO CLOSELY",41.735790852,-87.643465825
"1462","none",2021-11-19 13:50:00,13,"ON SCENE",2,30,"CLEAR","DAYLIGHT","DRY","TURNING","FOUR WAY","DISREGARDING STOP SIGN",41.74340729,-87.585241889
"1463","none",2021-11-19 13:50:00,13,"ON SCENE",2,30,"CLEAR","DAYLIGHT","DRY","PARKED MOTOR VEHICLE","FOUR WAY","DRIVING SKILLS/KNOWLEDGE/EXPERIENCE",41.815616164,-87.701989432
"1464","none",2021-11-19 13:50:00,13,"ON SCENE",1,20,"CLEAR","DAYLIGHT","DRY","FIXED OBJECT","NOT DIVIDED","NOT APPLICABLE",41.825185755,-87.705546948
"1465","none",2021-11-19 13:45:00,13,"NOT ON SCENE (DESK REPORT)",2,15,"CLEAR","DAYLIGHT","DRY","REAR TO SIDE","PARKING LOT","UNABLE TO DETERMINE",41.880410003,-87.760705782
"1466","none",2021-11-19 13:40:00,13,"ON SCENE",2,30,"CLEAR","DAYLIGHT","DRY","REAR END","NOT DIVIDED","FOLLOWING TOO CLOSELY",41.910467538,-87.671487976
"1467","none",2021-11-19 13:40:00,13,"NOT ON SCENE (DESK REPORT)",2,30,"CLEAR","DAYLIGHT","DRY","PARKED MOTOR VEHICLE","NOT DIVIDED","IMPROPER BACKING",41.76346194,-87.71091081
"1468","none",2021-11-19 13:39:00,13,"ON SCENE",2,30,"CLEAR","DAYLIGHT","DRY","ANGLE","NOT DIVIDED","NOT APPLICABLE",41.94687635,-87.685894892
"1469","none",2021-11-19 13:35:00,13,"ON SCENE",2,25,"CLEAR","DAYLIGHT","DRY","PARKED MOTOR VEHICLE","ONE-WAY","UNABLE TO DETERMINE",41.96075336,-87.699525691
"1470","none",2021-11-19 13:30:00,13,"NOT ON SCENE (DESK REPORT)",1,20,"CLEAR","DAYLIGHT","DRY","FIXED OBJECT","NOT DIVIDED","UNABLE TO DETERMINE",41.927504522,-87.697342652
"1471","none",2021-11-19 13:30:00,13,"NOT ON SCENE (DESK REPORT)",2,30,"CLEAR","DAYLIGHT","DRY","REAR END","DIVIDED - W/MEDIAN (NOT RAISED)","FAILING TO REDUCE SPEED TO AVOID CRASH",41.923792978,-87.771002282
"1472","none",2021-11-19 13:29:00,13,"ON SCENE",2,30,"CLEAR","DAYLIGHT","DRY","SIDESWIPE SAME DIRECTION","DIVIDED - W/MEDIAN (NOT RAISED)","FAILING TO YIELD RIGHT-OF-WAY",41.946741891,-87.786145809
"1473","none",2021-11-19 13:25:00,13,"ON SCENE",2,30,"CLEAR","DAYLIGHT","DRY","TURNING","DIVIDED - W/MEDIAN BARRIER","UNABLE TO DETERMINE",41.721139332,-87.675958234
"1474","none",2021-11-19 13:25:00,13,"ON SCENE",3,30,"CLEAR","DAYLIGHT","DRY","SIDESWIPE SAME DIRECTION","NOT DIVIDED","NOT APPLICABLE",41.94881045,-87.806984044
"1475","injuries",2021-11-19 13:25:00,13,"ON SCENE",2,30,"CLEAR","DAYLIGHT","DRY","TURNING","NOT DIVIDED","UNABLE TO DETERMINE",41.882011562,-87.720970748
"1476","none",2021-11-19 13:20:00,13,"ON SCENE",2,30,"CLEAR","DAYLIGHT","DRY","TURNING","NOT DIVIDED","UNABLE TO DETERMINE",41.8808343,-87.725796597
"1477","none",2021-11-19 13:20:00,13,"NOT ON SCENE (DESK REPORT)",2,40,"CLEAR","DAYLIGHT","DRY","REAR END","NOT DIVIDED","UNABLE TO DETERMINE",41.898892441,-87.61863541
"1478","none",2021-11-19 13:20:00,13,"ON SCENE",2,15,"CLEAR","DAYLIGHT","DRY","ANGLE","NOT DIVIDED","FAILING TO YIELD RIGHT-OF-WAY",41.753418259,-87.711890818
"1479","none",2021-11-19 13:00:00,13,"NOT ON SCENE (DESK REPORT)",2,30,"CLEAR","DAYLIGHT","DRY","SIDESWIPE SAME DIRECTION","DIVIDED - W/MEDIAN (NOT RAISED)","UNABLE TO DETERMINE",41.87433069,-87.639600735
"1480","none",2021-11-19 13:00:00,13,"NOT ON SCENE (DESK REPORT)",2,30,"CLEAR","DAYLIGHT","DRY","SIDESWIPE SAME DIRECTION","NOT DIVIDED","UNABLE TO DETERMINE",41.874068529,-87.639570299
"1481","injuries",2021-11-19 13:00:00,13,"UNKNOWN",2,20,"CLEAR","DAYLIGHT","DRY","ANGLE","NOT DIVIDED","FAILING TO YIELD RIGHT-OF-WAY",41.908387725,-87.701546007
"1482","none",2021-11-19 12:58:00,12,"NOT ON SCENE (DESK REPORT)",2,30,"CLEAR","DAYLIGHT","DRY","REAR END","NOT DIVIDED","UNABLE TO DETERMINE",41.866538845,-87.683464533
"1483","none",2021-11-19 12:55:00,12,"NOT ON SCENE (DESK REPORT)",2,30,"CLEAR","DAYLIGHT","DRY","PARKED MOTOR VEHICLE","ONE-WAY","IMPROPER BACKING",41.882036199,-87.633680849
"1484","none",2021-11-19 12:54:00,12,"NOT ON SCENE (DESK REPORT)",2,30,"UNKNOWN","UNKNOWN","UNKNOWN","REAR END","UNKNOWN","UNABLE TO DETERMINE",41.72284736,-87.537855643
"1485","none",2021-11-19 12:50:00,12,"ON SCENE",2,20,"CLEAR","DAYLIGHT","DRY","PARKED MOTOR VEHICLE","ONE-WAY","UNABLE TO DETERMINE",41.813850836,-87.631623518
"1486","none",2021-11-19 12:45:00,12,"ON SCENE",2,30,"CLEAR","DAYLIGHT","DRY","SIDESWIPE SAME DIRECTION","NOT DIVIDED","IMPROPER OVERTAKING/PASSING",41.979623049,-87.806834722
"1487","none",2021-11-19 12:45:00,12,"NOT ON SCENE (DESK REPORT)",1,30,"CLEAR","DAYLIGHT","DRY","OTHER OBJECT","DIVIDED - W/MEDIAN (NOT RAISED)","UNABLE TO DETERMINE",41.847242704,-87.646344318
"1488","none",2021-11-19 12:35:00,12,"NOT ON SCENE (DESK REPORT)",2,30,"CLEAR","DAYLIGHT","DRY","REAR END","NOT DIVIDED","UNABLE TO DETERMINE",41.917657471,-87.667476262
"1489","none",2021-11-19 12:30:00,12,"ON SCENE",2,30,"CLEAR","DAYLIGHT","DRY","TURNING","NOT DIVIDED","IMPROPER TURNING/NO SIGNAL",41.9097552,-87.648949175
"1490","none",2021-11-19 12:30:00,12,"NOT ON SCENE (DESK REPORT)",2,25,"CLEAR","DAYLIGHT","DRY","PARKED MOTOR VEHICLE","PARKING LOT","UNABLE TO DETERMINE",41.869004957,-87.675978724
"1491","none",2021-11-19 12:30:00,12,"ON SCENE",2,30,"CLEAR","DAYLIGHT","DRY","PARKED MOTOR VEHICLE","NOT DIVIDED","UNABLE TO DETERMINE",41.756451168,-87.628871564
"1492","none",2021-11-19 12:30:00,12,"NOT ON SCENE (DESK REPORT)",2,30,"UNKNOWN","DAYLIGHT","UNKNOWN","PEDESTRIAN","NOT DIVIDED","DRIVING SKILLS/KNOWLEDGE/EXPERIENCE",41.875771337,-87.64732107
"1493","none",2021-11-19 12:25:00,12,"NOT ON SCENE (DESK REPORT)",2,30,"CLEAR","DAYLIGHT","DRY","TURNING","NOT DIVIDED","IMPROPER BACKING",41.791260618,-87.605084912
"1494","none",2021-11-19 12:20:00,12,"NOT ON SCENE (DESK REPORT)",2,30,"CLEAR","DAYLIGHT","UNKNOWN","REAR TO REAR","PARKING LOT","UNABLE TO DETERMINE",41.794354853,-87.770527152
"1495","none",2021-11-19 12:00:00,12,"NOT ON SCENE (DESK REPORT)",2,30,"CLEAR","DAYLIGHT","DRY","TURNING","DIVIDED - W/MEDIAN (NOT RAISED)","FAILING TO YIELD RIGHT-OF-WAY",41.960759201,-87.729234391
"1496","none",2021-11-19 12:00:00,12,"NOT ON SCENE (DESK REPORT)",2,30,"CLEAR","DAYLIGHT","DRY","ANGLE","NOT DIVIDED","FAILING TO YIELD RIGHT-OF-WAY",41.79599666,-87.761268977
"1497","none",2021-11-19 12:00:00,12,"NOT ON SCENE (DESK REPORT)",2,30,"CLEAR","DAYLIGHT","DRY","REAR END","NOT DIVIDED","FOLLOWING TOO CLOSELY",41.8445843,-87.695359843
"1498","none",2021-11-19 12:00:00,12,"NOT ON SCENE (DESK REPORT)",2,30,"CLEAR","DAYLIGHT","DRY","SIDESWIPE SAME DIRECTION","DIVIDED - W/MEDIAN (NOT RAISED)","UNABLE TO DETERMINE",41.931186806,-87.780379236
"1499","none",2021-11-19 12:00:00,12,"NOT ON SCENE (DESK REPORT)",2,30,"CLEAR","DAYLIGHT","DRY","REAR END","OTHER","UNABLE TO DETERMINE",41.890956653,-87.658766735
"1500","none",2021-11-19 12:00:00,12,"NOT ON SCENE (DESK REPORT)",2,30,"UNKNOWN","DAYLIGHT","UNKNOWN","PARKED MOTOR VEHICLE","UNKNOWN","UNABLE TO DETERMINE",41.89626551,-87.648961925
"1501","none",2021-11-19 12:00:00,12,"NOT ON SCENE (DESK REPORT)",2,25,"UNKNOWN","DAYLIGHT","UNKNOWN","TURNING","FOUR WAY","UNABLE TO DETERMINE",41.677878485,-87.627604826
"1502","none",2021-11-19 11:46:00,11,"NOT ON SCENE (DESK REPORT)",2,30,"CLEAR","DAYLIGHT","DRY","REAR END","NOT DIVIDED","FOLLOWING TOO CLOSELY",41.85241322,-87.634644015
"1503","none",2021-11-19 11:45:00,11,"NOT ON SCENE (DESK REPORT)",2,30,"CLEAR","DAYLIGHT","DRY","SIDESWIPE SAME DIRECTION","NOT DIVIDED","IMPROPER LANE USAGE",41.900758851,-87.623984255
"1504","none",2021-11-19 11:42:00,11,"ON SCENE",2,30,"CLEAR","DAYLIGHT","DRY","SIDESWIPE SAME DIRECTION","NOT DIVIDED","UNABLE TO DETERMINE",41.894493669,-87.637264398
"1505","none",2021-11-19 11:32:00,11,"ON SCENE",3,30,"CLEAR","DAYLIGHT","DRY","PARKED MOTOR VEHICLE","NOT DIVIDED","IMPROPER LANE USAGE",41.871948384,-87.728755756
"1506","none",2021-11-19 11:30:00,11,"NOT ON SCENE (DESK REPORT)",2,30,"CLEAR","DAYLIGHT","DRY","SIDESWIPE SAME DIRECTION","NOT DIVIDED","IMPROPER TURNING/NO SIGNAL",41.779538533,-87.683501992
"1507","none",2021-11-19 11:25:00,11,"NOT ON SCENE (DESK REPORT)",2,30,"CLEAR","DAYLIGHT","DRY","ANGLE","NOT DIVIDED","UNABLE TO DETERMINE",41.93107535,-87.787366621
"1508","none",2021-11-19 11:20:00,11,"NOT ON SCENE (DESK REPORT)",2,25,"CLEAR","DAYLIGHT","DRY","SIDESWIPE SAME DIRECTION","NOT DIVIDED","IMPROPER LANE USAGE",41.994882068,-87.714915929
"1509","none",2021-11-19 11:17:00,11,"ON SCENE",2,30,"CLEAR","DAYLIGHT","DRY","TURNING","NOT DIVIDED","FAILING TO YIELD RIGHT-OF-WAY",41.994725226,-87.714657693
"1510","none",2021-11-19 11:12:00,11,"NOT ON SCENE (DESK REPORT)",2,15,"CLEAR","DAYLIGHT","DRY","REAR TO REAR","PARKING LOT","IMPROPER BACKING",41.768269426,-87.692976037
"1511","none",2021-11-19 11:08:00,11,"NOT ON SCENE (DESK REPORT)",2,30,"CLEAR","DAYLIGHT","DRY","SIDESWIPE SAME DIRECTION","FOUR WAY","IMPROPER OVERTAKING/PASSING",41.735970572,-87.658268184
"1512","none",2021-11-19 11:05:00,11,"ON SCENE",2,35,"CLEAR","DAYLIGHT","DRY","ANGLE","DIVIDED - W/MEDIAN BARRIER","FAILING TO YIELD RIGHT-OF-WAY",41.953816736,-87.7238043
"1513","injuries",2021-11-19 11:01:00,11,"ON SCENE",2,30,"CLEAR","DAYLIGHT","DRY","PEDESTRIAN","NOT DIVIDED","NOT APPLICABLE",41.691679204,-87.679779173
"1514","none",2021-11-19 11:00:00,11,"NOT ON SCENE (DESK REPORT)",2,30,"CLEAR","DAYLIGHT","DRY","TURNING","NOT DIVIDED","DISREGARDING TRAFFIC SIGNALS",41.924283504,-87.751351964
"1515","none",2021-11-19 10:55:00,10,"ON SCENE",2,30,"CLEAR","DAYLIGHT","DRY","SIDESWIPE SAME DIRECTION","NOT DIVIDED","IMPROPER LANE USAGE",41.910626871,-87.66052601
"1516","none",2021-11-19 10:48:00,10,"ON SCENE",2,30,"CLEAR","DAYLIGHT","DRY","SIDESWIPE SAME DIRECTION","NOT DIVIDED","IMPROPER OVERTAKING/PASSING",41.92508248,-87.682476151
"1517","none",2021-11-19 10:31:00,10,"NOT ON SCENE (DESK REPORT)",2,30,"CLEAR","DAYLIGHT","DRY","REAR END","DIVIDED - W/MEDIAN (NOT RAISED)","FOLLOWING TOO CLOSELY",41.9314074,-87.747860593
"1518","none",2021-11-19 10:30:00,10,"ON SCENE",2,25,"CLEAR","DAYLIGHT","DRY","TURNING","ONE-WAY","IMPROPER LANE USAGE",41.892424785,-87.634237136
"1519","none",2021-11-19 10:30:00,10,"NOT ON SCENE (DESK REPORT)",2,30,"CLEAR","UNKNOWN","UNKNOWN","PARKED MOTOR VEHICLE","ONE-WAY","UNABLE TO DETERMINE",41.864778415,-87.726204747
"1520","none",2021-11-19 10:30:00,10,"ON SCENE",2,30,"CLEAR","DAYLIGHT","DRY","PARKED MOTOR VEHICLE","NOT DIVIDED","DRIVING SKILLS/KNOWLEDGE/EXPERIENCE",41.96630309,-87.691134007
"1521","none",2021-11-19 10:30:00,10,"NOT ON SCENE (DESK REPORT)",2,15,"UNKNOWN","UNKNOWN","UNKNOWN","PARKED MOTOR VEHICLE","PARKING LOT","UNABLE TO DETERMINE",41.67666008,-87.63570683
"1522","none",2021-11-19 10:15:00,10,"ON SCENE",1,10,"CLEAR","DAYLIGHT","DRY","FIXED OBJECT","OTHER","UNABLE TO DETERMINE",41.79402873,-87.674041766
"1523","none",2021-11-19 10:10:00,10,"NOT ON SCENE (DESK REPORT)",2,30,"CLEAR","DAYLIGHT","DRY","TURNING","OTHER","FAILING TO YIELD RIGHT-OF-WAY",41.906899718,-87.666167131
"1524","none",2021-11-19 10:00:00,10,"NOT ON SCENE (DESK REPORT)",2,30,"CLEAR","DAYLIGHT","DRY","REAR TO SIDE","NOT DIVIDED","IMPROPER BACKING",41.821475207,-87.640863241
"1525","none",2021-11-19 10:00:00,10,"NOT ON SCENE (DESK REPORT)",2,30,"UNKNOWN","UNKNOWN","UNKNOWN","PARKED MOTOR VEHICLE","UNKNOWN","UNABLE TO DETERMINE",41.750182804,-87.709577814
"1526","none",2021-11-19 10:00:00,10,"NOT ON SCENE (DESK REPORT)",2,30,"UNKNOWN","UNKNOWN","UNKNOWN","PARKED MOTOR VEHICLE","NOT DIVIDED","UNABLE TO DETERMINE",41.796759203,-87.733212824
"1527","none",2021-11-19 09:40:00,9,"ON SCENE",2,25,"CLEAR","DAYLIGHT","DRY","PARKED MOTOR VEHICLE","ONE-WAY","UNABLE TO DETERMINE",41.950198117,-87.722071918
"1528","none",2021-11-19 09:30:00,9,"NOT ON SCENE (DESK REPORT)",2,15,"UNKNOWN","UNKNOWN","UNKNOWN","PARKED MOTOR VEHICLE","PARKING LOT","UNABLE TO DETERMINE",41.762421358,-87.598121218
"1529","none",2021-11-19 09:30:00,9,"ON SCENE",2,30,"CLEAR","DAYLIGHT","DRY","PARKED MOTOR VEHICLE","PARKING LOT","UNABLE TO DETERMINE",41.696313684,-87.596632244
"1530","none",2021-11-19 09:30:00,9,"NOT ON SCENE (DESK REPORT)",2,30,"CLEAR","DAYLIGHT","DRY","REAR END","DIVIDED - W/MEDIAN (NOT RAISED)","FOLLOWING TOO CLOSELY",41.721478237,-87.650694262
"1531","none",2021-11-19 09:30:00,9,"NOT ON SCENE (DESK REPORT)",2,30,"CLEAR","DAYLIGHT","UNKNOWN","REAR END","NOT DIVIDED","UNABLE TO DETERMINE",41.921671543,-87.648481576
"1532","none",2021-11-19 09:30:00,9,"NOT ON SCENE (DESK REPORT)",2,30,"CLEAR","DAYLIGHT","DRY","TURNING","NOT DIVIDED","IMPROPER LANE USAGE",41.867751467,-87.62597953
"1533","none",2021-11-19 09:20:00,9,"NOT ON SCENE (DESK REPORT)",2,30,"CLEAR","DAYLIGHT","DRY","REAR END","DIVIDED - W/MEDIAN (NOT RAISED)","FAILING TO REDUCE SPEED TO AVOID CRASH",41.923452387,-87.799780679
"1534","none",2021-11-19 09:15:00,9,"ON SCENE",2,15,"CLEAR","DAYLIGHT","DRY","PARKED MOTOR VEHICLE","PARKING LOT","OPERATING VEHICLE IN ERRATIC, RECKLESS, CARELESS, NEGLIGENT OR AGGRESSIVE MANNER",41.938607189,-87.755425319