"","injuries","crash_date","crash_hour","report_type","num_units","posted_speed_limit","weather_condition","lighting_condition","roadway_surface_cond","first_crash_type","trafficway_type","prim_contributory_cause","latitude","longitude"
"1771","none",2021-11-18 13:52:00,13,"NOT ON SCENE (DESK REPORT)",2,30,"CLEAR","DAYLIGHT","DRY","ANGLE","NOT DIVIDED","FAILING TO YIELD RIGHT-OF-WAY",41.902398147,-87.752162022
"1772","none",2021-11-18 13:50:00,13,"NOT ON SCENE (DESK REPORT)",2,30,"CLOUDY/OVERCAST","DAYLIGHT","DRY","ANGLE","DIVIDED - W/MEDIAN (NOT RAISED)","DISREGARDING TRAFFIC SIGNALS",41.677720829,-87.642051845
"1773","none",2021-11-18 13:45:00,13,"NOT ON SCENE (DESK REPORT)",2,30,"CLOUDY/OVERCAST","DAYLIGHT","UNKNOWN","SIDESWIPE OPPOSITE DIRECTION","NOT DIVIDED","IMPROPER BACKING",41.972457096,-87.666625056
"1774","none",2021-11-18 13:45:00,13,"NOT ON SCENE (DESK REPORT)",2,30,"CLEAR","DAYLIGHT","DRY","TURNING","DIVIDED - W/MEDIAN (NOT RAISED)","IMPROPER TURNING/NO SIGNAL",41.98461843,-87.768159268
"1775","none",2021-11-18 13:35:00,13,"ON SCENE",2,30,"CLEAR","DAYLIGHT","DRY","SIDESWIPE SAME DIRECTION","NOT DIVIDED","FAILING TO YIELD RIGHT-OF-WAY",41.96892729,-87.658920235
"1776","none",2021-11-18 13:30:00,13,"NOT ON SCENE (DESK REPORT)",2,30,"CLEAR","DAYLIGHT","DRY","TURNING","NOT DIVIDED","IMPROPER TURNING/NO SIGNAL",41.734228186,-87.643419592
"1777","injuries",2021-11-18 13:30:00,13,"ON SCENE",2,35,"CLOUDY/OVERCAST","DAYLIGHT","DRY","ANGLE","DIVIDED - W/MEDIAN (NOT RAISED)","OPERATING VEHICLE IN ERRATIC, RECKLESS, CARELESS, NEGLIGENT OR AGGRESSIVE MANNER",41.692631688,-87.612976538
"1778","none",2021-11-18 13:30:00,13,"NOT ON SCENE (DESK REPORT)",2,30,"CLEAR","DAYLIGHT","DRY","SIDESWIPE SAME DIRECTION","ONE-WAY","IMPROPER LANE USAGE",41.876268241,-87.665204929
"1779","none",2021-11-18 13:26:00,13,"NOT ON SCENE (DESK REPORT)",2,30,"CLEAR","DAYLIGHT","DRY","PARKED MOTOR VEHICLE","T-INTERSECTION","UNABLE TO DETERMINE",41.972984216,-87.69868867
"1780","none",2021-11-18 13:20:00,13,"NOT ON SCENE (DESK REPORT)",2,30,"CLEAR","DAYLIGHT","DRY","TURNING","T-INTERSECTION","UNABLE TO DETERMINE",41.904007749,-87.631610845
"1781","none",2021-11-18 13:19:00,13,"ON SCENE",3,20,"CLEAR","DAYLIGHT","DRY","SIDESWIPE SAME DIRECTION","NOT DIVIDED","FAILING TO YIELD RIGHT-OF-WAY",41.854966566,-87.665938089
"1782","none",2021-11-18 13:15:00,13,"NOT ON SCENE (DESK REPORT)",2,30,"CLEAR","DAYLIGHT","DRY","REAR END","NOT DIVIDED","UNABLE TO DETERMINE",41.88024287,-87.771852483
"1783","none",2021-11-18 13:15:00,13,"NOT ON SCENE (DESK REPORT)",2,30,"CLEAR","DAYLIGHT","DRY","REAR END","NOT DIVIDED","FOLLOWING TOO CLOSELY",41.780008277,-87.625522512
"1784","none",2021-11-18 13:09:00,13,"ON SCENE",1,30,"CLOUDY/OVERCAST","DAYLIGHT","DRY","FIXED OBJECT","NOT DIVIDED","DISREGARDING TRAFFIC SIGNALS",41.770210932,-87.67381288
"1785","none",2021-11-18 13:09:00,13,"ON SCENE",3,30,"CLEAR","DAYLIGHT","DRY","ANGLE","FOUR WAY","DISREGARDING TRAFFIC SIGNALS",41.736182571,-87.643659815
"1786","none",2021-11-18 13:05:00,13,"ON SCENE",2,25,"CLEAR","DAYLIGHT","DRY","REAR TO FRONT","PARKING LOT","IMPROPER BACKING",41.772180945,-87.674197835
"1787","none",2021-11-18 13:00:00,13,"NOT ON SCENE (DESK REPORT)",2,25,"UNKNOWN","UNKNOWN","UNKNOWN","PARKED MOTOR VEHICLE","PARKING LOT","UNABLE TO DETERMINE",41.914820427,-87.77555967
"1788","none",2021-11-18 13:00:00,13,"NOT ON SCENE (DESK REPORT)",2,30,"CLEAR","DAYLIGHT","DRY","PARKED MOTOR VEHICLE","NOT DIVIDED","UNABLE TO DETERMINE",41.831965876,-87.686126699
"1789","injuries",2021-11-18 13:00:00,13,"NOT ON SCENE (DESK REPORT)",2,30,"CLEAR","DAYLIGHT","DRY","SIDESWIPE SAME DIRECTION","DIVIDED - W/MEDIAN (NOT RAISED)","UNABLE TO DETERMINE",41.88489392,-87.713672291
"1790","none",2021-11-18 12:50:00,12,"NOT ON SCENE (DESK REPORT)",2,30,"CLEAR","DAYLIGHT","DRY","REAR END","NOT DIVIDED","FOLLOWING TOO CLOSELY",41.932677202,-87.645577747
"1791","none",2021-11-18 12:50:00,12,"ON SCENE",1,40,"CLEAR","DAYLIGHT","DRY","OTHER OBJECT","DIVIDED - W/MEDIAN BARRIER","NOT APPLICABLE",41.937889192,-87.634941784
"1792","none",2021-11-18 12:45:00,12,"ON SCENE",2,30,"CLEAR","DAYLIGHT","DRY","TURNING","FOUR WAY","FAILING TO YIELD RIGHT-OF-WAY",41.953419498,-87.754838835
"1793","none",2021-11-18 12:38:00,12,"NOT ON SCENE (DESK REPORT)",2,20,"CLOUDY/OVERCAST","DAYLIGHT","DRY","TURNING","NOT DIVIDED","FAILING TO YIELD RIGHT-OF-WAY",41.887501419,-87.647582897
"1794","none",2021-11-18 12:30:00,12,"NOT ON SCENE (DESK REPORT)",2,25,"CLEAR","DAYLIGHT","DRY","PARKED MOTOR VEHICLE","NOT DIVIDED","UNABLE TO DETERMINE",41.788425241,-87.69745921
"1795","injuries",2021-11-18 12:30:00,12,"ON SCENE",2,30,"CLEAR","DAYLIGHT","DRY","REAR END","DIVIDED - W/MEDIAN BARRIER","FOLLOWING TOO CLOSELY",41.800284321,-87.587528387
"1796","none",2021-11-18 12:21:00,12,"NOT ON SCENE (DESK REPORT)",2,30,"CLEAR","DAYLIGHT","UNKNOWN","SIDESWIPE SAME DIRECTION","ONE-WAY","IMPROPER OVERTAKING/PASSING",41.874652177,-87.710915737
"1797","none",2021-11-18 12:20:00,12,"NOT ON SCENE (DESK REPORT)",2,30,"CLEAR","DAYLIGHT","DRY","PARKED MOTOR VEHICLE","DIVIDED - W/MEDIAN BARRIER","IMPROPER BACKING",41.890998531,-87.65468545
"1798","none",2021-11-18 12:20:00,12,"ON SCENE",4,30,"CLEAR","DAYLIGHT","DRY","PARKED MOTOR VEHICLE","NOT DIVIDED","IMPROPER OVERTAKING/PASSING",42.001646688,-87.660406407
"1799","none",2021-11-18 12:20:00,12,"NOT ON SCENE (DESK REPORT)",2,30,"UNKNOWN","UNKNOWN","UNKNOWN","REAR END","NOT DIVIDED","FOLLOWING TOO CLOSELY",41.779152451,-87.698330615
"1800","none",2021-11-18 12:15:00,12,"NOT ON SCENE (DESK REPORT)",2,30,"CLEAR","DAYLIGHT","DRY","REAR END","NOT DIVIDED","FOLLOWING TOO CLOSELY",41.936726873,-87.712261799
"1801","none",2021-11-18 12:10:00,12,"NOT ON SCENE (DESK REPORT)",2,25,"CLEAR","DAYLIGHT","DRY","TURNING","NOT DIVIDED","UNABLE TO DETERMINE",41.773407155,-87.571759727
"1802","none",2021-11-18 12:10:00,12,"ON SCENE",2,30,"CLEAR","DAYLIGHT","DRY","TURNING","FOUR WAY","IMPROPER TURNING/NO SIGNAL",41.872082139,-87.745079535
"1803","none",2021-11-18 12:00:00,12,"NOT ON SCENE (DESK REPORT)",2,30,"CLEAR","DAYLIGHT","DRY","REAR TO FRONT","FOUR WAY","IMPROPER BACKING",41.929232546,-87.687358524
"1804","none",2021-11-18 12:00:00,12,"NOT ON SCENE (DESK REPORT)",2,30,"CLOUDY/OVERCAST","DAYLIGHT","UNKNOWN","SIDESWIPE SAME DIRECTION","NOT DIVIDED","IMPROPER OVERTAKING/PASSING",41.929076289,-87.663305823
"1805","none",2021-11-18 12:00:00,12,"NOT ON SCENE (DESK REPORT)",2,30,"CLEAR","DAYLIGHT","DRY","PARKED MOTOR VEHICLE","PARKING LOT","UNABLE TO DETERMINE",41.993263883,-87.65563353
"1806","none",2021-11-18 12:00:00,12,"NOT ON SCENE (DESK REPORT)",2,30,"UNKNOWN","UNKNOWN","UNKNOWN","PARKED MOTOR VEHICLE","ONE-WAY","UNABLE TO DETERMINE",41.769770688,-87.569017711
"1807","none",2021-11-18 11:52:00,11,"ON SCENE",2,10,"CLOUDY/OVERCAST","DAYLIGHT","DRY","PARKED MOTOR VEHICLE","PARKING LOT","DRIVING SKILLS/KNOWLEDGE/EXPERIENCE",41.909610368,-87.755852279
"1808","none",2021-11-18 11:42:00,11,"ON SCENE",2,30,"CLEAR","DAYLIGHT","DRY","PARKED MOTOR VEHICLE","NOT DIVIDED","FAILING TO REDUCE SPEED TO AVOID CRASH",41.863643034,-87.732289936
"1809","injuries",2021-11-18 11:38:00,11,"ON SCENE",4,30,"CLEAR","DAYLIGHT","DRY","TURNING","DIVIDED - W/MEDIAN (NOT RAISED)","VISION OBSCURED (SIGNS, TREE LIMBS, BUILDINGS, ETC.)",41.770278756,-87.664112433
"1810","none",2021-11-18 11:36:00,11,"NOT ON SCENE (DESK REPORT)",2,25,"CLEAR","DAYLIGHT","DRY","PARKED MOTOR VEHICLE","NOT DIVIDED","IMPROPER LANE USAGE",41.911693696,-87.694730855
"1811","none",2021-11-18 11:33:00,11,"ON SCENE",2,30,"CLEAR","DAYLIGHT","DRY","REAR END","FOUR WAY","DRIVING SKILLS/KNOWLEDGE/EXPERIENCE",41.996227791,-87.764331848
"1812","injuries",2021-11-18 11:33:00,11,"NOT ON SCENE (DESK REPORT)",2,35,"CLEAR","DAYLIGHT","DRY","REAR END","DIVIDED - W/MEDIAN BARRIER","FOLLOWING TOO CLOSELY",41.875719415,-87.630762808
"1813","injuries",2021-11-18 11:30:00,11,"NOT ON SCENE (DESK REPORT)",2,30,"CLEAR","DAYLIGHT","DRY","PEDESTRIAN","DIVIDED - W/MEDIAN BARRIER","IMPROPER TURNING/NO SIGNAL",41.87444303,-87.627666316
"1814","none",2021-11-18 11:30:00,11,"NOT ON SCENE (DESK REPORT)",2,30,"CLEAR","DAYLIGHT","UNKNOWN","PARKED MOTOR VEHICLE","NOT DIVIDED","UNABLE TO DETERMINE",41.720115489,-87.643324826
"1815","none",2021-11-18 11:30:00,11,"NOT ON SCENE (DESK REPORT)",2,25,"CLEAR","DAYLIGHT","DRY","PARKED MOTOR VEHICLE","UNKNOWN","FAILING TO YIELD RIGHT-OF-WAY",42.010430922,-87.667387477
"1816","none",2021-11-18 11:17:00,11,"NOT ON SCENE (DESK REPORT)",2,30,"CLEAR","DAYLIGHT","DRY","REAR END","DIVIDED - W/MEDIAN (NOT RAISED)","FOLLOWING TOO CLOSELY",41.939217682,-87.708053251
"1817","none",2021-11-18 11:15:00,11,"NOT ON SCENE (DESK REPORT)",2,35,"CLEAR","DAYLIGHT","DRY","SIDESWIPE SAME DIRECTION","NOT DIVIDED","IMPROPER LANE USAGE",41.852903777,-87.635004677
"1818","none",2021-11-18 11:13:00,11,"ON SCENE",2,30,"CLEAR","DAYLIGHT","DRY","PARKED MOTOR VEHICLE","NOT DIVIDED","UNABLE TO DETERMINE",41.844952169,-87.694814574
"1819","none",2021-11-18 11:10:00,11,"NOT ON SCENE (DESK REPORT)",2,10,"CLEAR","DAYLIGHT","DRY","PARKED MOTOR VEHICLE","PARKING LOT","UNABLE TO DETERMINE",41.925357358,-87.661388544
"1820","none",2021-11-18 11:00:00,11,"ON SCENE",2,30,"CLEAR","DAYLIGHT","DRY","PARKED MOTOR VEHICLE","NOT DIVIDED","UNABLE TO DETERMINE",41.876963252,-87.648232414
"1821","none",2021-11-18 11:00:00,11,"NOT ON SCENE (DESK REPORT)",2,35,"CLEAR","DAYLIGHT","OTHER","PARKED MOTOR VEHICLE","ONE-WAY","UNABLE TO DETERMINE",41.753391764,-87.571286482
"1822","none",2021-11-18 11:00:00,11,"NOT ON SCENE (DESK REPORT)",2,10,"CLEAR","DAYLIGHT","DRY","PARKED MOTOR VEHICLE","OTHER","UNABLE TO DETERMINE",41.885350464,-87.629337393
"1823","none",2021-11-18 10:44:00,10,"ON SCENE",1,30,"CLEAR","DAYLIGHT","DRY","FIXED OBJECT","FOUR WAY","IMPROPER TURNING/NO SIGNAL",41.823356348,-87.646068503
"1824","none",2021-11-18 10:38:00,10,"NOT ON SCENE (DESK REPORT)",2,20,"CLOUDY/OVERCAST","DAYLIGHT","DRY","ANGLE","NOT DIVIDED","FAILING TO YIELD RIGHT-OF-WAY",41.736469113,-87.623024124
"1825","none",2021-11-18 10:30:00,10,"NOT ON SCENE (DESK REPORT)",2,30,"CLEAR","DAYLIGHT","DRY","PARKED MOTOR VEHICLE","ONE-WAY","EQUIPMENT - VEHICLE CONDITION",41.80544292,-87.622591507
"1826","none",2021-11-18 10:22:00,10,"ON SCENE",2,45,"CLEAR","DAYLIGHT","DRY","REAR TO FRONT","DIVIDED - W/MEDIAN BARRIER","IMPROPER BACKING",41.737035839,-87.568586962
"1827","none",2021-11-18 10:20:00,10,"ON SCENE",1,15,"CLEAR","DAYLIGHT","DRY","OTHER OBJECT","ALLEY","UNABLE TO DETERMINE",41.764340378,-87.650600974
"1828","none",2021-11-18 10:15:00,10,"ON SCENE",2,30,"CLEAR","DAYLIGHT","DRY","TURNING","NOT DIVIDED","FAILING TO YIELD RIGHT-OF-WAY",41.923529021,-87.716815447
"1829","injuries",2021-11-18 10:03:00,10,"ON SCENE",2,30,"CLEAR","DAYLIGHT","DRY","PEDESTRIAN","FOUR WAY","DRIVING SKILLS/KNOWLEDGE/EXPERIENCE",41.967734907,-87.767622627
"1830","none",2021-11-18 10:00:00,10,"NOT ON SCENE (DESK REPORT)",2,35,"CLEAR","DAYLIGHT","DRY","ANGLE","NOT DIVIDED","UNABLE TO DETERMINE",41.997382173,-87.788077674
"1831","none",2021-11-18 10:00:00,10,"ON SCENE",2,30,"CLEAR","DAYLIGHT","DRY","ANGLE","T-INTERSECTION","DISREGARDING TRAFFIC SIGNALS",41.814020469,-87.704061147
"1832","none",2021-11-18 09:56:00,9,"ON SCENE",2,20,"CLEAR","DAYLIGHT","DRY","PARKED MOTOR VEHICLE","ONE-WAY","UNABLE TO DETERMINE",41.785293662,-87.700735917
"1833","none",2021-11-18 09:50:00,9,"UNKNOWN",2,30,"CLEAR","DAYLIGHT","DRY","REAR END","NOT DIVIDED","UNABLE TO DETERMINE",41.909416301,-87.753888413
"1834","injuries",2021-11-18 09:49:00,9,"ON SCENE",2,30,"CLEAR","DAYLIGHT","DRY","REAR END","NOT DIVIDED","VISION OBSCURED (SIGNS, TREE LIMBS, BUILDINGS, ETC.)",41.659416573,-87.58349528
"1835","none",2021-11-18 09:45:00,9,"NOT ON SCENE (DESK REPORT)",2,20,"CLEAR","DAYLIGHT","DRY","ANGLE","T-INTERSECTION","IMPROPER TURNING/NO SIGNAL",41.848125594,-87.734549536
"1836","injuries",2021-11-18 09:35:00,9,"ON SCENE",2,30,"CLEAR","DAYLIGHT","DRY","TURNING","T-INTERSECTION","IMPROPER OVERTAKING/PASSING",41.808903554,-87.650520591
"1837","none",2021-11-18 09:30:00,9,"NOT ON SCENE (DESK REPORT)",2,30,"CLEAR","DAYLIGHT","DRY","SIDESWIPE SAME DIRECTION","ONE-WAY","UNABLE TO DETERMINE",41.707182175,-87.620361492
"1838","none",2021-11-18 09:30:00,9,"NOT ON SCENE (DESK REPORT)",2,30,"CLEAR","DAYLIGHT","DRY","SIDESWIPE SAME DIRECTION","NOT DIVIDED","FAILING TO YIELD RIGHT-OF-WAY",41.808275096,-87.687870112
"1839","none",2021-11-18 09:25:00,9,"ON SCENE",2,30,"CLEAR","DAYLIGHT","DRY","SIDESWIPE SAME DIRECTION","NOT DIVIDED","IMPROPER OVERTAKING/PASSING",41.890047249,-87.637467382
"1840","injuries",2021-11-18 09:20:00,9,"ON SCENE",2,20,"CLEAR","DAYLIGHT","DRY","REAR END","NOT DIVIDED","FOLLOWING TOO CLOSELY",41.789769192,-87.704820922
"1841","none",2021-11-18 09:15:00,9,"NOT ON SCENE (DESK REPORT)",2,30,"CLEAR","DAYLIGHT","DRY","PARKED MOTOR VEHICLE","PARKING LOT","IMPROPER OVERTAKING/PASSING",41.87557316,-87.626376112
"1842","none",2021-11-18 09:13:00,9,"ON SCENE",2,30,"CLEAR","DAYLIGHT","DRY","SIDESWIPE SAME DIRECTION","NOT DIVIDED","FAILING TO YIELD RIGHT-OF-WAY",41.924054403,-87.752032772
"1843","none",2021-11-18 09:03:00,9,"ON SCENE",2,30,"CLEAR","DAYLIGHT","DRY","HEAD ON","DIVIDED - W/MEDIAN (NOT RAISED)","UNABLE TO DETERMINE",41.978810139,-87.689411352
"1844","none",2021-11-18 09:00:00,9,"NOT ON SCENE (DESK REPORT)",2,30,"CLEAR","DAYLIGHT","DRY","ANGLE","DIVIDED - W/MEDIAN (NOT RAISED)","DISREGARDING STOP SIGN",41.918739851,-87.756140737
"1845","none",2021-11-18 09:00:00,9,"NOT ON SCENE (DESK REPORT)",2,30,"CLEAR","DAYLIGHT","DRY","TURNING","FOUR WAY","UNABLE TO DETERMINE",41.910180189,-87.677592421
"1846","none",2021-11-18 09:00:00,9,"NOT ON SCENE (DESK REPORT)",2,30,"CLEAR","DAYLIGHT","DRY","TURNING","DIVIDED - W/MEDIAN BARRIER","FAILING TO YIELD RIGHT-OF-WAY",41.997332499,-87.787296293
"1847","none",2021-11-18 09:00:00,9,"NOT ON SCENE (DESK REPORT)",2,30,"CLEAR","DAYLIGHT","DRY","PARKED MOTOR VEHICLE","ONE-WAY","UNABLE TO DETERMINE",41.739818829,-87.646011838
"1848","none",2021-11-18 08:51:00,8,"ON SCENE",2,30,"CLEAR","DAYLIGHT","DRY","SIDESWIPE SAME DIRECTION","DIVIDED - W/MEDIAN BARRIER","IMPROPER LANE USAGE",41.828376354,-87.665364748
"1849","none",2021-11-18 08:50:00,8,"ON SCENE",2,30,"CLEAR","DAYLIGHT","DRY","ANGLE","NOT DIVIDED","FAILING TO YIELD RIGHT-OF-WAY",41.703757187,-87.613526072
"1850","none",2021-11-18 08:50:00,8,"NOT ON SCENE (DESK REPORT)",3,30,"UNKNOWN","UNKNOWN","UNKNOWN","REAR TO FRONT","NOT DIVIDED","FOLLOWING TOO CLOSELY",41.789533116,-87.722913846
"1851","none",2021-11-18 08:45:00,8,"ON SCENE",2,30,"CLEAR","DAYLIGHT","DRY","SIDESWIPE SAME DIRECTION","DIVIDED - W/MEDIAN BARRIER","IMPROPER OVERTAKING/PASSING",41.962739151,-87.747248584
"1852","none",2021-11-18 08:45:00,8,"NOT ON SCENE (DESK REPORT)",2,30,"CLEAR","DAYLIGHT","DRY","ANGLE","ONE-WAY","FAILING TO YIELD RIGHT-OF-WAY",41.742947746,-87.665828102
"1853","none",2021-11-18 08:40:00,8,"NOT ON SCENE (DESK REPORT)",4,30,"CLEAR","DAYLIGHT","DRY","REAR END","DIVIDED - W/MEDIAN BARRIER","FOLLOWING TOO CLOSELY",41.860257241,-87.617710633
"1854","none",2021-11-18 08:40:00,8,"ON SCENE",2,30,"CLEAR","DAYLIGHT","DRY","REAR END","NOT DIVIDED","NOT APPLICABLE",41.9944866,-87.670298059
"1855","none",2021-11-18 08:39:00,8,"NOT ON SCENE (DESK REPORT)",2,30,"CLEAR","DAYLIGHT","DRY","REAR END","DIVIDED - W/MEDIAN (NOT RAISED)","FOLLOWING TOO CLOSELY",41.896495063,-87.702385213
"1856","none",2021-11-18 08:29:00,8,"ON SCENE",2,25,"CLEAR","DAYLIGHT","DRY","SIDESWIPE SAME DIRECTION","FOUR WAY","IMPROPER OVERTAKING/PASSING",41.89628637,-87.647668725
"1857","none",2021-11-18 08:29:00,8,"ON SCENE",2,20,"CLEAR","DAYLIGHT","DRY","SIDESWIPE SAME DIRECTION","NOT DIVIDED","NOT APPLICABLE",41.870714675,-87.718673227
"1858","none",2021-11-18 08:25:00,8,"NOT ON SCENE (DESK REPORT)",2,30,"CLEAR","DAYLIGHT","DRY","TURNING","DIVIDED - W/MEDIAN BARRIER","IMPROPER TURNING/NO SIGNAL",41.975580383,-87.778034743
"1859","injuries",2021-11-18 08:22:00,8,"ON SCENE",2,30,"CLEAR","DAYLIGHT","DRY","PEDESTRIAN","OTHER","UNABLE TO DETERMINE",41.838976929,-87.71479102
"1860","none",2021-11-18 08:20:00,8,"ON SCENE",2,30,"CLEAR","DAYLIGHT","DRY","SIDESWIPE SAME DIRECTION","NOT DIVIDED","EQUIPMENT - VEHICLE CONDITION",41.985160813,-87.669715097
"1861","none",2021-11-18 08:15:00,8,"NOT ON SCENE (DESK REPORT)",2,30,"CLEAR","DAYLIGHT","DRY","REAR END","NOT DIVIDED","FOLLOWING TOO CLOSELY",41.750913966,-87.621529963
"1862","none",2021-11-18 08:15:00,8,"NOT ON SCENE (DESK REPORT)",2,30,"CLEAR","DAYLIGHT","DRY","PARKED MOTOR VEHICLE","DIVIDED - W/MEDIAN (NOT RAISED)","FAILING TO YIELD RIGHT-OF-WAY",41.795140932,-87.59639854
"1863","none",2021-11-18 08:14:00,8,"ON SCENE",2,30,"CLEAR","DAYLIGHT","DRY","REAR END","DIVIDED - W/MEDIAN (NOT RAISED)","FOLLOWING TOO CLOSELY",41.96854636,-87.709992832
"1864","none",2021-11-18 08:10:00,8,"ON SCENE",2,30,"CLEAR","DAYLIGHT","DRY","REAR TO SIDE","NOT DIVIDED","FAILING TO YIELD RIGHT-OF-WAY",41.79572058,-87.734108462
"1865","none",2021-11-18 08:10:00,8,"NOT ON SCENE (DESK REPORT)",2,30,"CLOUDY/OVERCAST","DAYLIGHT","DRY","SIDESWIPE SAME DIRECTION","DIVIDED - W/MEDIAN (NOT RAISED)","FAILING TO YIELD RIGHT-OF-WAY",41.850381619,-87.705065707
"1866","none",2021-11-18 08:08:00,8,"ON SCENE",2,30,"CLEAR","DAYLIGHT","DRY","TURNING","T-INTERSECTION","FAILING TO YIELD RIGHT-OF-WAY",41.711661598,-87.620203405
"1867","none",2021-11-18 08:00:00,8,"NOT ON SCENE (DESK REPORT)",2,20,"CLEAR","DAYLIGHT","DRY","PARKED MOTOR VEHICLE","NOT DIVIDED","DISTRACTION - FROM INSIDE VEHICLE",41.691466773,-87.671886914
"1868","none",2021-11-18 08:00:00,8,"NOT ON SCENE (DESK REPORT)",2,35,"CLEAR","DAYLIGHT","DRY","SIDESWIPE SAME DIRECTION","NOT DIVIDED","IMPROPER LANE USAGE",41.736006565,-87.645341819
"1869","none",2021-11-18 08:00:00,8,"ON SCENE",2,30,"CLEAR","DAYLIGHT","DRY","REAR END","FOUR WAY","FAILING TO REDUCE SPEED TO AVOID CRASH",41.721417636,-87.655446568
"1870","none",2021-11-18 07:55:00,7,"ON SCENE",2,30,"CLEAR","DAYLIGHT","DRY","REAR END","DIVIDED - W/MEDIAN (NOT RAISED)","FAILING TO REDUCE SPEED TO AVOID CRASH",41.960844924,-87.746538596
"1871","none",2021-11-18 07:55:00,7,"ON SCENE",2,20,"CLEAR","DAYLIGHT","DRY","SIDESWIPE SAME DIRECTION","NOT DIVIDED","UNABLE TO DETERMINE",41.895107335,-87.725925596
"1872","none",2021-11-18 07:55:00,7,"NOT ON SCENE (DESK REPORT)",2,25,"CLEAR","DAYLIGHT","DRY","SIDESWIPE SAME DIRECTION","DIVIDED - W/MEDIAN (NOT RAISED)","UNABLE TO DETERMINE",41.7266612,-87.604729057
"1873","none",2021-11-18 07:55:00,7,"NOT ON SCENE (DESK REPORT)",2,30,"CLEAR","DAYLIGHT","DRY","SIDESWIPE SAME DIRECTION","NOT DIVIDED","IMPROPER TURNING/NO SIGNAL",41.951911904,-87.745104181
"1874","none",2021-11-18 07:50:00,7,"NOT ON SCENE (DESK REPORT)",2,30,"UNKNOWN","UNKNOWN","UNKNOWN","ANGLE","NOT DIVIDED","FAILING TO YIELD RIGHT-OF-WAY",41.769945869,-87.690864688
"1875","none",2021-11-18 07:46:00,7,"ON SCENE",2,30,"CLEAR","DAYLIGHT","DRY","REAR END","NOT DIVIDED","FOLLOWING TOO CLOSELY",41.946579056,-87.720186259
"1876","none",2021-11-18 07:45:00,7,"ON SCENE",2,30,"CLEAR","DAYLIGHT","DRY","PARKED MOTOR VEHICLE","ONE-WAY","IMPROPER OVERTAKING/PASSING",41.914480771,-87.723883645
"1877","injuries",2021-11-18 07:45:00,7,"ON SCENE",2,30,"CLEAR","DAYLIGHT","DRY","TURNING","NOT DIVIDED","FAILING TO YIELD RIGHT-OF-WAY",42.019394742,-87.686020498
"1878","injuries",2021-11-18 07:42:00,7,"ON SCENE",2,30,"CLEAR","DAYLIGHT","DRY","SIDESWIPE OPPOSITE DIRECTION","DIVIDED - W/MEDIAN (NOT RAISED)","DRIVING ON WRONG SIDE/WRONG WAY",41.910898788,-87.656443836
"1879","injuries",2021-11-18 07:40:00,7,"NOT ON SCENE (DESK REPORT)",2,30,"CLEAR","DAYLIGHT","DRY","PEDESTRIAN","NOT DIVIDED","UNABLE TO DETERMINE",41.807471526,-87.697994172
"1880","none",2021-11-18 07:30:00,7,"NOT ON SCENE (DESK REPORT)",2,30,"CLEAR","DAYLIGHT","UNKNOWN","REAR END","NOT DIVIDED","FOLLOWING TOO CLOSELY",41.84549944,-87.675520787
"1881","none",2021-11-18 07:30:00,7,"ON SCENE",2,35,"CLEAR","DAYLIGHT","DRY","SIDESWIPE SAME DIRECTION","NOT DIVIDED","IMPROPER OVERTAKING/PASSING",41.958946822,-87.747331335
"1882","none",2021-11-18 07:20:00,7,"NOT ON SCENE (DESK REPORT)",2,40,"CLEAR","DAYLIGHT","DRY","REAR END","DIVIDED - W/MEDIAN BARRIER","UNABLE TO DETERMINE",41.936620006,-87.634053484
"1883","none",2021-11-18 07:15:00,7,"NOT ON SCENE (DESK REPORT)",2,35,"CLEAR","DAYLIGHT","DRY","REAR END","FOUR WAY","DISTRACTION - FROM INSIDE VEHICLE",41.809421857,-87.621134078
"1884","none",2021-11-18 07:15:00,7,"ON SCENE",2,30,"CLEAR","DAYLIGHT","DRY","SIDESWIPE OPPOSITE DIRECTION","OTHER","IMPROPER BACKING",41.884159866,-87.667011501
"1885","none",2021-11-18 07:15:00,7,"NOT ON SCENE (DESK REPORT)",2,30,"CLEAR","DAYLIGHT","DRY","PARKED MOTOR VEHICLE","ONE-WAY","UNABLE TO DETERMINE",41.996115071,-87.693639495
"1886","none",2021-11-18 07:00:00,7,"ON SCENE",2,30,"CLEAR","DAYLIGHT","DRY","SIDESWIPE SAME DIRECTION","NOT DIVIDED","IMPROPER LANE USAGE",41.972748188,-87.747927923
"1887","none",2021-11-18 07:00:00,7,"NOT ON SCENE (DESK REPORT)",2,30,"CLEAR","DAYLIGHT","DRY","SIDESWIPE SAME DIRECTION","NOT DIVIDED","UNABLE TO DETERMINE",41.750940414,-87.61991272
"1888","none",2021-11-18 07:00:00,7,"ON SCENE",2,30,"CLEAR","DAYLIGHT","DRY","PARKED MOTOR VEHICLE","ONE-WAY","UNABLE TO DETERMINE",41.966339092,-87.725238017
"1889","none",2021-11-18 07:00:00,7,"ON SCENE",1,15,"CLEAR","UNKNOWN","DRY","FIXED OBJECT","ALLEY","UNABLE TO DETERMINE",41.889034663,-87.713829619