"","injuries","crash_date","crash_hour","report_type","num_units","posted_speed_limit","weather_condition","lighting_condition","roadway_surface_cond","first_crash_type","trafficway_type","prim_contributory_cause","latitude","longitude"
"1890","none",2021-11-18 07:00:00,7,"NOT ON SCENE (DESK REPORT)",2,30,"CLEAR","DAYLIGHT","DRY","REAR END","NOT DIVIDED","FOLLOWING TOO CLOSELY",42.016872177,-87.675208683
"1891","none",2021-11-18 07:00:00,7,"NOT ON SCENE (DESK REPORT)",2,30,"UNKNOWN","UNKNOWN","UNKNOWN","PARKED MOTOR VEHICLE","NOT DIVIDED","UNABLE TO DETERMINE",41.790149018,-87.766945502
"1892","none",2021-11-18 06:41:00,6,"ON SCENE",2,35,"CLEAR","DAYLIGHT","DRY","ANGLE","FOUR WAY","UNABLE TO DETERMINE",41.909815647,-87.739705494
"1893","none",2021-11-18 06:28:00,6,"ON SCENE",2,30,"CLEAR","DAWN","DRY","HEAD ON","DIVIDED - W/MEDIAN (NOT RAISED)","ROAD ENGINEERING/SURFACE/MARKING DEFECTS",41.985641095,-87.655388544
"1894","none",2021-11-18 06:20:00,6,"ON SCENE",3,25,"CLEAR","DARKNESS, LIGHTED ROAD","DRY","TURNING","ONE-WAY","FAILING TO YIELD RIGHT-OF-WAY",41.816198329,-87.703532692
"1895","none",2021-11-18 06:02:00,6,"ON SCENE",2,30,"CLEAR","DARKNESS, LIGHTED ROAD","DRY","PARKED MOTOR VEHICLE","ONE-WAY","UNABLE TO DETERMINE",41.931553635,-87.720706387
"1896","none",2021-11-18 06:00:00,6,"ON SCENE",2,25,"CLEAR","UNKNOWN","UNKNOWN","PARKED MOTOR VEHICLE","NOT DIVIDED","UNABLE TO DETERMINE",41.923447953,-87.641267681
"1897","injuries",2021-11-18 06:00:00,6,"ON SCENE",2,40,"CLEAR","DARKNESS, LIGHTED ROAD","DRY","SIDESWIPE SAME DIRECTION","DIVIDED - W/MEDIAN BARRIER","IMPROPER TURNING/NO SIGNAL",41.985649799,-87.655335807
"1898","none",2021-11-18 05:00:00,5,"NOT ON SCENE (DESK REPORT)",2,30,"CLEAR","DARKNESS, LIGHTED ROAD","DRY","PARKED MOTOR VEHICLE","NOT DIVIDED","UNABLE TO DETERMINE",41.928115422,-87.744137624
"1899","none",2021-11-18 04:30:00,4,"NOT ON SCENE (DESK REPORT)",1,35,"CLEAR","DARKNESS, LIGHTED ROAD","DRY","ANIMAL","DIVIDED - W/MEDIAN BARRIER","ANIMAL",41.734481912,-87.540393227
"1900","none",2021-11-18 04:00:00,4,"ON SCENE",2,30,"CLEAR","DAYLIGHT","DRY","REAR TO FRONT","PARKING LOT","IMPROPER BACKING",41.952792616,-87.787581062
"1901","none",2021-11-18 03:48:00,3,"ON SCENE",2,30,"CLEAR","DARKNESS, LIGHTED ROAD","DRY","TURNING","FOUR WAY","DISREGARDING TRAFFIC SIGNALS",41.79464233,-87.631843416
"1902","none",2021-11-18 03:15:00,3,"NOT ON SCENE (DESK REPORT)",2,5,"CLEAR","DARKNESS","DRY","REAR END","PARKING LOT","FOLLOWING TOO CLOSELY",42.011998578,-87.707702746
"1903","none",2021-11-18 02:47:00,2,"ON SCENE",1,10,"CLEAR","DARKNESS, LIGHTED ROAD","DRY","FIXED OBJECT","OTHER","FAILING TO REDUCE SPEED TO AVOID CRASH",41.84755805,-87.645495992
"1904","injuries",2021-11-18 02:34:00,2,"UNKNOWN",2,35,"CLEAR","DARKNESS, LIGHTED ROAD","DRY","ANGLE","FOUR WAY","DISREGARDING TRAFFIC SIGNALS",41.867125251,-87.647064808
"1905","none",2021-11-18 02:02:00,2,"ON SCENE",3,30,"CLEAR","DARKNESS, LIGHTED ROAD","DRY","PARKED MOTOR VEHICLE","FOUR WAY","NOT APPLICABLE",41.762276586,-87.608076191
"1906","none",2021-11-18 02:00:00,2,"ON SCENE",2,30,"CLEAR","DARKNESS, LIGHTED ROAD","DRY","PARKED MOTOR VEHICLE","NOT DIVIDED","UNABLE TO DETERMINE",41.755981033,-87.644911357
"1907","none",2021-11-18 01:00:00,1,"NOT ON SCENE (DESK REPORT)",3,30,"CLEAR","DARKNESS, LIGHTED ROAD","DRY","PARKED MOTOR VEHICLE","ONE-WAY","IMPROPER OVERTAKING/PASSING",41.948868893,-87.684531968
"1908","none",2021-11-18 01:00:00,1,"ON SCENE",2,25,"CLEAR","DARKNESS, LIGHTED ROAD","DRY","ANGLE","DIVIDED - W/MEDIAN BARRIER","DISREGARDING TRAFFIC SIGNALS",41.866862938,-87.676344912
"1909","none",2021-11-18 01:00:00,1,"ON SCENE",2,25,"CLEAR","DARKNESS","DRY","PARKED MOTOR VEHICLE","ONE-WAY","IMPROPER LANE USAGE",41.786840963,-87.686434868
"1910","none",2021-11-18 01:00:00,1,"NOT ON SCENE (DESK REPORT)",2,30,"CLOUDY/OVERCAST","UNKNOWN","UNKNOWN","PARKED MOTOR VEHICLE","ONE-WAY","UNABLE TO DETERMINE",41.948501683,-87.799601729
"1911","injuries",2021-11-18 00:54:00,0,"ON SCENE",2,30,"CLEAR","DARKNESS, LIGHTED ROAD","DRY","ANGLE","FOUR WAY","DISREGARDING TRAFFIC SIGNALS",41.77833539,-87.742436494
"1912","none",2021-11-18 00:40:00,0,"NOT ON SCENE (DESK REPORT)",2,30,"CLEAR","DARKNESS, LIGHTED ROAD","DRY","PARKED MOTOR VEHICLE","NOT DIVIDED","UNABLE TO DETERMINE",41.889905477,-87.631504017
"1913","none",2021-11-18 00:30:00,0,"NOT ON SCENE (DESK REPORT)",2,30,"CLEAR","DARKNESS, LIGHTED ROAD","DRY","ANGLE","DIVIDED - W/MEDIAN (NOT RAISED)","DISREGARDING STOP SIGN",41.7452165,-87.648801437
"1914","none",2021-11-18 00:29:00,0,"NOT ON SCENE (DESK REPORT)",2,30,"CLEAR","DARKNESS, LIGHTED ROAD","DRY","PARKED MOTOR VEHICLE","PARKING LOT","OPERATING VEHICLE IN ERRATIC, RECKLESS, CARELESS, NEGLIGENT OR AGGRESSIVE MANNER",41.779527665,-87.617168263
"1915","none",2021-11-18 00:24:00,0,"ON SCENE",2,30,"CLEAR","DARKNESS, LIGHTED ROAD","DRY","REAR END","FOUR WAY","UNABLE TO DETERMINE",41.884623785,-87.620476044
"1916","none",2021-11-18 00:05:00,0,"ON SCENE",2,30,"CLEAR","DARKNESS, LIGHTED ROAD","DRY","PARKED MOTOR VEHICLE","OTHER","UNABLE TO DETERMINE",41.892727439,-87.706324595
"1917","none",2021-11-17 23:45:00,23,"NOT ON SCENE (DESK REPORT)",2,30,"CLEAR","DARKNESS, LIGHTED ROAD","DRY","REAR END","NOT DIVIDED","FAILING TO REDUCE SPEED TO AVOID CRASH",41.912874937,-87.633265639
"1918","none",2021-11-17 23:30:00,23,"NOT ON SCENE (DESK REPORT)",2,30,"CLEAR","DARKNESS, LIGHTED ROAD","DRY","PARKED MOTOR VEHICLE","DIVIDED - W/MEDIAN BARRIER","UNABLE TO DETERMINE",41.880044981,-87.770493379
"1919","none",2021-11-17 23:30:00,23,"ON SCENE",4,30,"CLEAR","DARKNESS, LIGHTED ROAD","DRY","PARKED MOTOR VEHICLE","NOT DIVIDED","UNABLE TO DETERMINE",41.858812473,-87.736385172
"1920","none",2021-11-17 23:07:00,23,"NOT ON SCENE (DESK REPORT)",2,10,"CLEAR","DAYLIGHT","DRY","PARKED MOTOR VEHICLE","PARKING LOT","IMPROPER BACKING",41.940649631,-87.649434745
"1921","none",2021-11-17 23:00:00,23,"NOT ON SCENE (DESK REPORT)",2,30,"CLEAR","DARKNESS, LIGHTED ROAD","DRY","PARKED MOTOR VEHICLE","NOT DIVIDED","FAILING TO YIELD RIGHT-OF-WAY",41.784993531,-87.601022121
"1922","none",2021-11-17 22:48:00,22,"ON SCENE",1,30,"CLEAR","DARKNESS, LIGHTED ROAD","DRY","FIXED OBJECT","ONE-WAY","DISREGARDING TRAFFIC SIGNALS",41.886679541,-87.630015954
"1923","none",2021-11-17 22:30:00,22,"NOT ON SCENE (DESK REPORT)",2,30,"CLEAR","DARKNESS, LIGHTED ROAD","DRY","PARKED MOTOR VEHICLE","NOT DIVIDED","DRIVING SKILLS/KNOWLEDGE/EXPERIENCE",41.903862063,-87.626803701
"1924","injuries",2021-11-17 22:24:00,22,"ON SCENE",3,30,"CLEAR","DARKNESS, LIGHTED ROAD","DRY","SIDESWIPE SAME DIRECTION","NOT DIVIDED","IMPROPER OVERTAKING/PASSING",41.787061867,-87.636507553
"1925","none",2021-11-17 22:00:00,22,"UNKNOWN",3,20,"CLEAR","DARKNESS, LIGHTED ROAD","DRY","SIDESWIPE SAME DIRECTION","DIVIDED - W/MEDIAN (NOT RAISED)","UNABLE TO DETERMINE",41.829624729,-87.684866206
"1926","none",2021-11-17 21:30:00,21,"ON SCENE",1,30,"CLEAR","DARKNESS, LIGHTED ROAD","DRY","FIXED OBJECT","NOT DIVIDED","UNABLE TO DETERMINE",41.844068441,-87.729891843
"1927","none",2021-11-17 21:30:00,21,"NOT ON SCENE (DESK REPORT)",2,30,"UNKNOWN","DARKNESS, LIGHTED ROAD","UNKNOWN","REAR TO FRONT","DIVIDED - W/MEDIAN (NOT RAISED)","FAILING TO YIELD RIGHT-OF-WAY",41.928971651,-87.653901757
"1928","none",2021-11-17 21:19:00,21,"ON SCENE",2,30,"CLEAR","DARKNESS, LIGHTED ROAD","DRY","REAR END","NOT DIVIDED","FAILING TO REDUCE SPEED TO AVOID CRASH",41.706231572,-87.681468741
"1929","injuries",2021-11-17 21:04:00,21,"ON SCENE",2,30,"CLEAR","DARKNESS, LIGHTED ROAD","DRY","ANGLE","FOUR WAY","DISREGARDING TRAFFIC SIGNALS",41.886724965,-87.686433606
"1930","none",2021-11-17 21:00:00,21,"ON SCENE",2,30,"CLEAR","DARKNESS, LIGHTED ROAD","UNKNOWN","PARKED MOTOR VEHICLE","DIVIDED - W/MEDIAN BARRIER","UNABLE TO DETERMINE",41.77165732,-87.710876759
"1931","none",2021-11-17 20:40:00,20,"NOT ON SCENE (DESK REPORT)",2,30,"CLEAR","DARKNESS, LIGHTED ROAD","DRY","TURNING","DIVIDED - W/MEDIAN BARRIER","FAILING TO YIELD RIGHT-OF-WAY",41.735764261,-87.672798199
"1932","injuries",2021-11-17 20:39:00,20,"ON SCENE",1,30,"CLEAR","DARKNESS, LIGHTED ROAD","DRY","FIXED OBJECT","NOT DIVIDED","UNABLE TO DETERMINE",41.732801517,-87.614576635
"1933","none",2021-11-17 20:38:00,20,"NOT ON SCENE (DESK REPORT)",2,30,"CLEAR","DARKNESS, LIGHTED ROAD","DRY","REAR END","NOT DIVIDED","UNABLE TO DETERMINE",41.902307989,-87.745830587
"1934","injuries",2021-11-17 20:30:00,20,"NOT ON SCENE (DESK REPORT)",2,30,"CLEAR","DARKNESS, LIGHTED ROAD","DRY","REAR END","NOT DIVIDED","UNABLE TO DETERMINE",41.793981347,-87.684141741
"1935","none",2021-11-17 20:20:00,20,"ON SCENE",1,30,"CLEAR","DARKNESS","WET","FIXED OBJECT","NOT DIVIDED","DISTRACTION - FROM OUTSIDE VEHICLE",41.753349816,-87.728189637
"1936","none",2021-11-17 20:15:00,20,"NOT ON SCENE (DESK REPORT)",2,30,"CLEAR","DARKNESS, LIGHTED ROAD","DRY","REAR END","NOT DIVIDED","UNABLE TO DETERMINE",41.910416692,-87.696872759
"1937","none",2021-11-17 20:00:00,20,"NOT ON SCENE (DESK REPORT)",2,30,"CLEAR","DARKNESS","DRY","PARKED MOTOR VEHICLE","DIVIDED - W/MEDIAN BARRIER","UNABLE TO DETERMINE",41.886728704,-87.67664363
"1938","none",2021-11-17 19:59:00,19,"ON SCENE",2,35,"CLEAR","DARKNESS, LIGHTED ROAD","DRY","TURNING","DIVIDED - W/MEDIAN (NOT RAISED)","UNABLE TO DETERMINE",42.019219088,-87.699467648
"1939","none",2021-11-17 19:55:00,19,"NOT ON SCENE (DESK REPORT)",2,30,"CLEAR","DARKNESS, LIGHTED ROAD","WET","ANGLE","NOT DIVIDED","UNABLE TO DETERMINE",41.727893998,-87.571993869
"1940","none",2021-11-17 19:50:00,19,"NOT ON SCENE (DESK REPORT)",2,30,"CLEAR","DARKNESS, LIGHTED ROAD","DRY","TURNING","ONE-WAY","NOT APPLICABLE",41.880706165,-87.624853797
"1941","none",2021-11-17 19:45:00,19,"NOT ON SCENE (DESK REPORT)",2,30,"CLEAR","UNKNOWN","DRY","PARKED MOTOR VEHICLE","ONE-WAY","IMPROPER BACKING",41.979750959,-87.667296693
"1942","injuries",2021-11-17 19:45:00,19,"ON SCENE",2,30,"RAIN","DARKNESS, LIGHTED ROAD","WET","ANGLE","NOT DIVIDED","UNABLE TO DETERMINE",41.73736194,-87.545688181
"1943","none",2021-11-17 19:30:00,19,"NOT ON SCENE (DESK REPORT)",2,25,"RAIN","DARKNESS","WET","REAR END","NOT DIVIDED","UNABLE TO DETERMINE",41.993263883,-87.65563353
"1944","none",2021-11-17 19:30:00,19,"ON SCENE",2,30,"RAIN","DARKNESS, LIGHTED ROAD","WET","ANGLE","DRIVEWAY","UNABLE TO DETERMINE",41.810861566,-87.658682349
"1945","none",2021-11-17 19:27:00,19,"ON SCENE",2,30,"CLEAR","DARKNESS, LIGHTED ROAD","DRY","SIDESWIPE SAME DIRECTION","ONE-WAY","DRIVING SKILLS/KNOWLEDGE/EXPERIENCE",41.893888753,-87.633526637
"1946","none",2021-11-17 19:00:00,19,"ON SCENE",3,30,"CLEAR","DARKNESS","DRY","ANGLE","DIVIDED - W/MEDIAN (NOT RAISED)","NOT APPLICABLE",41.912028244,-87.706949733
"1947","none",2021-11-17 19:00:00,19,"NOT ON SCENE (DESK REPORT)",2,30,"CLEAR","DAYLIGHT","DRY","TURNING","NOT DIVIDED","UNABLE TO DETERMINE",41.692752711,-87.596988754
"1948","none",2021-11-17 19:00:00,19,"NOT ON SCENE (DESK REPORT)",2,30,"CLEAR","DARKNESS, LIGHTED ROAD","DRY","REAR END","NOT DIVIDED","FOLLOWING TOO CLOSELY",41.951948584,-87.835944755
"1949","none",2021-11-17 19:00:00,19,"NOT ON SCENE (DESK REPORT)",2,30,"CLEAR","DARKNESS, LIGHTED ROAD","DRY","SIDESWIPE SAME DIRECTION","ONE-WAY","IMPROPER OVERTAKING/PASSING",41.903759348,-87.772846038
"1950","none",2021-11-17 18:54:00,18,"ON SCENE",2,30,"CLEAR","DARKNESS, LIGHTED ROAD","DRY","ANGLE","FOUR WAY","DISREGARDING STOP SIGN",41.74888097,-87.634860796
"1951","none",2021-11-17 18:50:00,18,"ON SCENE",3,30,"RAIN","DARKNESS, LIGHTED ROAD","WET","REAR TO FRONT","NOT DIVIDED","UNABLE TO DETERMINE",41.708255723,-87.559810826
"1952","none",2021-11-17 18:45:00,18,"ON SCENE",1,25,"RAIN","DUSK","WET","OTHER OBJECT","DRIVEWAY","NOT APPLICABLE",41.832218757,-87.617997744
"1953","injuries",2021-11-17 18:45:00,18,"ON SCENE",2,30,"CLEAR","DARKNESS, LIGHTED ROAD","WET","TURNING","DIVIDED - W/MEDIAN BARRIER","FAILING TO REDUCE SPEED TO AVOID CRASH",41.994803647,-87.714786811
"1954","none",2021-11-17 18:41:00,18,"ON SCENE",2,20,"CLEAR","DARKNESS, LIGHTED ROAD","WET","PARKED MOTOR VEHICLE","NOT DIVIDED","UNABLE TO DETERMINE",41.738595133,-87.723256366
"1955","none",2021-11-17 18:32:00,18,"ON SCENE",2,30,"CLEAR","DARKNESS, LIGHTED ROAD","DRY","ANGLE","FOUR WAY","DISREGARDING STOP SIGN",41.786993299,-87.769555009
"1956","injuries",2021-11-17 18:31:00,18,"ON SCENE",2,25,"RAIN","DARKNESS, LIGHTED ROAD","WET","TURNING","FOUR WAY","FAILING TO YIELD RIGHT-OF-WAY",41.881641315,-87.771693868
"1957","none",2021-11-17 18:30:00,18,"NOT ON SCENE (DESK REPORT)",2,35,"RAIN","DARKNESS, LIGHTED ROAD","WET","REAR END","NOT DIVIDED","NOT APPLICABLE",41.792254249,-87.781949098
"1958","none",2021-11-17 18:30:00,18,"NOT ON SCENE (DESK REPORT)",2,30,"CLEAR","DARKNESS","DRY","ANGLE","OTHER","UNABLE TO DETERMINE",41.997959807,-87.788608387
"1959","none",2021-11-17 18:30:00,18,"NOT ON SCENE (DESK REPORT)",2,35,"CLEAR","UNKNOWN","DRY","ANGLE","NOT DIVIDED","UNABLE TO DETERMINE",41.953617085,-87.775425503
"1960","none",2021-11-17 18:30:00,18,"NOT ON SCENE (DESK REPORT)",2,10,"CLEAR","DARKNESS","DRY","PARKED MOTOR VEHICLE","PARKING LOT","NOT APPLICABLE",41.709873532,-87.559847295
"1961","none",2021-11-17 18:29:00,18,"ON SCENE",2,30,"CLEAR","DARKNESS, LIGHTED ROAD","WET","TURNING","T-INTERSECTION","UNABLE TO DETERMINE",41.834884847,-87.68441071
"1962","none",2021-11-17 18:25:00,18,"NOT ON SCENE (DESK REPORT)",2,30,"RAIN","DARKNESS, LIGHTED ROAD","WET","TURNING","NOT DIVIDED","UNABLE TO DETERMINE",41.71306242,-87.720982644
"1963","none",2021-11-17 18:15:00,18,"NOT ON SCENE (DESK REPORT)",2,30,"RAIN","DARKNESS, LIGHTED ROAD","WET","REAR END","DIVIDED - W/MEDIAN (NOT RAISED)","FAILING TO REDUCE SPEED TO AVOID CRASH",41.778932912,-87.699628664
"1964","none",2021-11-17 18:15:00,18,"ON SCENE",3,30,"CLEAR","DARKNESS, LIGHTED ROAD","DRY","REAR END","DIVIDED - W/MEDIAN BARRIER","FOLLOWING TOO CLOSELY",41.759146885,-87.722079978
"1965","none",2021-11-17 18:15:00,18,"NOT ON SCENE (DESK REPORT)",2,30,"RAIN","DAWN","WET","REAR END","NOT DIVIDED","UNABLE TO DETERMINE",41.736526636,-87.605812683
"1966","none",2021-11-17 18:15:00,18,"NOT ON SCENE (DESK REPORT)",3,30,"CLEAR","DARKNESS","DRY","REAR END","NOT DIVIDED","FOLLOWING TOO CLOSELY",41.714253753,-87.633926687
"1967","injuries",2021-11-17 18:11:00,18,"ON SCENE",2,30,"UNKNOWN","UNKNOWN","UNKNOWN","REAR END","ONE-WAY","UNABLE TO DETERMINE",41.73616511,-87.625587569
"1968","injuries",2021-11-17 18:09:00,18,"ON SCENE",2,30,"RAIN","DARKNESS, LIGHTED ROAD","WET","PEDALCYCLIST","DIVIDED - W/MEDIAN (NOT RAISED)","FAILING TO YIELD RIGHT-OF-WAY",41.792957972,-87.755038409
"1969","injuries",2021-11-17 18:09:00,18,"ON SCENE",2,30,"RAIN","DARKNESS, LIGHTED ROAD","WET","TURNING","FOUR WAY","FAILING TO REDUCE SPEED TO AVOID CRASH",41.85145511,-87.734356137
"1970","injuries",2021-11-17 18:07:00,18,"ON SCENE",1,35,"CLEAR","DARKNESS, LIGHTED ROAD","WET","FIXED OBJECT","DIVIDED - W/MEDIAN (NOT RAISED)","FAILING TO REDUCE SPEED TO AVOID CRASH",41.755719441,-87.663717784
"1971","none",2021-11-17 18:05:00,18,"NOT ON SCENE (DESK REPORT)",2,30,"CLEAR","DARKNESS","WET","SIDESWIPE OPPOSITE DIRECTION","DIVIDED - W/MEDIAN (NOT RAISED)","DRIVING ON WRONG SIDE/WRONG WAY",41.966053417,-87.728114561
"1972","none",2021-11-17 18:00:00,18,"ON SCENE",2,30,"RAIN","DARKNESS, LIGHTED ROAD","WET","TURNING","NOT DIVIDED","IMPROPER TURNING/NO SIGNAL",41.685146205,-87.628196982
"1973","none",2021-11-17 18:00:00,18,"ON SCENE",2,30,"UNKNOWN","UNKNOWN","UNKNOWN","PARKED MOTOR VEHICLE","NOT DIVIDED","UNABLE TO DETERMINE",41.891546181,-87.742027987
"1974","none",2021-11-17 18:00:00,18,"NOT ON SCENE (DESK REPORT)",2,30,"CLEAR","DAYLIGHT","WET","SIDESWIPE SAME DIRECTION","NOT DIVIDED","UNABLE TO DETERMINE",41.649007538,-87.559164627
"1975","none",2021-11-17 18:00:00,18,"NOT ON SCENE (DESK REPORT)",2,30,"UNKNOWN","DARKNESS, LIGHTED ROAD","UNKNOWN","REAR END","DIVIDED - W/MEDIAN (NOT RAISED)","UNABLE TO DETERMINE",42.004577537,-87.660702615
"1976","none",2021-11-17 17:55:00,17,"ON SCENE",2,30,"RAIN","DARKNESS, LIGHTED ROAD","WET","ANGLE","NOT DIVIDED","FAILING TO YIELD RIGHT-OF-WAY",41.704472825,-87.535431006
"1977","none",2021-11-17 17:50:00,17,"NOT ON SCENE (DESK REPORT)",2,30,"CLEAR","DARKNESS, LIGHTED ROAD","WET","REAR END","DIVIDED - W/MEDIAN BARRIER","FOLLOWING TOO CLOSELY",41.884530964,-87.624602045
"1978","injuries",2021-11-17 17:50:00,17,"ON SCENE",2,30,"RAIN","DARKNESS, LIGHTED ROAD","WET","REAR END","DIVIDED - W/MEDIAN (NOT RAISED)","FOLLOWING TOO CLOSELY",41.884106749,-87.703886855
"1979","injuries",2021-11-17 17:50:00,17,"NOT ON SCENE (DESK REPORT)",2,30,"CLEAR","DARKNESS, LIGHTED ROAD","DRY","REAR END","NOT DIVIDED","FAILING TO REDUCE SPEED TO AVOID CRASH",41.918211731,-87.638873295
"1980","injuries",2021-11-17 17:47:00,17,"ON SCENE",2,40,"RAIN","DARKNESS, LIGHTED ROAD","WET","REAR END","DIVIDED - W/MEDIAN BARRIER","FAILING TO REDUCE SPEED TO AVOID CRASH",41.902481646,-87.624221044
"1981","none",2021-11-17 17:45:00,17,"NOT ON SCENE (DESK REPORT)",2,35,"RAIN","DARKNESS, LIGHTED ROAD","WET","REAR END","DIVIDED - W/MEDIAN (NOT RAISED)","FOLLOWING TOO CLOSELY",41.721336041,-87.644570465
"1982","none",2021-11-17 17:45:00,17,"ON SCENE",2,30,"RAIN","DARKNESS, LIGHTED ROAD","WET","SIDESWIPE SAME DIRECTION","DIVIDED - W/MEDIAN (NOT RAISED)","IMPROPER OVERTAKING/PASSING",41.878172572,-87.647099736
"1983","none",2021-11-17 17:45:00,17,"NOT ON SCENE (DESK REPORT)",2,30,"UNKNOWN","DARKNESS, LIGHTED ROAD","UNKNOWN","SIDESWIPE SAME DIRECTION","NOT DIVIDED","UNABLE TO DETERMINE",41.888073332,-87.620594461
"1984","none",2021-11-17 17:40:00,17,"ON SCENE",2,30,"RAIN","DUSK","WET","PARKED MOTOR VEHICLE","DIVIDED - W/MEDIAN BARRIER","UNABLE TO DETERMINE",41.721125145,-87.676928556
"1985","none",2021-11-17 17:40:00,17,"NOT ON SCENE (DESK REPORT)",2,30,"CLEAR","DARKNESS, LIGHTED ROAD","UNKNOWN","REAR END","DIVIDED - W/MEDIAN BARRIER","UNABLE TO DETERMINE",41.794560071,-87.631928475
"1986","injuries",2021-11-17 17:40:00,17,"ON SCENE",2,30,"RAIN","DARKNESS, LIGHTED ROAD","WET","TURNING","FOUR WAY","UNABLE TO DETERMINE",41.774144907,-87.586444949
"1987","none",2021-11-17 17:34:00,17,"ON SCENE",3,30,"OTHER","DARKNESS, LIGHTED ROAD","WET","ANGLE","FOUR WAY","FAILING TO YIELD RIGHT-OF-WAY",41.934653659,-87.792995516
"1988","none",2021-11-17 17:30:00,17,"NOT ON SCENE (DESK REPORT)",2,30,"CLEAR","DUSK","DRY","PARKED MOTOR VEHICLE","ALLEY","FAILING TO YIELD RIGHT-OF-WAY",41.791580917,-87.594029347
"1989","none",2021-11-17 17:30:00,17,"ON SCENE",2,30,"RAIN","DARKNESS, LIGHTED ROAD","WET","TURNING","NOT DIVIDED","FAILING TO YIELD RIGHT-OF-WAY",41.785218219,-87.606181344
"1990","none",2021-11-17 17:30:00,17,"NOT ON SCENE (DESK REPORT)",2,5,"CLOUDY/OVERCAST","DARKNESS, LIGHTED ROAD","DRY","ANGLE","PARKING LOT","UNABLE TO DETERMINE",41.975305716,-87.767593024
"1991","none",2021-11-17 17:30:00,17,"NOT ON SCENE (DESK REPORT)",2,30,"CLEAR","DARKNESS, LIGHTED ROAD","DRY","REAR END","NOT DIVIDED","IMPROPER LANE USAGE",41.838393299,-87.60874952
"1992","none",2021-11-17 17:25:00,17,"NOT ON SCENE (DESK REPORT)",2,30,"CLEAR","DAYLIGHT","DRY","REAR END","DIVIDED - W/MEDIAN BARRIER","FOLLOWING TOO CLOSELY",41.899248597,-87.624274978
"1993","none",2021-11-17 17:25:00,17,"NOT ON SCENE (DESK REPORT)",2,30,"RAIN","DARKNESS, LIGHTED ROAD","WET","REAR END","DIVIDED - W/MEDIAN (NOT RAISED)","FAILING TO REDUCE SPEED TO AVOID CRASH",41.78318436,-87.674153891
"1994","none",2021-11-17 17:25:00,17,"ON SCENE",2,30,"CLEAR","DARKNESS, LIGHTED ROAD","DRY","PARKED MOTOR VEHICLE","NOT DIVIDED","UNABLE TO DETERMINE",41.93855424,-87.776489568
"1995","none",2021-11-17 17:22:00,17,"ON SCENE",2,20,"RAIN","DARKNESS, LIGHTED ROAD","WET","ANGLE","FOUR WAY","UNABLE TO DETERMINE",41.772984891,-87.731090924
"1996","none",2021-11-17 17:21:00,17,"ON SCENE",2,35,"RAIN","DARKNESS, LIGHTED ROAD","WET","SIDESWIPE SAME DIRECTION","DIVIDED - W/MEDIAN (NOT RAISED)","IMPROPER LANE USAGE",41.940686436,-87.727376601
"1997","injuries",2021-11-17 17:05:00,17,"NOT ON SCENE (DESK REPORT)",2,30,"CLEAR","DAYLIGHT","WET","HEAD ON","NOT DIVIDED","UNABLE TO DETERMINE",41.737202344,-87.558498885
"1998","none",2021-11-17 17:00:00,17,"NOT ON SCENE (DESK REPORT)",2,30,"RAIN","UNKNOWN","WET","TURNING","NOT DIVIDED","TURNING RIGHT ON RED",41.809572517,-87.611394621
"1999","none",2021-11-17 17:00:00,17,"NOT ON SCENE (DESK REPORT)",2,30,"CLEAR","DARKNESS, LIGHTED ROAD","WET","TURNING","NOT DIVIDED","NOT APPLICABLE",41.875499909,-87.63075825
"2000","none",2021-11-17 17:00:00,17,"NOT ON SCENE (DESK REPORT)",2,30,"RAIN","DARKNESS, LIGHTED ROAD","WET","REAR END","NOT DIVIDED","FAILING TO REDUCE SPEED TO AVOID CRASH",41.764295037,-87.702957162
"2001","none",2021-11-17 17:00:00,17,"ON SCENE",2,30,"RAIN","DARKNESS, LIGHTED ROAD","WET","REAR END","NOT DIVIDED","EQUIPMENT - VEHICLE CONDITION",41.812665263,-87.704300691
"2002","none",2021-11-17 17:00:00,17,"NOT ON SCENE (DESK REPORT)",2,30,"UNKNOWN","UNKNOWN","UNKNOWN","PARKED MOTOR VEHICLE","ONE-WAY","UNABLE TO DETERMINE",41.736368053,-87.660794078
"2003","injuries",2021-11-17 17:00:00,17,"NOT ON SCENE (DESK REPORT)",2,30,"UNKNOWN","DUSK","UNKNOWN","REAR END","DIVIDED - W/MEDIAN (NOT RAISED)","FAILING TO REDUCE SPEED TO AVOID CRASH",41.954268252,-87.678635564
"2004","none",2021-11-17 17:00:00,17,"NOT ON SCENE (DESK REPORT)",2,30,"CLEAR","DARKNESS","WET","PARKED MOTOR VEHICLE","NOT DIVIDED","UNABLE TO DETERMINE",41.91246667,-87.686792806