"","injuries","crash_date","crash_hour","report_type","num_units","posted_speed_limit","weather_condition","lighting_condition","roadway_surface_cond","first_crash_type","trafficway_type","prim_contributory_cause","latitude","longitude"
"2005","none",2021-11-17 17:00:00,17,"NOT ON SCENE (DESK REPORT)",1,30,"CLEAR","DARKNESS, LIGHTED ROAD","DRY","OTHER OBJECT","NOT DIVIDED","UNABLE TO DETERMINE",41.976023407,-87.821986096
"2006","none",2021-11-17 16:57:00,16,"NOT ON SCENE (DESK REPORT)",2,25,"CLEAR","DUSK","DRY","SIDESWIPE SAME DIRECTION","DIVIDED - W/MEDIAN (NOT RAISED)","UNABLE TO DETERMINE",41.773368409,-87.576638552
"2007","none",2021-11-17 16:52:00,16,"NOT ON SCENE (DESK REPORT)",2,35,"RAIN","DARKNESS, LIGHTED ROAD","WET","SIDESWIPE SAME DIRECTION","NOT DIVIDED","NOT APPLICABLE",41.793370554,-87.684175377
"2008","none",2021-11-17 16:51:00,16,"NOT ON SCENE (DESK REPORT)",2,40,"RAIN","DARKNESS","WET","REAR END","NOT DIVIDED","UNABLE TO DETERMINE",41.89479837,-87.615866646
"2009","none",2021-11-17 16:50:00,16,"NOT ON SCENE (DESK REPORT)",2,30,"UNKNOWN","UNKNOWN","UNKNOWN","REAR END","DIVIDED - W/MEDIAN (NOT RAISED)","UNABLE TO DETERMINE",42.012366488,-87.687859543
"2010","none",2021-11-17 16:50:00,16,"NOT ON SCENE (DESK REPORT)",2,35,"RAIN","DARKNESS, LIGHTED ROAD","WET","REAR END","NOT DIVIDED","NOT APPLICABLE",41.756875409,-87.722028544
"2011","none",2021-11-17 16:50:00,16,"NOT ON SCENE (DESK REPORT)",3,30,"RAIN","DARKNESS","WET","REAR END","DIVIDED - W/MEDIAN (NOT RAISED)","FOLLOWING TOO CLOSELY",41.875090605,-87.685237466
"2012","none",2021-11-17 16:50:00,16,"ON SCENE",2,30,"RAIN","DARKNESS, LIGHTED ROAD","WET","PARKED MOTOR VEHICLE","DIVIDED - W/MEDIAN BARRIER","WEATHER",41.884111267,-87.632576385
"2013","none",2021-11-17 16:45:00,16,"NOT ON SCENE (DESK REPORT)",2,30,"FREEZING RAIN/DRIZZLE","DUSK","UNKNOWN","TURNING","NOT DIVIDED","IMPROPER TURNING/NO SIGNAL",41.902800684,-87.723927496
"2014","none",2021-11-17 16:45:00,16,"UNKNOWN",2,30,"CLOUDY/OVERCAST","DARKNESS, LIGHTED ROAD","DRY","ANGLE","FOUR WAY","FAILING TO YIELD RIGHT-OF-WAY",41.752296603,-87.649084638
"2015","none",2021-11-17 16:45:00,16,"NOT ON SCENE (DESK REPORT)",2,30,"CLEAR","DARKNESS","DRY","SIDESWIPE SAME DIRECTION","NOT DIVIDED","UNABLE TO DETERMINE",41.949285048,-87.712643201
"2016","none",2021-11-17 16:44:00,16,"ON SCENE",1,30,"CLEAR","DARKNESS, LIGHTED ROAD","DRY","OTHER OBJECT","DIVIDED - W/MEDIAN (NOT RAISED)","UNABLE TO DETERMINE",41.916483148,-87.790216402
"2017","none",2021-11-17 16:40:00,16,"ON SCENE",2,30,"RAIN","DUSK","WET","REAR END","DIVIDED - W/MEDIAN (NOT RAISED)","FAILING TO REDUCE SPEED TO AVOID CRASH",41.713985566,-87.535422756
"2018","injuries",2021-11-17 16:40:00,16,"ON SCENE",2,30,"RAIN","DUSK","WET","PEDESTRIAN","NOT DIVIDED","UNABLE TO DETERMINE",41.902358115,-87.755839534
"2019","none",2021-11-17 16:37:00,16,"ON SCENE",2,30,"RAIN","DUSK","WET","REAR END","NOT DIVIDED","UNABLE TO DETERMINE",41.916851962,-87.765887398
"2020","none",2021-11-17 16:30:00,16,"ON SCENE",2,30,"CLEAR","DARKNESS, LIGHTED ROAD","WET","TURNING","DIVIDED - W/MEDIAN (NOT RAISED)","FAILING TO YIELD RIGHT-OF-WAY",41.909584029,-87.752795477
"2021","none",2021-11-17 16:30:00,16,"ON SCENE",3,35,"RAIN","DUSK","WET","REAR END","NOT DIVIDED","FAILING TO YIELD RIGHT-OF-WAY",41.867008897,-87.696062768
"2022","none",2021-11-17 16:30:00,16,"NOT ON SCENE (DESK REPORT)",2,35,"CLEAR","DUSK","DRY","REAR END","NOT DIVIDED","UNABLE TO DETERMINE",41.997182041,-87.806908034
"2023","none",2021-11-17 16:25:00,16,"ON SCENE",2,30,"FREEZING RAIN/DRIZZLE","DARKNESS","WET","TURNING","DIVIDED - W/MEDIAN (NOT RAISED)","IMPROPER LANE USAGE",41.99019852,-87.715262373
"2024","none",2021-11-17 16:25:00,16,"ON SCENE",2,35,"RAIN","DAYLIGHT","WET","ANGLE","FOUR WAY","FAILING TO YIELD RIGHT-OF-WAY",41.780844382,-87.693587053
"2025","none",2021-11-17 16:20:00,16,"ON SCENE",2,25,"RAIN","UNKNOWN","WET","ANGLE","NOT DIVIDED","UNABLE TO DETERMINE",41.836176354,-87.64272584
"2026","none",2021-11-17 16:20:00,16,"ON SCENE",2,30,"RAIN","DUSK","WET","ANGLE","FOUR WAY","FAILING TO YIELD RIGHT-OF-WAY",41.857743045,-87.678508786
"2027","none",2021-11-17 16:15:00,16,"NOT ON SCENE (DESK REPORT)",2,35,"RAIN","DAYLIGHT","WET","REAR END","FOUR WAY","NOT APPLICABLE",41.831127029,-87.61463065
"2028","none",2021-11-17 16:12:00,16,"NOT ON SCENE (DESK REPORT)",2,30,"RAIN","DAYLIGHT","WET","TURNING","FOUR WAY","FAILING TO YIELD RIGHT-OF-WAY",41.900506934,-87.75588188
"2029","none",2021-11-17 16:10:00,16,"NOT ON SCENE (DESK REPORT)",2,30,"RAIN","DAYLIGHT","DRY","PARKED MOTOR VEHICLE","NOT DIVIDED","FAILING TO REDUCE SPEED TO AVOID CRASH",41.780844382,-87.693587053
"2030","none",2021-11-17 16:10:00,16,"NOT ON SCENE (DESK REPORT)",2,25,"RAIN","DARKNESS","WET","SIDESWIPE SAME DIRECTION","NOT DIVIDED","NOT APPLICABLE",41.874228689,-87.671624675
"2031","none",2021-11-17 16:06:00,16,"NOT ON SCENE (DESK REPORT)",2,30,"CLEAR","DAYLIGHT","DRY","REAR END","FOUR WAY","FOLLOWING TOO CLOSELY",41.867302441,-87.627517612
"2032","none",2021-11-17 16:05:00,16,"NOT ON SCENE (DESK REPORT)",2,30,"RAIN","DARKNESS, LIGHTED ROAD","WET","SIDESWIPE SAME DIRECTION","NOT DIVIDED","UNABLE TO DETERMINE",41.924919281,-87.677667941
"2033","none",2021-11-17 16:00:00,16,"NOT ON SCENE (DESK REPORT)",2,15,"RAIN","DAYLIGHT","WET","SIDESWIPE SAME DIRECTION","PARKING LOT","FAILING TO YIELD RIGHT-OF-WAY",41.927427092,-87.785733628
"2034","none",2021-11-17 16:00:00,16,"ON SCENE",2,30,"RAIN","DUSK","WET","SIDESWIPE SAME DIRECTION","DIVIDED - W/MEDIAN BARRIER","IMPROPER TURNING/NO SIGNAL",41.844453993,-87.623753576
"2035","none",2021-11-17 16:00:00,16,"NOT ON SCENE (DESK REPORT)",2,30,"RAIN","DARKNESS, LIGHTED ROAD","UNKNOWN","PARKED MOTOR VEHICLE","PARKING LOT","IMPROPER LANE USAGE",41.994620959,-87.699686862
"2036","injuries",2021-11-17 15:58:00,15,"ON SCENE",2,30,"RAIN","DAYLIGHT","WET","ANGLE","NOT DIVIDED","DISREGARDING STOP SIGN",41.694396483,-87.627801648
"2037","none",2021-11-17 15:55:00,15,"ON SCENE",2,30,"RAIN","DUSK","WET","PARKED MOTOR VEHICLE","ONE-WAY","DRIVING SKILLS/KNOWLEDGE/EXPERIENCE",41.983597142,-87.654579875
"2038","none",2021-11-17 15:50:00,15,"NOT ON SCENE (DESK REPORT)",2,30,"CLEAR","DAYLIGHT","DRY","REAR END","NOT DIVIDED","FAILING TO REDUCE SPEED TO AVOID CRASH",41.80248843,-87.703961161
"2039","none",2021-11-17 15:50:00,15,"NOT ON SCENE (DESK REPORT)",2,30,"CLEAR","DAYLIGHT","DRY","ANGLE","NOT DIVIDED","DISREGARDING STOP SIGN",41.758646811,-87.589436238
"2040","none",2021-11-17 15:50:00,15,"NOT ON SCENE (DESK REPORT)",2,30,"RAIN","DAYLIGHT","WET","REAR END","NOT DIVIDED","FOLLOWING TOO CLOSELY",41.916577157,-87.706796447
"2041","none",2021-11-17 15:45:00,15,"NOT ON SCENE (DESK REPORT)",2,30,"CLEAR","DAYLIGHT","UNKNOWN","ANGLE","NOT DIVIDED","DISREGARDING TRAFFIC SIGNALS",41.899826153,-87.628365762
"2042","none",2021-11-17 15:42:00,15,"NOT ON SCENE (DESK REPORT)",2,30,"RAIN","DAYLIGHT","WET","SIDESWIPE SAME DIRECTION","NOT DIVIDED","FAILING TO YIELD RIGHT-OF-WAY",41.918728147,-87.765936072
"2043","none",2021-11-17 15:40:00,15,"NOT ON SCENE (DESK REPORT)",2,30,"CLEAR","DAYLIGHT","DRY","TURNING","DIVIDED - W/MEDIAN BARRIER","IMPROPER TURNING/NO SIGNAL",41.899177226,-87.628413586
"2044","injuries",2021-11-17 15:40:00,15,"NOT ON SCENE (DESK REPORT)",2,35,"RAIN","DAYLIGHT","WET","REAR END","DIVIDED - W/MEDIAN (NOT RAISED)","FOLLOWING TOO CLOSELY",41.73616511,-87.625587569
"2045","none",2021-11-17 15:40:00,15,"ON SCENE",2,30,"RAIN","DAYLIGHT","WET","SIDESWIPE SAME DIRECTION","DIVIDED - W/MEDIAN (NOT RAISED)","FAILING TO YIELD RIGHT-OF-WAY",41.980980961,-87.841366447
"2046","none",2021-11-17 15:38:00,15,"NOT ON SCENE (DESK REPORT)",2,30,"CLOUDY/OVERCAST","DAYLIGHT","WET","ANGLE","NOT DIVIDED","FAILING TO YIELD RIGHT-OF-WAY",41.875252196,-87.7354087
"2047","none",2021-11-17 15:35:00,15,"UNKNOWN",2,30,"RAIN","DAYLIGHT","WET","SIDESWIPE SAME DIRECTION","DIVIDED - W/MEDIAN (NOT RAISED)","IMPROPER OVERTAKING/PASSING",41.886140411,-87.735759702
"2048","none",2021-11-17 15:30:00,15,"ON SCENE",2,30,"RAIN","DUSK","WET","ANGLE","FOUR WAY","UNABLE TO DETERMINE",41.897774592,-87.677252639
"2049","injuries",2021-11-17 15:30:00,15,"ON SCENE",2,30,"RAIN","DAYLIGHT","WET","ANGLE","FOUR WAY","FAILING TO YIELD RIGHT-OF-WAY",41.8805306,-87.732901048
"2050","injuries",2021-11-17 15:30:00,15,"ON SCENE",2,30,"RAIN","DAYLIGHT","WET","REAR END","DIVIDED - W/MEDIAN (NOT RAISED)","FOLLOWING TOO CLOSELY",41.883165736,-87.647551653
"2051","none",2021-11-17 15:30:00,15,"NOT ON SCENE (DESK REPORT)",2,30,"RAIN","DAYLIGHT","WET","PEDESTRIAN","NOT DIVIDED","WEATHER",41.895884625,-87.672030694
"2052","none",2021-11-17 15:30:00,15,"NOT ON SCENE (DESK REPORT)",2,30,"CLOUDY/OVERCAST","DAYLIGHT","DRY","TURNING","NOT DIVIDED","UNABLE TO DETERMINE",41.850031719,-87.695543473
"2053","none",2021-11-17 15:30:00,15,"ON SCENE",2,30,"RAIN","DAYLIGHT","WET","REAR END","NOT DIVIDED","UNABLE TO DETERMINE",41.95218264,-87.835424289
"2054","none",2021-11-17 15:29:00,15,"ON SCENE",2,40,"RAIN","DAYLIGHT","WET","SIDESWIPE SAME DIRECTION","DIVIDED - W/MEDIAN BARRIER","IMPROPER LANE USAGE",41.860257241,-87.617710633
"2055","none",2021-11-17 15:27:00,15,"NOT ON SCENE (DESK REPORT)",2,30,"CLEAR","DAYLIGHT","WET","ANGLE","NOT DIVIDED","FAILING TO YIELD RIGHT-OF-WAY",41.945169758,-87.815705166
"2056","none",2021-11-17 15:22:00,15,"ON SCENE",2,30,"CLEAR","DARKNESS, LIGHTED ROAD","WET","TURNING","NOT DIVIDED","FAILING TO YIELD RIGHT-OF-WAY",41.885443161,-87.647614001
"2057","none",2021-11-17 15:20:00,15,"NOT ON SCENE (DESK REPORT)",2,25,"RAIN","DUSK","WET","REAR END","NOT DIVIDED","NOT APPLICABLE",41.875190141,-87.666773734
"2058","none",2021-11-17 15:20:00,15,"NOT ON SCENE (DESK REPORT)",2,30,"CLEAR","DAYLIGHT","DRY","SIDESWIPE SAME DIRECTION","DIVIDED - W/MEDIAN (NOT RAISED)","UNABLE TO DETERMINE",41.880501981,-87.641298749
"2059","none",2021-11-17 15:16:00,15,"ON SCENE",2,25,"RAIN","DAYLIGHT","WET","SIDESWIPE SAME DIRECTION","NOT DIVIDED","UNABLE TO DETERMINE",41.923981774,-87.757308864
"2060","none",2021-11-17 15:15:00,15,"NOT ON SCENE (DESK REPORT)",2,30,"RAIN","DAYLIGHT","UNKNOWN","ANGLE","NOT DIVIDED","UNABLE TO DETERMINE",41.834852778,-87.732953077
"2061","none",2021-11-17 15:15:00,15,"NOT ON SCENE (DESK REPORT)",2,20,"RAIN","DAYLIGHT","WET","TURNING","NOT DIVIDED","UNABLE TO DETERMINE",41.862258051,-87.693433736
"2062","none",2021-11-17 15:10:00,15,"ON SCENE",2,30,"RAIN","DAYLIGHT","WET","HEAD ON","NOT DIVIDED","DRIVING ON WRONG SIDE/WRONG WAY",41.880750119,-87.732904633
"2063","none",2021-11-17 15:10:00,15,"NOT ON SCENE (DESK REPORT)",2,20,"CLEAR","DAYLIGHT","UNKNOWN","REAR END","ONE-WAY","UNABLE TO DETERMINE",41.872979816,-87.74899677
"2064","none",2021-11-17 15:06:00,15,"NOT ON SCENE (DESK REPORT)",2,30,"CLEAR","DAYLIGHT","DRY","PARKED MOTOR VEHICLE","NOT DIVIDED","UNABLE TO DETERMINE",42.016872177,-87.675208683
"2065","none",2021-11-17 15:00:00,15,"ON SCENE",2,30,"RAIN","DAYLIGHT","WET","TURNING","T-INTERSECTION","DRIVING SKILLS/KNOWLEDGE/EXPERIENCE",41.923235836,-87.787733899
"2066","none",2021-11-17 15:00:00,15,"NOT ON SCENE (DESK REPORT)",3,35,"RAIN","DAYLIGHT","WET","REAR END","NOT DIVIDED","NOT APPLICABLE",41.792269068,-87.683850336
"2067","none",2021-11-17 15:00:00,15,"NOT ON SCENE (DESK REPORT)",2,30,"RAIN","DAYLIGHT","WET","SIDESWIPE SAME DIRECTION","DIVIDED - W/MEDIAN (NOT RAISED)","UNABLE TO DETERMINE",41.909741671,-87.745637481
"2068","none",2021-11-17 15:00:00,15,"NOT ON SCENE (DESK REPORT)",2,30,"RAIN","DAYLIGHT","WET","PEDALCYCLIST","DIVIDED - W/MEDIAN (NOT RAISED)","UNABLE TO DETERMINE",41.881954887,-87.742997584
"2069","none",2021-11-17 14:55:00,14,"NOT ON SCENE (DESK REPORT)",2,30,"CLEAR","DAYLIGHT","WET","SIDESWIPE SAME DIRECTION","DIVIDED - W/MEDIAN BARRIER","UNABLE TO DETERMINE",41.771044801,-87.741905632
"2070","none",2021-11-17 14:50:00,14,"NOT ON SCENE (DESK REPORT)",2,30,"RAIN","DAYLIGHT","WET","PARKED MOTOR VEHICLE","ONE-WAY","IMPROPER TURNING/NO SIGNAL",41.853732051,-87.70638276
"2071","none",2021-11-17 14:50:00,14,"ON SCENE",2,30,"CLEAR","DAYLIGHT","DRY","PARKED MOTOR VEHICLE","ONE-WAY","UNABLE TO DETERMINE",41.949554494,-87.773932012
"2072","none",2021-11-17 14:45:00,14,"NOT ON SCENE (DESK REPORT)",2,30,"RAIN","DAWN","WET","REAR END","NOT DIVIDED","UNABLE TO DETERMINE",41.932517733,-87.668026912
"2073","none",2021-11-17 14:43:00,14,"ON SCENE",4,30,"RAIN","DAYLIGHT","WET","REAR END","DIVIDED - W/MEDIAN (NOT RAISED)","OPERATING VEHICLE IN ERRATIC, RECKLESS, CARELESS, NEGLIGENT OR AGGRESSIVE MANNER",41.777986514,-87.770703896
"2074","injuries",2021-11-17 14:30:00,14,"ON SCENE",2,30,"RAIN","DAWN","DRY","ANGLE","NOT DIVIDED","UNABLE TO DETERMINE",41.819847948,-87.631434321
"2075","none",2021-11-17 14:30:00,14,"NOT ON SCENE (DESK REPORT)",2,30,"RAIN","DAYLIGHT","WET","REAR END","NOT DIVIDED","FOLLOWING TOO CLOSELY",41.845494944,-87.631970431
"2076","none",2021-11-17 14:24:00,14,"ON SCENE",2,25,"RAIN","DAYLIGHT","WET","PARKED MOTOR VEHICLE","NOT DIVIDED","UNABLE TO DETERMINE",41.975129286,-87.6701975
"2077","none",2021-11-17 14:20:00,14,"NOT ON SCENE (DESK REPORT)",2,35,"RAIN","DAYLIGHT","WET","TURNING","FOUR WAY","FAILING TO YIELD RIGHT-OF-WAY",41.693946373,-87.68136833
"2078","none",2021-11-17 14:20:00,14,"NOT ON SCENE (DESK REPORT)",2,35,"RAIN","DAYLIGHT","WET","REAR END","NOT DIVIDED","NOT APPLICABLE",41.742130554,-87.7218241
"2079","none",2021-11-17 14:18:00,14,"NOT ON SCENE (DESK REPORT)",2,30,"CLEAR","DAYLIGHT","WET","PARKED MOTOR VEHICLE","ONE-WAY","UNABLE TO DETERMINE",41.873984048,-87.626133345
"2080","none",2021-11-17 14:18:00,14,"ON SCENE",2,35,"RAIN","DAYLIGHT","WET","FIXED OBJECT","FOUR WAY","WEATHER",41.887038658,-87.634210225
"2081","none",2021-11-17 14:14:00,14,"ON SCENE",4,30,"RAIN","DAYLIGHT","WET","REAR END","NOT DIVIDED","UNABLE TO DETERMINE",41.943432557,-87.731197406
"2082","none",2021-11-17 14:11:00,14,"NOT ON SCENE (DESK REPORT)",2,35,"RAIN","DAYLIGHT","WET","REAR END","DIVIDED - W/MEDIAN (NOT RAISED)","FOLLOWING TOO CLOSELY",41.70642674,-87.673175888
"2083","none",2021-11-17 14:00:00,14,"NOT ON SCENE (DESK REPORT)",2,30,"CLEAR","DAYLIGHT","WET","SIDESWIPE OPPOSITE DIRECTION","NOT DIVIDED","FAILING TO REDUCE SPEED TO AVOID CRASH",41.921736244,-87.724392871
"2084","injuries",2021-11-17 14:00:00,14,"ON SCENE",2,25,"RAIN","DAYLIGHT","WET","PEDESTRIAN","NOT DIVIDED","VISION OBSCURED (SIGNS, TREE LIMBS, BUILDINGS, ETC.)",41.893524703,-87.662412421
"2085","none",2021-11-17 13:58:00,13,"NOT ON SCENE (DESK REPORT)",2,30,"RAIN","DAYLIGHT","WET","SIDESWIPE SAME DIRECTION","NOT DIVIDED","UNABLE TO DETERMINE",41.867729599,-87.705563277
"2086","none",2021-11-17 13:53:00,13,"ON SCENE",2,25,"RAIN","DAYLIGHT","WET","ANGLE","ONE-WAY","FAILING TO YIELD RIGHT-OF-WAY",41.896157977,-87.694395862
"2087","none",2021-11-17 13:49:00,13,"ON SCENE",2,30,"RAIN","DAYLIGHT","WET","TURNING","DIVIDED - W/MEDIAN (NOT RAISED)","FAILING TO YIELD RIGHT-OF-WAY",41.953292847,-87.767065708
"2088","injuries",2021-11-17 13:48:00,13,"ON SCENE",2,30,"CLEAR","DAYLIGHT","DRY","PEDESTRIAN","NOT DIVIDED","FAILING TO YIELD RIGHT-OF-WAY",41.86926446,-87.673816375
"2089","none",2021-11-17 13:45:00,13,"NOT ON SCENE (DESK REPORT)",2,30,"RAIN","DAYLIGHT","WET","REAR END","NOT DIVIDED","UNABLE TO DETERMINE",41.813220051,-87.622858836
"2090","none",2021-11-17 13:43:00,13,"ON SCENE",2,30,"CLEAR","DAYLIGHT","DRY","TURNING","FOUR WAY","DISREGARDING TRAFFIC SIGNALS",41.870629996,-87.774131752
"2091","none",2021-11-17 13:23:00,13,"ON SCENE",2,30,"RAIN","DAYLIGHT","WET","ANGLE","FOUR WAY","FAILING TO YIELD RIGHT-OF-WAY",41.880677794,-87.720874677
"2092","none",2021-11-17 13:14:00,13,"NOT ON SCENE (DESK REPORT)",2,30,"RAIN","DAYLIGHT","WET","TURNING","NOT DIVIDED","FOLLOWING TOO CLOSELY",41.948205618,-87.819028507
"2093","none",2021-11-17 13:04:00,13,"ON SCENE",2,25,"RAIN","DAYLIGHT","WET","PARKED MOTOR VEHICLE","NOT DIVIDED","IMPROPER OVERTAKING/PASSING",41.876630782,-87.748534727
"2094","none",2021-11-17 13:00:00,13,"NOT ON SCENE (DESK REPORT)",2,30,"CLEAR","DAYLIGHT","DRY","SIDESWIPE SAME DIRECTION","DIVIDED - W/MEDIAN BARRIER","IMPROPER OVERTAKING/PASSING",41.867566541,-87.624094175
"2095","injuries",2021-11-17 13:00:00,13,"NOT ON SCENE (DESK REPORT)",2,30,"UNKNOWN","DAYLIGHT","UNKNOWN","REAR END","NOT DIVIDED","UNABLE TO DETERMINE",41.877476566,-87.686489776
"2096","none",2021-11-17 12:54:00,12,"NOT ON SCENE (DESK REPORT)",2,30,"RAIN","DAYLIGHT","WET","SIDESWIPE SAME DIRECTION","DIVIDED - W/MEDIAN (NOT RAISED)","UNABLE TO DETERMINE",41.909815647,-87.739705494
"2097","none",2021-11-17 12:42:00,12,"ON SCENE",2,30,"RAIN","DAYLIGHT","WET","SIDESWIPE SAME DIRECTION","FIVE POINT, OR MORE","UNABLE TO DETERMINE",41.939602345,-87.668805832
"2098","none",2021-11-17 12:30:00,12,"NOT ON SCENE (DESK REPORT)",2,30,"RAIN","DAYLIGHT","WET","REAR END","FOUR WAY","UNABLE TO DETERMINE",41.92519389,-87.668294363
"2099","none",2021-11-17 12:30:00,12,"NOT ON SCENE (DESK REPORT)",2,30,"RAIN","DAYLIGHT","WET","SIDESWIPE SAME DIRECTION","NOT DIVIDED","FAILING TO YIELD RIGHT-OF-WAY",41.924961465,-87.755214419
"2100","injuries",2021-11-17 12:30:00,12,"ON SCENE",3,30,"RAIN","DAYLIGHT","WET","SIDESWIPE SAME DIRECTION","FOUR WAY","DISREGARDING TRAFFIC SIGNALS",41.663187608,-87.641272588
"2101","injuries",2021-11-17 12:30:00,12,"ON SCENE",2,30,"RAIN","DAYLIGHT","WET","TURNING","OTHER","IMPROPER TURNING/NO SIGNAL",41.968379928,-87.807101534
"2102","none",2021-11-17 12:23:00,12,"NOT ON SCENE (DESK REPORT)",2,30,"CLOUDY/OVERCAST","DAYLIGHT","DRY","PARKED MOTOR VEHICLE","NOT DIVIDED","FOLLOWING TOO CLOSELY",41.869310907,-87.670598682
"2103","none",2021-11-17 12:21:00,12,"NOT ON SCENE (DESK REPORT)",2,30,"CLEAR","DAYLIGHT","DRY","TURNING","DRIVEWAY","FAILING TO YIELD RIGHT-OF-WAY",41.869855597,-87.640270308
"2104","none",2021-11-17 12:18:00,12,"NOT ON SCENE (DESK REPORT)",2,30,"CLEAR","DAYLIGHT","DRY","PARKED MOTOR VEHICLE","ONE-WAY","IMPROPER BACKING",41.877450405,-87.625921976
"2105","none",2021-11-17 12:14:00,12,"NOT ON SCENE (DESK REPORT)",1,30,"CLEAR","DAYLIGHT","DRY","OTHER NONCOLLISION","DRIVEWAY","UNABLE TO DETERMINE",41.889153614,-87.64052702
"2106","injuries",2021-11-17 12:10:00,12,"ON SCENE",2,30,"RAIN","DAYLIGHT","WET","REAR END","DIVIDED - W/MEDIAN BARRIER","FOLLOWING TOO CLOSELY",41.908998905,-87.804038308
"2107","none",2021-11-17 12:07:00,12,"NOT ON SCENE (DESK REPORT)",2,30,"RAIN","DAYLIGHT","WET","REAR END","NOT DIVIDED","FAILING TO REDUCE SPEED TO AVOID CRASH",41.772067445,-87.665103117
"2108","none",2021-11-17 12:00:00,12,"ON SCENE",2,30,"RAIN","DAYLIGHT","WET","SIDESWIPE SAME DIRECTION","NOT DIVIDED","FOLLOWING TOO CLOSELY",41.924244287,-87.737568218
"2109","none",2021-11-17 12:00:00,12,"NOT ON SCENE (DESK REPORT)",1,30,"CLEAR","DAYLIGHT","DRY","OTHER OBJECT","NOT DIVIDED","NOT APPLICABLE",41.781322701,-87.683553126
"2110","none",2021-11-17 11:38:00,11,"ON SCENE",2,30,"RAIN","DAYLIGHT","WET","REAR END","DIVIDED - W/MEDIAN (NOT RAISED)","FAILING TO REDUCE SPEED TO AVOID CRASH",41.95334726,-87.796456266
"2111","none",2021-11-17 11:35:00,11,"ON SCENE",2,30,"RAIN","DAYLIGHT","WET","ANGLE","DIVIDED - W/MEDIAN (NOT RAISED)","FAILING TO YIELD RIGHT-OF-WAY",41.963382837,-87.679111996
"2112","none",2021-11-17 11:30:00,11,"NOT ON SCENE (DESK REPORT)",2,30,"CLEAR","DAYLIGHT","DRY","TURNING","FOUR WAY","IMPROPER TURNING/NO SIGNAL",41.867134208,-87.64423752
"2113","none",2021-11-17 11:30:00,11,"NOT ON SCENE (DESK REPORT)",2,30,"CLEAR","DAYLIGHT","WET","REAR END","NOT DIVIDED","UNABLE TO DETERMINE",41.721570706,-87.623873354
"2114","injuries",2021-11-17 11:30:00,11,"ON SCENE",2,30,"RAIN","DAYLIGHT","WET","ANGLE","DIVIDED - W/MEDIAN (NOT RAISED)","VISION OBSCURED (SIGNS, TREE LIMBS, BUILDINGS, ETC.)",41.743873821,-87.605176161
"2115","none",2021-11-17 11:27:00,11,"ON SCENE",2,30,"RAIN","DAYLIGHT","WET","SIDESWIPE OPPOSITE DIRECTION","NOT DIVIDED","UNABLE TO DETERMINE",41.946712321,-87.681711734
"2116","none",2021-11-17 11:23:00,11,"ON SCENE",2,30,"RAIN","DAYLIGHT","WET","REAR END","DIVIDED - W/MEDIAN (NOT RAISED)","WEATHER",41.928746464,-87.795254106
"2117","none",2021-11-17 11:16:00,11,"ON SCENE",2,35,"RAIN","DAYLIGHT","WET","SIDESWIPE SAME DIRECTION","ONE-WAY","UNABLE TO DETERMINE",41.960407829,-87.680495912
"2118","none",2021-11-17 11:15:00,11,"ON SCENE",2,30,"RAIN","DAYLIGHT","WET","TURNING","NOT DIVIDED","FAILING TO YIELD RIGHT-OF-WAY",41.982816267,-87.771916731
"2119","none",2021-11-17 11:01:00,11,"ON SCENE",2,30,"RAIN","DAYLIGHT","WET","SIDESWIPE SAME DIRECTION","DIVIDED - W/MEDIAN BARRIER","IMPROPER LANE USAGE",41.910420446,-87.688045511
"2120","none",2021-11-17 10:55:00,10,"ON SCENE",3,30,"RAIN","DAYLIGHT","WET","PARKED MOTOR VEHICLE","NOT DIVIDED","IMPROPER LANE USAGE",41.885153014,-87.675029993
"2121","none",2021-11-17 10:50:00,10,"NOT ON SCENE (DESK REPORT)",2,30,"CLOUDY/OVERCAST","DAYLIGHT","WET","HEAD ON","NOT DIVIDED","UNABLE TO DETERMINE",41.8719596,-87.701101936
"2122","none",2021-11-17 10:45:00,10,"NOT ON SCENE (DESK REPORT)",2,30,"CLEAR","DAYLIGHT","DRY","SIDESWIPE SAME DIRECTION","ONE-WAY","UNABLE TO DETERMINE",41.883309512,-87.735709011
"2123","injuries",2021-11-17 10:45:00,10,"ON SCENE",2,15,"RAIN","DAYLIGHT","WET","PEDESTRIAN","PARKING LOT","UNABLE TO DETERMINE",41.944881074,-87.712805089
"2124","none",2021-11-17 10:37:00,10,"NOT ON SCENE (DESK REPORT)",2,20,"CLEAR","DAYLIGHT","DRY","PARKED MOTOR VEHICLE","ONE-WAY","UNABLE TO DETERMINE",41.89077639,-87.751924902