"","injuries","crash_date","crash_hour","report_type","num_units","posted_speed_limit","weather_condition","lighting_condition","roadway_surface_cond","first_crash_type","trafficway_type","prim_contributory_cause","latitude","longitude"
"2125","none",2021-11-17 10:37:00,10,"NOT ON SCENE (DESK REPORT)",2,30,"CLEAR","DAYLIGHT","DRY","REAR END","NOT DIVIDED","DRIVING SKILLS/KNOWLEDGE/EXPERIENCE",41.976412143,-87.660015082
"2126","none",2021-11-17 10:30:00,10,"NOT ON SCENE (DESK REPORT)",2,30,"CLOUDY/OVERCAST","DAYLIGHT","DRY","REAR END","ONE-WAY","UNABLE TO DETERMINE",41.874260496,-87.642495203
"2127","none",2021-11-17 10:25:00,10,"NOT ON SCENE (DESK REPORT)",2,30,"UNKNOWN","DAYLIGHT","UNKNOWN","PARKED MOTOR VEHICLE","NOT DIVIDED","UNABLE TO DETERMINE",41.816596632,-87.700392605
"2128","injuries",2021-11-17 10:25:00,10,"NOT ON SCENE (DESK REPORT)",2,5,"CLEAR","DAYLIGHT","DRY","PEDESTRIAN","PARKING LOT","UNABLE TO DETERMINE",41.838135218,-87.623293499
"2129","injuries",2021-11-17 10:17:00,10,"ON SCENE",2,30,"CLOUDY/OVERCAST","DAYLIGHT","DRY","ANGLE","NOT DIVIDED","FAILING TO YIELD RIGHT-OF-WAY",41.898544565,-87.74846193
"2130","none",2021-11-17 10:15:00,10,"NOT ON SCENE (DESK REPORT)",2,30,"RAIN","DAYLIGHT","WET","REAR END","NOT DIVIDED","UNABLE TO DETERMINE",41.931428069,-87.766104668
"2131","injuries",2021-11-17 10:13:00,10,"ON SCENE",2,30,"RAIN","DARKNESS","WET","TURNING","DIVIDED - W/MEDIAN (NOT RAISED)","UNABLE TO DETERMINE",41.987089058,-87.665960647
"2132","injuries",2021-11-17 10:13:00,10,"ON SCENE",2,30,"RAIN","DAYLIGHT","WET","TURNING","NOT DIVIDED","IMPROPER TURNING/NO SIGNAL",41.780521025,-87.605869499
"2133","none",2021-11-17 10:00:00,10,"NOT ON SCENE (DESK REPORT)",2,30,"UNKNOWN","DARKNESS, LIGHTED ROAD","DRY","PARKED MOTOR VEHICLE","PARKING LOT","UNABLE TO DETERMINE",41.860599809,-87.627119456
"2134","none",2021-11-17 10:00:00,10,"NOT ON SCENE (DESK REPORT)",2,35,"CLEAR","DAYLIGHT","DRY","REAR END","NOT DIVIDED","NOT APPLICABLE",41.855816622,-87.675799324
"2135","none",2021-11-17 09:28:00,9,"ON SCENE",4,30,"CLOUDY/OVERCAST","DAYLIGHT","WET","TURNING","T-INTERSECTION","FAILING TO YIELD RIGHT-OF-WAY",41.826349067,-87.684472401
"2136","none",2021-11-17 09:15:00,9,"NOT ON SCENE (DESK REPORT)",2,30,"UNKNOWN","DAYLIGHT","UNKNOWN","PARKED MOTOR VEHICLE","NOT DIVIDED","UNABLE TO DETERMINE",41.932442792,-87.641030285
"2137","none",2021-11-17 09:10:00,9,"NOT ON SCENE (DESK REPORT)",2,30,"RAIN","DAYLIGHT","WET","REAR END","FOUR WAY","FOLLOWING TOO CLOSELY",41.932319654,-87.668243389
"2138","none",2021-11-17 09:08:00,9,"ON SCENE",2,30,"UNKNOWN","DAYLIGHT","UNKNOWN","PARKED MOTOR VEHICLE","ONE-WAY","UNABLE TO DETERMINE",41.761099721,-87.589793997
"2139","none",2021-11-17 09:06:00,9,"ON SCENE",1,20,"UNKNOWN","UNKNOWN","UNKNOWN","FIXED OBJECT","NOT DIVIDED","UNABLE TO DETERMINE",41.930635886,-87.658064129
"2140","none",2021-11-17 09:00:00,9,"ON SCENE",2,25,"CLOUDY/OVERCAST","DUSK","OTHER","TURNING","NOT DIVIDED","NOT APPLICABLE",41.88327916,-87.738162964
"2141","injuries",2021-11-17 09:00:00,9,"NOT ON SCENE (DESK REPORT)",2,30,"RAIN","DAYLIGHT","WET","REAR END","FOUR WAY","NOT APPLICABLE",41.85136745,-87.729684479
"2142","none",2021-11-17 09:00:00,9,"ON SCENE",2,35,"RAIN","DAYLIGHT","WET","REAR END","NOT DIVIDED","IMPROPER OVERTAKING/PASSING",41.764292465,-87.741752607
"2143","injuries",2021-11-17 09:00:00,9,"NOT ON SCENE (DESK REPORT)",2,30,"CLOUDY/OVERCAST","DAYLIGHT","WET","PEDESTRIAN","NOT DIVIDED","UNABLE TO DETERMINE",41.750770014,-87.598051601
"2144","none",2021-11-17 09:00:00,9,"NOT ON SCENE (DESK REPORT)",2,30,"RAIN","DAYLIGHT","WET","PARKED MOTOR VEHICLE","ONE-WAY","NOT APPLICABLE",41.932738635,-87.784472179
"2145","none",2021-11-17 09:00:00,9,"NOT ON SCENE (DESK REPORT)",2,30,"CLEAR","DAYLIGHT","DRY","REAR END","OTHER","DRIVING SKILLS/KNOWLEDGE/EXPERIENCE",41.871905122,-87.617200579
"2146","none",2021-11-17 08:55:00,8,"NOT ON SCENE (DESK REPORT)",2,25,"CLEAR","DAYLIGHT","DRY","SIDESWIPE OPPOSITE DIRECTION","NOT DIVIDED","EQUIPMENT - VEHICLE CONDITION",41.742924738,-87.682745538
"2147","none",2021-11-17 08:51:00,8,"NOT ON SCENE (DESK REPORT)",2,30,"UNKNOWN","DAYLIGHT","UNKNOWN","REAR TO FRONT","FOUR WAY","UNABLE TO DETERMINE",41.661600961,-87.641512359
"2148","none",2021-11-17 08:45:00,8,"NOT ON SCENE (DESK REPORT)",2,30,"OTHER","DAYLIGHT","WET","ANGLE","FOUR WAY","UNABLE TO DETERMINE",41.891478464,-87.689193966
"2149","injuries",2021-11-17 08:42:00,8,"ON SCENE",2,30,"RAIN","DAYLIGHT","WET","TURNING","DIVIDED - W/MEDIAN (NOT RAISED)","IMPROPER TURNING/NO SIGNAL",41.742725991,-87.604851344
"2150","injuries",2021-11-17 08:40:00,8,"ON SCENE",2,30,"RAIN","DAYLIGHT","WET","ANGLE","DIVIDED - W/MEDIAN (NOT RAISED)","UNABLE TO DETERMINE",41.759632438,-87.658909005
"2151","none",2021-11-17 08:38:00,8,"ON SCENE",2,30,"RAIN","DAYLIGHT","WET","REAR TO FRONT","ONE-WAY","UNABLE TO DETERMINE",41.987011036,-87.656865584
"2152","none",2021-11-17 08:35:00,8,"ON SCENE",3,40,"CLEAR","DAYLIGHT","DRY","SIDESWIPE SAME DIRECTION","RAMP","EQUIPMENT - VEHICLE CONDITION",41.891948278,-87.614363497
"2153","none",2021-11-17 08:32:00,8,"NOT ON SCENE (DESK REPORT)",2,30,"RAIN","DAYLIGHT","WET","ANGLE","NOT DIVIDED","UNABLE TO DETERMINE",41.866216021,-87.712554566
"2154","injuries",2021-11-17 08:32:00,8,"NOT ON SCENE (DESK REPORT)",2,35,"CLEAR","DAYLIGHT","DRY","SIDESWIPE SAME DIRECTION","NOT DIVIDED","UNABLE TO DETERMINE",41.751016544,-87.627179163
"2155","none",2021-11-17 08:30:00,8,"NOT ON SCENE (DESK REPORT)",2,30,"CLEAR","DAYLIGHT","DRY","PARKED MOTOR VEHICLE","ONE-WAY","DRIVING SKILLS/KNOWLEDGE/EXPERIENCE",41.708004822,-87.60876421
"2156","none",2021-11-17 08:30:00,8,"NOT ON SCENE (DESK REPORT)",2,30,"UNKNOWN","DAYLIGHT","UNKNOWN","REAR END","NOT DIVIDED","FOLLOWING TOO CLOSELY",41.737448449,-87.602564871
"2157","none",2021-11-17 08:23:00,8,"ON SCENE",2,35,"CLEAR","DAYLIGHT","DRY","SIDESWIPE SAME DIRECTION","FOUR WAY","UNABLE TO DETERMINE",41.780612873,-87.584253402
"2158","none",2021-11-17 08:22:00,8,"ON SCENE",2,25,"CLEAR","DAYLIGHT","DRY","PARKED MOTOR VEHICLE","NOT DIVIDED","IMPROPER BACKING",42.008858402,-87.67494878
"2159","none",2021-11-17 08:15:00,8,"ON SCENE",2,30,"CLOUDY/OVERCAST","DAYLIGHT","WET","SIDESWIPE SAME DIRECTION","ONE-WAY","UNABLE TO DETERMINE",41.89426328,-87.622538959
"2160","none",2021-11-17 08:10:00,8,"NOT ON SCENE (DESK REPORT)",2,30,"RAIN","DAYLIGHT","WET","REAR END","NOT DIVIDED","NOT APPLICABLE",41.873270811,-87.624289732
"2161","none",2021-11-17 08:10:00,8,"ON SCENE",2,30,"CLOUDY/OVERCAST","DAYLIGHT","WET","TURNING","NOT DIVIDED","UNABLE TO DETERMINE",41.852965704,-87.631755989
"2162","none",2021-11-17 08:05:00,8,"ON SCENE",2,35,"CLEAR","DAYLIGHT","DRY","SIDESWIPE SAME DIRECTION","DIVIDED - W/MEDIAN BARRIER","FOLLOWING TOO CLOSELY",41.663187608,-87.641272588
"2163","none",2021-11-17 08:04:00,8,"NOT ON SCENE (DESK REPORT)",2,30,"CLEAR","DAYLIGHT","DRY","TURNING","FOUR WAY","IMPROPER OVERTAKING/PASSING",41.891044569,-87.620371839
"2164","none",2021-11-17 08:00:00,8,"ON SCENE",2,20,"RAIN","DAYLIGHT","WET","PARKED MOTOR VEHICLE","OTHER","NOT APPLICABLE",41.785732808,-87.738438323
"2165","none",2021-11-17 08:00:00,8,"NOT ON SCENE (DESK REPORT)",2,30,"CLEAR","DAYLIGHT","WET","REAR END","DIVIDED - W/MEDIAN (NOT RAISED)","WEATHER",41.743207938,-87.71207728
"2166","none",2021-11-17 08:00:00,8,"NOT ON SCENE (DESK REPORT)",2,30,"CLEAR","DAYLIGHT","DRY","SIDESWIPE SAME DIRECTION","DIVIDED - W/MEDIAN (NOT RAISED)","IMPROPER OVERTAKING/PASSING",41.765109432,-87.644556952
"2167","none",2021-11-17 07:50:00,7,"NOT ON SCENE (DESK REPORT)",2,30,"CLEAR","DAYLIGHT","DRY","TURNING","ONE-WAY","IMPROPER TURNING/NO SIGNAL",41.874629586,-87.626148227
"2168","none",2021-11-17 07:43:00,7,"NOT ON SCENE (DESK REPORT)",2,30,"UNKNOWN","DAYLIGHT","UNKNOWN","SIDESWIPE SAME DIRECTION","NOT DIVIDED","UNABLE TO DETERMINE",41.779348019,-87.685019253
"2169","none",2021-11-17 07:40:00,7,"NOT ON SCENE (DESK REPORT)",2,25,"CLEAR","DAYLIGHT","DRY","REAR END","NOT DIVIDED","FAILING TO REDUCE SPEED TO AVOID CRASH",41.976392386,-87.662550588
"2170","none",2021-11-17 07:30:00,7,"NOT ON SCENE (DESK REPORT)",2,10,"CLEAR","DAYLIGHT","DRY","PARKED MOTOR VEHICLE","NOT DIVIDED","UNABLE TO DETERMINE",41.760943156,-87.684217281
"2171","none",2021-11-17 07:30:00,7,"NOT ON SCENE (DESK REPORT)",2,30,"CLEAR","DAYLIGHT","WET","REAR END","DIVIDED - W/MEDIAN (NOT RAISED)","WEATHER",41.778744344,-87.742449667
"2172","none",2021-11-17 07:30:00,7,"ON SCENE",3,30,"CLEAR","DAYLIGHT","WET","PARKED MOTOR VEHICLE","NOT DIVIDED","UNABLE TO DETERMINE",41.705224258,-87.60259748
"2173","none",2021-11-17 07:30:00,7,"ON SCENE",1,30,"RAIN","DAYLIGHT","WET","FIXED OBJECT","NOT DIVIDED","NOT APPLICABLE",41.911942181,-87.701774368
"2174","none",2021-11-17 07:25:00,7,"NOT ON SCENE (DESK REPORT)",2,10,"CLOUDY/OVERCAST","DAYLIGHT","WET","SIDESWIPE SAME DIRECTION","OTHER","DRIVING SKILLS/KNOWLEDGE/EXPERIENCE",41.692230132,-87.661565708
"2175","none",2021-11-17 07:25:00,7,"ON SCENE",2,30,"CLEAR","DAYLIGHT","DRY","TURNING","T-INTERSECTION","UNABLE TO DETERMINE",41.803822516,-87.683583932
"2176","none",2021-11-17 07:15:00,7,"NOT ON SCENE (DESK REPORT)",1,20,"RAIN","DAYLIGHT","WET","OTHER OBJECT","NOT DIVIDED","UNABLE TO DETERMINE",41.747714579,-87.606661281
"2177","none",2021-11-17 07:12:00,7,"ON SCENE",2,25,"RAIN","DAWN","WET","SIDESWIPE SAME DIRECTION","DIVIDED - W/MEDIAN (NOT RAISED)","UNABLE TO DETERMINE",41.974953195,-87.679517534
"2178","injuries",2021-11-17 07:12:00,7,"NOT ON SCENE (DESK REPORT)",2,30,"CLEAR","DAYLIGHT","WET","REAR END","NOT DIVIDED","UNABLE TO DETERMINE",41.735696989,-87.663209544
"2179","injuries",2021-11-17 07:10:00,7,"ON SCENE",1,40,"CLOUDY/OVERCAST","DAYLIGHT","WET","FIXED OBJECT","DIVIDED - W/MEDIAN (NOT RAISED)","WEATHER",41.958582215,-87.645692623
"2180","none",2021-11-17 07:01:00,7,"NOT ON SCENE (DESK REPORT)",2,30,"CLEAR","DAYLIGHT","DRY","SIDESWIPE SAME DIRECTION","DIVIDED - W/MEDIAN (NOT RAISED)","UNABLE TO DETERMINE",41.759454238,-87.655951267
"2181","none",2021-11-17 07:00:00,7,"NOT ON SCENE (DESK REPORT)",2,45,"CLEAR","DAYLIGHT","DRY","REAR END","DIVIDED - W/MEDIAN BARRIER","UNABLE TO DETERMINE",41.781320312,-87.575079365
"2182","injuries",2021-11-17 07:00:00,7,"ON SCENE",3,30,"CLOUDY/OVERCAST","DAYLIGHT","WET","REAR END","NOT DIVIDED","UNABLE TO DETERMINE",41.929469759,-87.806300272
"2183","none",2021-11-17 07:00:00,7,"NOT ON SCENE (DESK REPORT)",2,25,"UNKNOWN","UNKNOWN","UNKNOWN","PARKED MOTOR VEHICLE","NOT DIVIDED","UNABLE TO DETERMINE",41.777421245,-87.597279923
"2184","none",2021-11-17 06:50:00,6,"NOT ON SCENE (DESK REPORT)",2,20,"CLEAR","DAYLIGHT","DRY","TURNING","DIVIDED - W/MEDIAN (NOT RAISED)","UNABLE TO DETERMINE",41.874786814,-87.696094922
"2185","none",2021-11-17 06:30:00,6,"ON SCENE",1,30,"CLOUDY/OVERCAST","DAYLIGHT","WET","OTHER OBJECT","PARKING LOT","DRIVING SKILLS/KNOWLEDGE/EXPERIENCE",41.936234611,-87.76656405
"2186","none",2021-11-17 06:25:00,6,"NOT ON SCENE (DESK REPORT)",2,35,"CLEAR","DAYLIGHT","DRY","ANGLE","NOT DIVIDED","NOT APPLICABLE",41.874839768,-87.696271565
"2187","none",2021-11-17 06:15:00,6,"NOT ON SCENE (DESK REPORT)",2,30,"CLOUDY/OVERCAST","DAYLIGHT","WET","REAR END","NOT DIVIDED","UNABLE TO DETERMINE",41.842140052,-87.694992032
"2188","none",2021-11-17 05:50:00,5,"ON SCENE",2,30,"CLEAR","DARKNESS, LIGHTED ROAD","WET","TURNING","FOUR WAY","FAILING TO YIELD RIGHT-OF-WAY",41.91856861,-87.755841583
"2189","none",2021-11-17 05:46:00,5,"NOT ON SCENE (DESK REPORT)",2,30,"UNKNOWN","UNKNOWN","UNKNOWN","REAR END","NOT DIVIDED","UNABLE TO DETERMINE",41.928356021,-87.707744803
"2190","none",2021-11-17 05:45:00,5,"NOT ON SCENE (DESK REPORT)",2,45,"CLEAR","DARKNESS, LIGHTED ROAD","DRY","REAR END","T-INTERSECTION","FOLLOWING TOO CLOSELY",41.878310135,-87.617575903
"2191","none",2021-11-17 05:39:00,5,"ON SCENE",2,30,"CLEAR","DAWN","DRY","TURNING","ONE-WAY","IMPROPER LANE USAGE",41.855805012,-87.64363517
"2192","none",2021-11-17 05:15:00,5,"ON SCENE",2,30,"CLEAR","DARKNESS, LIGHTED ROAD","UNKNOWN","ANGLE","DIVIDED - W/MEDIAN (NOT RAISED)","DISREGARDING TRAFFIC SIGNALS",41.824441474,-87.602677966
"2193","injuries",2021-11-17 04:05:00,4,"NOT ON SCENE (DESK REPORT)",3,30,"CLEAR","DARKNESS, LIGHTED ROAD","DRY","TURNING","FOUR WAY","DISREGARDING TRAFFIC SIGNALS",41.997817807,-87.690033035
"2194","injuries",2021-11-17 03:35:00,3,"ON SCENE",1,30,"CLOUDY/OVERCAST","DARKNESS, LIGHTED ROAD","WET","FIXED OBJECT","NOT DIVIDED","UNABLE TO DETERMINE",41.771828997,-87.56645373
"2195","injuries",2021-11-17 01:40:00,1,"ON SCENE",1,30,"CLEAR","DARKNESS, LIGHTED ROAD","DRY","FIXED OBJECT","DIVIDED - W/MEDIAN BARRIER","FAILING TO REDUCE SPEED TO AVOID CRASH",41.860447263,-87.671024216
"2196","none",2021-11-17 01:20:00,1,"ON SCENE",2,30,"CLEAR","DARKNESS, LIGHTED ROAD","DRY","PARKED MOTOR VEHICLE","NOT DIVIDED","UNABLE TO DETERMINE",41.77803005,-87.757280732
"2197","none",2021-11-17 01:00:00,1,"ON SCENE",2,25,"UNKNOWN","DARKNESS, LIGHTED ROAD","UNKNOWN","PARKED MOTOR VEHICLE","ONE-WAY","UNABLE TO DETERMINE",41.885955163,-87.761887569
"2198","none",2021-11-17 00:58:00,0,"NOT ON SCENE (DESK REPORT)",2,30,"CLEAR","DARKNESS, LIGHTED ROAD","DRY","PARKED MOTOR VEHICLE","NOT DIVIDED","FOLLOWING TOO CLOSELY",41.737581396,-87.604996231
"2199","none",2021-11-17 00:49:00,0,"ON SCENE",2,30,"CLEAR","DARKNESS, LIGHTED ROAD","WET","PARKED MOTOR VEHICLE","NOT DIVIDED","PHYSICAL CONDITION OF DRIVER",41.866149787,-87.729918575
"2200","none",2021-11-17 00:30:00,0,"NOT ON SCENE (DESK REPORT)",2,35,"RAIN","DAYLIGHT","WET","PARKED MOTOR VEHICLE","DIVIDED - W/MEDIAN (NOT RAISED)","IMPROPER OVERTAKING/PASSING",41.755790457,-87.658875122
"2201","none",2021-11-17 00:09:00,0,"ON SCENE",2,30,"CLEAR","DARKNESS, LIGHTED ROAD","DRY","SIDESWIPE SAME DIRECTION","NOT DIVIDED","UNABLE TO DETERMINE",41.780128068,-87.627865814
"2202","none",2021-11-17 00:03:00,0,"ON SCENE",2,30,"CLEAR","DARKNESS, LIGHTED ROAD","DRY","ANGLE","FOUR WAY","UNABLE TO DETERMINE",41.749039454,-87.741291481
"2203","none",2021-11-17 00:01:00,0,"ON SCENE",2,30,"UNKNOWN","UNKNOWN","UNKNOWN","PARKED MOTOR VEHICLE","ONE-WAY","UNABLE TO DETERMINE",41.80053393,-87.709730188
"2204","none",2021-11-17 00:00:00,0,"ON SCENE",2,30,"UNKNOWN","UNKNOWN","UNKNOWN","PARKED MOTOR VEHICLE","T-INTERSECTION","UNABLE TO DETERMINE",41.89613554,-87.73858402
"2205","none",2021-11-16 23:50:00,23,"ON SCENE",2,30,"CLEAR","DARKNESS, LIGHTED ROAD","DRY","PARKED MOTOR VEHICLE","DIVIDED - W/MEDIAN (NOT RAISED)","OPERATING VEHICLE IN ERRATIC, RECKLESS, CARELESS, NEGLIGENT OR AGGRESSIVE MANNER",42.022433452,-87.666890901
"2206","none",2021-11-16 23:40:00,23,"ON SCENE",2,30,"CLEAR","DARKNESS, LIGHTED ROAD","DRY","ANGLE","T-INTERSECTION","FAILING TO YIELD RIGHT-OF-WAY",41.981779022,-87.668499295
"2207","injuries",2021-11-16 23:30:00,23,"ON SCENE",2,30,"CLEAR","DARKNESS, LIGHTED ROAD","DRY","PEDALCYCLIST","T-INTERSECTION","FAILING TO YIELD RIGHT-OF-WAY",41.873339674,-87.661909627
"2208","none",2021-11-16 23:15:00,23,"ON SCENE",2,30,"CLEAR","DARKNESS, LIGHTED ROAD","DRY","PARKED MOTOR VEHICLE","NOT DIVIDED","IMPROPER BACKING",41.9950203,-87.66759021
"2209","none",2021-11-16 23:00:00,23,"ON SCENE",1,25,"CLEAR","DARKNESS, LIGHTED ROAD","DRY","FIXED OBJECT","DIVIDED - W/MEDIAN BARRIER","EQUIPMENT - VEHICLE CONDITION",41.900958919,-87.619928174
"2210","none",2021-11-16 22:30:00,22,"NOT ON SCENE (DESK REPORT)",2,30,"CLEAR","DARKNESS, LIGHTED ROAD","DRY","REAR END","NOT DIVIDED","FAILING TO REDUCE SPEED TO AVOID CRASH",41.846745029,-87.734555212
"2211","none",2021-11-16 22:30:00,22,"NOT ON SCENE (DESK REPORT)",2,30,"CLEAR","DARKNESS, LIGHTED ROAD","DRY","SIDESWIPE SAME DIRECTION","NOT DIVIDED","IMPROPER LANE USAGE",41.713787169,-87.53663321
"2212","none",2021-11-16 22:30:00,22,"NOT ON SCENE (DESK REPORT)",2,30,"CLEAR","DARKNESS, LIGHTED ROAD","DRY","SIDESWIPE SAME DIRECTION","DIVIDED - W/MEDIAN (NOT RAISED)","UNABLE TO DETERMINE",41.651426562,-87.549512789
"2213","none",2021-11-16 22:28:00,22,"ON SCENE",3,35,"CLEAR","DARKNESS, LIGHTED ROAD","WET","ANGLE","FOUR WAY","DISREGARDING TRAFFIC SIGNALS",41.885087885,-87.676868039
"2214","none",2021-11-16 22:00:00,22,"ON SCENE",2,30,"CLEAR","DARKNESS, LIGHTED ROAD","DRY","SIDESWIPE SAME DIRECTION","DIVIDED - W/MEDIAN (NOT RAISED)","UNABLE TO DETERMINE",41.97574658,-87.718486628
"2215","none",2021-11-16 22:00:00,22,"ON SCENE",2,20,"CLEAR","DARKNESS, LIGHTED ROAD","DRY","PARKED MOTOR VEHICLE","NOT DIVIDED","NOT APPLICABLE",41.710456056,-87.643984015
"2216","none",2021-11-16 22:00:00,22,"NOT ON SCENE (DESK REPORT)",2,10,"CLEAR","DARKNESS, LIGHTED ROAD","DRY","ANGLE","PARKING LOT","UNABLE TO DETERMINE",41.867571015,-87.630586474
"2217","none",2021-11-16 21:58:00,21,"ON SCENE",2,30,"CLEAR","DARKNESS, LIGHTED ROAD","DRY","TURNING","T-INTERSECTION","DISREGARDING TRAFFIC SIGNALS",41.852933968,-87.630214239
"2218","none",2021-11-16 21:50:00,21,"NOT ON SCENE (DESK REPORT)",2,30,"CLEAR","DARKNESS, LIGHTED ROAD","DRY","TURNING","NOT DIVIDED","DRIVING SKILLS/KNOWLEDGE/EXPERIENCE",41.89344553,-87.620422577
"2219","none",2021-11-16 21:40:00,21,"NOT ON SCENE (DESK REPORT)",2,25,"CLEAR","DARKNESS, LIGHTED ROAD","DRY","PARKED MOTOR VEHICLE","NOT DIVIDED","OPERATING VEHICLE IN ERRATIC, RECKLESS, CARELESS, NEGLIGENT OR AGGRESSIVE MANNER",41.704215464,-87.636556413
"2220","none",2021-11-16 21:30:00,21,"UNKNOWN",2,25,"CLEAR","DAYLIGHT","DRY","PARKED MOTOR VEHICLE","DIVIDED - W/MEDIAN (NOT RAISED)","FAILING TO REDUCE SPEED TO AVOID CRASH",41.862362878,-87.656143569
"2221","none",2021-11-16 21:30:00,21,"ON SCENE",2,30,"CLEAR","DARKNESS, LIGHTED ROAD","DRY","PARKED MOTOR VEHICLE","DIVIDED - W/MEDIAN BARRIER","EQUIPMENT - VEHICLE CONDITION",41.873227529,-87.686366763
"2222","none",2021-11-16 21:24:00,21,"ON SCENE",2,30,"CLEAR","DARKNESS","DRY","TURNING","RAMP","IMPROPER TURNING/NO SIGNAL",41.955419774,-87.733423881
"2223","none",2021-11-16 21:00:00,21,"NOT ON SCENE (DESK REPORT)",2,25,"CLEAR","DAYLIGHT","DRY","PARKED MOTOR VEHICLE","NOT DIVIDED","UNABLE TO DETERMINE",41.792786555,-87.715653407
"2224","none",2021-11-16 20:30:00,20,"ON SCENE",2,30,"CLEAR","DARKNESS, LIGHTED ROAD","DRY","REAR TO FRONT","NOT DIVIDED","UNDER THE INFLUENCE OF ALCOHOL/DRUGS (USE WHEN ARREST IS EFFECTED)",41.737063945,-87.568962202
"2225","none",2021-11-16 20:30:00,20,"NOT ON SCENE (DESK REPORT)",1,35,"CLEAR","DARKNESS, LIGHTED ROAD","DRY","OTHER OBJECT","PARKING LOT","NOT APPLICABLE",41.87193764,-87.643665438
"2226","injuries",2021-11-16 20:30:00,20,"NOT ON SCENE (DESK REPORT)",2,30,"CLEAR","DARKNESS, LIGHTED ROAD","DRY","PEDALCYCLIST","NOT DIVIDED","FAILING TO YIELD RIGHT-OF-WAY",41.916504441,-87.636466203
"2227","none",2021-11-16 20:26:00,20,"NOT ON SCENE (DESK REPORT)",2,30,"CLEAR","DARKNESS, LIGHTED ROAD","DRY","ANGLE","ALLEY","UNABLE TO DETERMINE",41.953617085,-87.775425503
"2228","injuries",2021-11-16 20:25:00,20,"ON SCENE",2,30,"CLEAR","DARKNESS, LIGHTED ROAD","DRY","PEDALCYCLIST","ALLEY","IMPROPER LANE USAGE",41.953513778,-87.748129659
"2229","none",2021-11-16 20:15:00,20,"NOT ON SCENE (DESK REPORT)",2,30,"UNKNOWN","UNKNOWN","UNKNOWN","HEAD ON","NOT DIVIDED","UNABLE TO DETERMINE",41.896678875,-87.63285766
"2230","none",2021-11-16 20:11:00,20,"ON SCENE",2,30,"CLEAR","DARKNESS, LIGHTED ROAD","DRY","TURNING","NOT DIVIDED","UNABLE TO DETERMINE",41.940309801,-87.638376197
"2231","none",2021-11-16 19:45:00,19,"NOT ON SCENE (DESK REPORT)",2,30,"CLEAR","DARKNESS, LIGHTED ROAD","DRY","REAR END","DIVIDED - W/MEDIAN BARRIER","IMPROPER OVERTAKING/PASSING",41.708029469,-87.576740089
"2232","none",2021-11-16 19:43:00,19,"NOT ON SCENE (DESK REPORT)",2,30,"CLOUDY/OVERCAST","DARKNESS, LIGHTED ROAD","DRY","TURNING","DIVIDED - W/MEDIAN (NOT RAISED)","IMPROPER OVERTAKING/PASSING",41.750664177,-87.673002772
"2233","none",2021-11-16 19:42:00,19,"NOT ON SCENE (DESK REPORT)",2,35,"CLEAR","DARKNESS","DRY","REAR END","NOT DIVIDED","FOLLOWING TOO CLOSELY",41.893256711,-87.637007797
"2234","none",2021-11-16 19:40:00,19,"NOT ON SCENE (DESK REPORT)",2,30,"CLEAR","DARKNESS, LIGHTED ROAD","DRY","PARKED MOTOR VEHICLE","ONE-WAY","UNABLE TO DETERMINE",41.976201139,-87.905309125
"2235","injuries",2021-11-16 19:15:00,19,"ON SCENE",2,30,"CLEAR","DARKNESS, LIGHTED ROAD","DRY","PEDALCYCLIST","DIVIDED - W/MEDIAN (NOT RAISED)","IMPROPER OVERTAKING/PASSING",41.954483409,-87.647868563
"2236","none",2021-11-16 19:15:00,19,"ON SCENE",2,30,"CLEAR","DARKNESS, LIGHTED ROAD","DRY","REAR END","DIVIDED - W/MEDIAN BARRIER","UNABLE TO DETERMINE",41.659282779,-87.559432262
"2237","none",2021-11-16 19:15:00,19,"NOT ON SCENE (DESK REPORT)",2,30,"OTHER","DAYLIGHT","UNKNOWN","PARKED MOTOR VEHICLE","PARKING LOT","IMPROPER OVERTAKING/PASSING",41.786299253,-87.722826528
"2238","none",2021-11-16 19:05:00,19,"ON SCENE",2,30,"CLEAR","DARKNESS, LIGHTED ROAD","DRY","PARKED MOTOR VEHICLE","ONE-WAY","UNABLE TO DETERMINE",41.652288634,-87.549724675
"2239","injuries",2021-11-16 19:04:00,19,"ON SCENE",3,40,"CLEAR","DARKNESS, LIGHTED ROAD","DRY","REAR END","DIVIDED - W/MEDIAN BARRIER","FOLLOWING TOO CLOSELY",41.898381124,-87.618288017
"2240","injuries",2021-11-16 19:00:00,19,"ON SCENE",3,30,"CLEAR","DARKNESS, LIGHTED ROAD","DRY","TURNING","NOT DIVIDED","FAILING TO REDUCE SPEED TO AVOID CRASH",41.744644602,-87.560614896
"2241","none",2021-11-16 19:00:00,19,"ON SCENE",2,30,"CLEAR","DARKNESS","DRY","REAR END","FOUR WAY","UNABLE TO DETERMINE",41.887095151,-87.755389249