"","injuries","crash_date","crash_hour","report_type","num_units","posted_speed_limit","weather_condition","lighting_condition","roadway_surface_cond","first_crash_type","trafficway_type","prim_contributory_cause","latitude","longitude"
"2242","none",2021-11-16 19:00:00,19,"NOT ON SCENE (DESK REPORT)",2,30,"CLEAR","DARKNESS, LIGHTED ROAD","DRY","PARKED MOTOR VEHICLE","UNKNOWN","UNABLE TO DETERMINE",41.722232661,-87.612796196
"2243","none",2021-11-16 18:50:00,18,"NOT ON SCENE (DESK REPORT)",2,30,"CLEAR","DARKNESS, LIGHTED ROAD","DRY","SIDESWIPE SAME DIRECTION","PARKING LOT","DRIVING SKILLS/KNOWLEDGE/EXPERIENCE",41.851288488,-87.723850843
"2244","injuries",2021-11-16 18:47:00,18,"ON SCENE",2,35,"CLEAR","DARKNESS, LIGHTED ROAD","DRY","REAR END","DIVIDED - W/MEDIAN (NOT RAISED)","FAILING TO REDUCE SPEED TO AVOID CRASH",41.878444515,-87.617055093
"2245","none",2021-11-16 18:40:00,18,"ON SCENE",2,30,"CLEAR","DARKNESS, LIGHTED ROAD","DRY","TURNING","DIVIDED - W/MEDIAN (NOT RAISED)","IMPROPER OVERTAKING/PASSING",41.924152334,-87.744469615
"2246","injuries",2021-11-16 18:34:00,18,"ON SCENE",2,30,"CLEAR","DARKNESS, LIGHTED ROAD","DRY","TURNING","FOUR WAY","FAILING TO YIELD RIGHT-OF-WAY",41.7689916,-87.630007406
"2247","none",2021-11-16 18:30:00,18,"UNKNOWN",2,30,"CLEAR","DAWN","DRY","ANGLE","NOT DIVIDED","FAILING TO YIELD RIGHT-OF-WAY",41.863573732,-87.640734144
"2248","none",2021-11-16 18:30:00,18,"ON SCENE",2,30,"CLEAR","DARKNESS, LIGHTED ROAD","DRY","ANGLE","OTHER","DRIVING SKILLS/KNOWLEDGE/EXPERIENCE",41.875069288,-87.683859018
"2249","none",2021-11-16 18:20:00,18,"ON SCENE",2,10,"CLEAR","DARKNESS","DRY","REAR END","ALLEY","FOLLOWING TOO CLOSELY",41.824183256,-87.712009397
"2250","none",2021-11-16 18:20:00,18,"ON SCENE",2,30,"CLEAR","DARKNESS","DRY","ANGLE","DIVIDED - W/MEDIAN BARRIER","UNABLE TO DETERMINE",41.749506859,-87.714735903
"2251","none",2021-11-16 18:20:00,18,"NOT ON SCENE (DESK REPORT)",2,20,"CLEAR","DAYLIGHT","DRY","SIDESWIPE SAME DIRECTION","DIVIDED - W/MEDIAN (NOT RAISED)","UNABLE TO DETERMINE",41.8664078,-87.695260793
"2252","injuries",2021-11-16 18:19:00,18,"ON SCENE",2,30,"CLEAR","DARKNESS, LIGHTED ROAD","DRY","ANGLE","DIVIDED - W/MEDIAN (NOT RAISED)","FAILING TO YIELD RIGHT-OF-WAY",41.735744851,-87.658717706
"2253","none",2021-11-16 18:17:00,18,"NOT ON SCENE (DESK REPORT)",2,45,"CLEAR","DAYLIGHT","DRY","REAR END","DIVIDED - W/MEDIAN BARRIER","UNABLE TO DETERMINE",41.900958919,-87.619928174
"2254","injuries",2021-11-16 18:17:00,18,"ON SCENE",2,30,"OTHER","DARKNESS, LIGHTED ROAD","DRY","TURNING","FOUR WAY","DISREGARDING TRAFFIC SIGNALS",41.85198384,-87.685785704
"2255","injuries",2021-11-16 18:15:00,18,"UNKNOWN",2,30,"CLEAR","DARKNESS, LIGHTED ROAD","DRY","ANGLE","FOUR WAY","DISREGARDING TRAFFIC SIGNALS",41.678137887,-87.622516357
"2256","none",2021-11-16 18:12:00,18,"NOT ON SCENE (DESK REPORT)",2,30,"CLEAR","DARKNESS, LIGHTED ROAD","DRY","SIDESWIPE SAME DIRECTION","NOT DIVIDED","FAILING TO YIELD RIGHT-OF-WAY",41.937821594,-87.668447486
"2257","none",2021-11-16 18:12:00,18,"ON SCENE",2,30,"CLEAR","DARKNESS, LIGHTED ROAD","DRY","SIDESWIPE SAME DIRECTION","DIVIDED - W/MEDIAN (NOT RAISED)","UNABLE TO DETERMINE",41.892667276,-87.614362549
"2258","none",2021-11-16 18:08:00,18,"NOT ON SCENE (DESK REPORT)",2,30,"CLEAR","DARKNESS, LIGHTED ROAD","DRY","SIDESWIPE SAME DIRECTION","DIVIDED - W/MEDIAN BARRIER","FAILING TO YIELD RIGHT-OF-WAY",41.831086574,-87.617460542
"2259","none",2021-11-16 18:03:00,18,"NOT ON SCENE (DESK REPORT)",2,30,"CLEAR","DARKNESS, LIGHTED ROAD","DRY","TURNING","NOT DIVIDED","FOLLOWING TOO CLOSELY",41.92275139,-87.785416314
"2260","none",2021-11-16 18:00:00,18,"ON SCENE",2,30,"CLEAR","DARKNESS, LIGHTED ROAD","DRY","TURNING","NOT DIVIDED","FAILING TO YIELD RIGHT-OF-WAY",41.793668324,-87.701182352
"2261","none",2021-11-16 18:00:00,18,"ON SCENE",2,30,"CLEAR","DARKNESS, LIGHTED ROAD","DRY","ANGLE","NOT DIVIDED","FAILING TO YIELD RIGHT-OF-WAY",41.923728324,-87.792776614
"2262","none",2021-11-16 18:00:00,18,"NOT ON SCENE (DESK REPORT)",2,30,"CLEAR","DARKNESS","DRY","SIDESWIPE SAME DIRECTION","NOT DIVIDED","FAILING TO YIELD RIGHT-OF-WAY",41.939744616,-87.668516101
"2263","none",2021-11-16 18:00:00,18,"NOT ON SCENE (DESK REPORT)",2,30,"UNKNOWN","UNKNOWN","UNKNOWN","REAR END","NOT DIVIDED","UNABLE TO DETERMINE",41.750667358,-87.634370866
"2264","none",2021-11-16 18:00:00,18,"ON SCENE",2,30,"UNKNOWN","UNKNOWN","UNKNOWN","PARKED MOTOR VEHICLE","NOT DIVIDED","UNABLE TO DETERMINE",41.891490005,-87.615331302
"2265","none",2021-11-16 18:00:00,18,"NOT ON SCENE (DESK REPORT)",3,30,"CLEAR","DAYLIGHT","DRY","REAR END","DIVIDED - W/MEDIAN (NOT RAISED)","UNABLE TO DETERMINE",41.888105782,-87.75549555
"2266","none",2021-11-16 18:00:00,18,"NOT ON SCENE (DESK REPORT)",2,30,"UNKNOWN","UNKNOWN","UNKNOWN","PARKED MOTOR VEHICLE","NOT DIVIDED","UNABLE TO DETERMINE",41.944380764,-87.6412089
"2267","none",2021-11-16 17:57:00,17,"NOT ON SCENE (DESK REPORT)",2,30,"CLEAR","DARKNESS","DRY","SIDESWIPE SAME DIRECTION","NOT DIVIDED","NOT APPLICABLE",41.749723972,-87.702539572
"2268","none",2021-11-16 17:56:00,17,"ON SCENE",2,40,"CLOUDY/OVERCAST","DARKNESS, LIGHTED ROAD","DRY","REAR END","DIVIDED - W/MEDIAN BARRIER","FOLLOWING TOO CLOSELY",41.912977647,-87.626099081
"2269","none",2021-11-16 17:55:00,17,"ON SCENE",2,30,"CLEAR","DARKNESS, LIGHTED ROAD","DRY","TURNING","FOUR WAY","IMPROPER TURNING/NO SIGNAL",41.691727388,-87.681300128
"2270","injuries",2021-11-16 17:50:00,17,"ON SCENE",3,30,"CLEAR","DARKNESS","DRY","TURNING","NOT DIVIDED","FAILING TO YIELD RIGHT-OF-WAY",41.990101454,-87.807018402
"2271","injuries",2021-11-16 17:50:00,17,"NOT ON SCENE (DESK REPORT)",2,30,"CLEAR","DARKNESS, LIGHTED ROAD","DRY","SIDESWIPE SAME DIRECTION","DIVIDED - W/MEDIAN (NOT RAISED)","IMPROPER OVERTAKING/PASSING",41.747933543,-87.702488761
"2272","none",2021-11-16 17:47:00,17,"ON SCENE",2,30,"CLEAR","DARKNESS","DRY","PARKED MOTOR VEHICLE","ONE-WAY","UNABLE TO DETERMINE",41.871977687,-87.761897422
"2273","none",2021-11-16 17:37:00,17,"NOT ON SCENE (DESK REPORT)",2,30,"CLEAR","DAYLIGHT","DRY","SIDESWIPE SAME DIRECTION","ONE-WAY","IMPROPER LANE USAGE",41.754508493,-87.626344978
"2274","none",2021-11-16 17:30:00,17,"NOT ON SCENE (DESK REPORT)",2,30,"CLEAR","DARKNESS, LIGHTED ROAD","DRY","REAR END","NOT DIVIDED","FOLLOWING TOO CLOSELY",41.913137273,-87.805762832
"2275","injuries",2021-11-16 17:30:00,17,"ON SCENE",2,30,"CLEAR","DARKNESS","DRY","PEDESTRIAN","DIVIDED - W/MEDIAN (NOT RAISED)","UNABLE TO DETERMINE",41.909273129,-87.765325182
"2276","none",2021-11-16 17:25:00,17,"ON SCENE",3,30,"CLEAR","DARKNESS, LIGHTED ROAD","DRY","PARKED MOTOR VEHICLE","DIVIDED - W/MEDIAN (NOT RAISED)","IMPROPER OVERTAKING/PASSING",41.938683892,-87.637978564
"2277","none",2021-11-16 17:22:00,17,"ON SCENE",3,30,"CLEAR","DUSK","DRY","PARKED MOTOR VEHICLE","ONE-WAY","FAILING TO REDUCE SPEED TO AVOID CRASH",41.937150666,-87.727788498
"2278","none",2021-11-16 17:20:00,17,"NOT ON SCENE (DESK REPORT)",2,30,"CLEAR","DAYLIGHT","ICE","PARKED MOTOR VEHICLE","NOT DIVIDED","IMPROPER LANE USAGE",41.792395565,-87.684147038
"2279","injuries",2021-11-16 17:15:00,17,"ON SCENE",2,30,"CLEAR","DARKNESS, LIGHTED ROAD","DRY","PEDESTRIAN","DIVIDED - W/MEDIAN (NOT RAISED)","FAILING TO YIELD RIGHT-OF-WAY",41.940070621,-87.639405861
"2280","none",2021-11-16 17:15:00,17,"NOT ON SCENE (DESK REPORT)",2,30,"CLEAR","DAYLIGHT","DRY","SIDESWIPE SAME DIRECTION","NOT DIVIDED","FOLLOWING TOO CLOSELY",41.808468524,-87.689388162
"2281","none",2021-11-16 17:14:00,17,"ON SCENE",2,30,"CLEAR","DARKNESS, LIGHTED ROAD","DRY","SIDESWIPE SAME DIRECTION","NOT DIVIDED","IMPROPER OVERTAKING/PASSING",41.786776898,-87.654621599
"2282","none",2021-11-16 17:14:00,17,"NOT ON SCENE (DESK REPORT)",2,30,"CLEAR","DAYLIGHT","DRY","SIDESWIPE SAME DIRECTION","NOT DIVIDED","FAILING TO REDUCE SPEED TO AVOID CRASH",41.794385064,-87.615887636
"2283","none",2021-11-16 17:05:00,17,"NOT ON SCENE (DESK REPORT)",2,30,"CLEAR","DAYLIGHT","DRY","SIDESWIPE SAME DIRECTION","NOT DIVIDED","IMPROPER OVERTAKING/PASSING",41.864719537,-87.666480844
"2284","none",2021-11-16 17:02:00,17,"NOT ON SCENE (DESK REPORT)",2,30,"CLEAR","DAYLIGHT","DRY","SIDESWIPE SAME DIRECTION","NOT DIVIDED","UNABLE TO DETERMINE",41.721345885,-87.650796334
"2285","none",2021-11-16 17:00:00,17,"NOT ON SCENE (DESK REPORT)",2,30,"CLEAR","DARKNESS, LIGHTED ROAD","DRY","PARKED MOTOR VEHICLE","ONE-WAY","UNABLE TO DETERMINE",41.840411341,-87.728035358
"2286","none",2021-11-16 16:57:00,16,"NOT ON SCENE (DESK REPORT)",2,30,"CLEAR","DARKNESS","DRY","SIDESWIPE SAME DIRECTION","DIVIDED - W/MEDIAN (NOT RAISED)","FAILING TO YIELD RIGHT-OF-WAY",41.866815784,-87.666529263
"2287","none",2021-11-16 16:55:00,16,"ON SCENE",2,30,"CLOUDY/OVERCAST","DUSK","DRY","PARKED MOTOR VEHICLE","NOT DIVIDED","UNABLE TO DETERMINE",41.80072009,-87.703151663
"2288","injuries",2021-11-16 16:55:00,16,"NOT ON SCENE (DESK REPORT)",3,30,"CLEAR","DARKNESS, LIGHTED ROAD","DRY","REAR END","NOT DIVIDED","FOLLOWING TOO CLOSELY",41.866457269,-87.710667332
"2289","none",2021-11-16 16:55:00,16,"NOT ON SCENE (DESK REPORT)",2,30,"CLEAR","DAYLIGHT","DRY","ANGLE","ONE-WAY","DISREGARDING TRAFFIC SIGNALS",41.881930871,-87.644056611
"2290","none",2021-11-16 16:50:00,16,"ON SCENE",2,30,"CLEAR","DARKNESS, LIGHTED ROAD","DRY","SIDESWIPE SAME DIRECTION","DIVIDED - W/MEDIAN BARRIER","UNABLE TO DETERMINE",41.894903433,-87.624104194
"2291","none",2021-11-16 16:50:00,16,"ON SCENE",2,15,"CLEAR","DUSK","DRY","PARKED MOTOR VEHICLE","PARKING LOT","UNABLE TO DETERMINE",41.736380046,-87.627509219
"2292","injuries",2021-11-16 16:45:00,16,"ON SCENE",1,35,"CLEAR","DARKNESS, LIGHTED ROAD","DRY","FIXED OBJECT","DIVIDED - W/MEDIAN (NOT RAISED)","UNABLE TO DETERMINE",41.931490968,-87.746445949
"2293","none",2021-11-16 16:45:00,16,"NOT ON SCENE (DESK REPORT)",2,30,"CLEAR","DUSK","DRY","SIDESWIPE SAME DIRECTION","NOT DIVIDED","FAILING TO YIELD RIGHT-OF-WAY",41.931575608,-87.746743301
"2294","none",2021-11-16 16:45:00,16,"NOT ON SCENE (DESK REPORT)",2,30,"UNKNOWN","DARKNESS, LIGHTED ROAD","UNKNOWN","TURNING","Y-INTERSECTION","UNABLE TO DETERMINE",41.751339705,-87.585632266
"2295","none",2021-11-16 16:41:00,16,"NOT ON SCENE (DESK REPORT)",2,30,"CLEAR","DAYLIGHT","DRY","ANGLE","ONE-WAY","UNABLE TO DETERMINE",41.881930871,-87.644056611
"2296","none",2021-11-16 16:30:00,16,"NOT ON SCENE (DESK REPORT)",2,30,"CLEAR","DAYLIGHT","DRY","SIDESWIPE SAME DIRECTION","NOT DIVIDED","FAILING TO YIELD RIGHT-OF-WAY",41.954193922,-87.668023416
"2297","injuries",2021-11-16 16:30:00,16,"NOT ON SCENE (DESK REPORT)",2,30,"CLEAR","DAYLIGHT","DRY","REAR END","NOT DIVIDED","FOLLOWING TOO CLOSELY",41.9204915,-87.765689873
"2298","none",2021-11-16 16:30:00,16,"NOT ON SCENE (DESK REPORT)",2,30,"UNKNOWN","UNKNOWN","UNKNOWN","TURNING","DIVIDED - W/MEDIAN (NOT RAISED)","IMPROPER TURNING/NO SIGNAL",41.997147659,-87.724082735
"2299","none",2021-11-16 16:30:00,16,"NOT ON SCENE (DESK REPORT)",2,30,"UNKNOWN","DARKNESS, LIGHTED ROAD","UNKNOWN","ANGLE","DIVIDED - W/MEDIAN (NOT RAISED)","NOT APPLICABLE",41.880316741,-87.664510339
"2300","none",2021-11-16 16:27:00,16,"ON SCENE",2,30,"CLEAR","DUSK","DRY","SIDESWIPE SAME DIRECTION","ONE-WAY","UNABLE TO DETERMINE",41.99715271,-87.722724527
"2301","none",2021-11-16 16:20:00,16,"NOT ON SCENE (DESK REPORT)",2,35,"CLEAR","DAYLIGHT","DRY","SIDESWIPE SAME DIRECTION","DIVIDED - W/MEDIAN (NOT RAISED)","UNABLE TO DETERMINE",41.736006565,-87.645341819
"2302","none",2021-11-16 16:15:00,16,"NOT ON SCENE (DESK REPORT)",2,30,"CLEAR","DAYLIGHT","DRY","TURNING","NOT DIVIDED","IMPROPER TURNING/NO SIGNAL",41.809198043,-87.63298031
"2303","none",2021-11-16 16:10:00,16,"NOT ON SCENE (DESK REPORT)",2,30,"CLEAR","DAYLIGHT","DRY","PARKED MOTOR VEHICLE","NOT DIVIDED","IMPROPER LANE USAGE",41.880347603,-87.735319513
"2304","none",2021-11-16 16:02:00,16,"NOT ON SCENE (DESK REPORT)",2,30,"CLEAR","DAYLIGHT","DRY","REAR END","NOT DIVIDED","FOLLOWING TOO CLOSELY",41.890297818,-87.706250454
"2305","none",2021-11-16 16:00:00,16,"ON SCENE",1,15,"CLEAR","DAYLIGHT","DRY","FIXED OBJECT","ALLEY","UNABLE TO DETERMINE",41.740653348,-87.58650279
"2306","injuries",2021-11-16 16:00:00,16,"NOT ON SCENE (DESK REPORT)",2,30,"CLEAR","DAYLIGHT","DRY","REAR END","NOT DIVIDED","FOLLOWING TOO CLOSELY",41.931595287,-87.750168995
"2307","injuries",2021-11-16 16:00:00,16,"ON SCENE",3,30,"CLEAR","DAYLIGHT","DRY","REAR END","DIVIDED - W/MEDIAN BARRIER","FOLLOWING TOO CLOSELY",41.894299457,-87.66738514
"2308","none",2021-11-16 16:00:00,16,"NOT ON SCENE (DESK REPORT)",2,30,"CLEAR","DAYLIGHT","DRY","PARKED MOTOR VEHICLE","NOT DIVIDED","IMPROPER LANE USAGE",41.792345957,-87.715932888
"2309","none",2021-11-16 16:00:00,16,"NOT ON SCENE (DESK REPORT)",2,30,"CLEAR","DAYLIGHT","DRY","TURNING","NOT DIVIDED","IMPROPER TURNING/NO SIGNAL",41.844221002,-87.734409021
"2310","none",2021-11-16 16:00:00,16,"NOT ON SCENE (DESK REPORT)",3,30,"CLEAR","DAYLIGHT","DRY","TURNING","NOT DIVIDED","UNABLE TO DETERMINE",41.886598346,-87.700703412
"2311","none",2021-11-16 16:00:00,16,"ON SCENE",2,30,"CLEAR","DARKNESS, LIGHTED ROAD","DRY","REAR END","NOT DIVIDED","FAILING TO REDUCE SPEED TO AVOID CRASH",41.786242227,-87.622393342
"2312","none",2021-11-16 16:00:00,16,"NOT ON SCENE (DESK REPORT)",2,25,"CLEAR","DUSK","UNKNOWN","PARKED MOTOR VEHICLE","NOT DIVIDED","UNABLE TO DETERMINE",41.999367958,-87.693734887
"2313","none",2021-11-16 15:59:00,15,"ON SCENE",2,30,"CLEAR","DARKNESS, LIGHTED ROAD","DRY","SIDESWIPE SAME DIRECTION","NOT DIVIDED","UNABLE TO DETERMINE",41.78253362,-87.644708318
"2314","none",2021-11-16 15:52:00,15,"ON SCENE",2,30,"CLEAR","DAYLIGHT","DRY","TURNING","CENTER TURN LANE","FAILING TO REDUCE SPEED TO AVOID CRASH",41.917834451,-87.689272808
"2315","none",2021-11-16 15:45:00,15,"ON SCENE",2,20,"CLEAR","DARKNESS, LIGHTED ROAD","DRY","TURNING","NOT DIVIDED","FAILING TO YIELD RIGHT-OF-WAY",41.811188808,-87.610316417
"2316","none",2021-11-16 15:44:00,15,"ON SCENE",2,30,"CLEAR","DAYLIGHT","DRY","PARKED MOTOR VEHICLE","DIVIDED - W/MEDIAN (NOT RAISED)","IMPROPER BACKING",41.89541144,-87.639786967
"2317","none",2021-11-16 15:40:00,15,"ON SCENE",2,30,"CLEAR","DAYLIGHT","DRY","TURNING","NOT DIVIDED","IMPROPER TURNING/NO SIGNAL",41.86241524,-87.624184606
"2318","none",2021-11-16 15:40:00,15,"NOT ON SCENE (DESK REPORT)",2,30,"UNKNOWN","UNKNOWN","UNKNOWN","SIDESWIPE SAME DIRECTION","UNKNOWN","UNABLE TO DETERMINE",41.960861023,-87.745169534
"2319","none",2021-11-16 15:39:00,15,"ON SCENE",2,20,"CLEAR","DAYLIGHT","DRY","REAR END","NOT DIVIDED","FOLLOWING TOO CLOSELY",41.794925251,-87.599424325
"2320","none",2021-11-16 15:30:00,15,"NOT ON SCENE (DESK REPORT)",2,30,"CLEAR","DAYLIGHT","DRY","SIDESWIPE SAME DIRECTION","DIVIDED - W/MEDIAN BARRIER","UNABLE TO DETERMINE",41.867328391,-87.642264238
"2321","none",2021-11-16 15:29:00,15,"ON SCENE",2,30,"CLEAR","DAYLIGHT","DRY","REAR END","NOT DIVIDED","FOLLOWING TOO CLOSELY",41.721279407,-87.6657749
"2322","none",2021-11-16 15:23:00,15,"NOT ON SCENE (DESK REPORT)",3,30,"CLEAR","DAYLIGHT","DRY","REAR END","NOT DIVIDED","FOLLOWING TOO CLOSELY",41.985605285,-87.699102337
"2323","none",2021-11-16 15:22:00,15,"NOT ON SCENE (DESK REPORT)",2,30,"UNKNOWN","UNKNOWN","UNKNOWN","SIDESWIPE OPPOSITE DIRECTION","NOT DIVIDED","DRIVING SKILLS/KNOWLEDGE/EXPERIENCE",41.740072882,-87.626221699
"2324","none",2021-11-16 15:20:00,15,"NOT ON SCENE (DESK REPORT)",2,30,"CLEAR","DAYLIGHT","DRY","PARKED MOTOR VEHICLE","NOT DIVIDED","DRIVING SKILLS/KNOWLEDGE/EXPERIENCE",41.945855335,-87.779062675
"2325","none",2021-11-16 15:20:00,15,"NOT ON SCENE (DESK REPORT)",2,30,"CLEAR","DAYLIGHT","DRY","REAR END","NOT DIVIDED","FOLLOWING TOO CLOSELY",41.926152879,-87.736505877
"2326","none",2021-11-16 15:20:00,15,"ON SCENE",2,30,"CLOUDY/OVERCAST","DAYLIGHT","DRY","REAR END","NOT DIVIDED","EVASIVE ACTION DUE TO ANIMAL, OBJECT, NONMOTORIST",41.753484322,-87.708752869
"2327","none",2021-11-16 15:19:00,15,"NOT ON SCENE (DESK REPORT)",2,30,"CLEAR","DAYLIGHT","DRY","SIDESWIPE SAME DIRECTION","NOT DIVIDED","UNABLE TO DETERMINE",41.867325153,-87.642498235
"2328","none",2021-11-16 15:19:00,15,"ON SCENE",2,30,"CLEAR","DAYLIGHT","DRY","REAR END","DIVIDED - W/MEDIAN (NOT RAISED)","FAILING TO REDUCE SPEED TO AVOID CRASH",41.779819525,-87.683802933
"2329","injuries",2021-11-16 15:18:00,15,"ON SCENE",2,30,"CLEAR","DAYLIGHT","DRY","ANGLE","OTHER","PHYSICAL CONDITION OF DRIVER",41.83723293,-87.734766399
"2330","none",2021-11-16 15:15:00,15,"NOT ON SCENE (DESK REPORT)",2,30,"CLEAR","DUSK","DRY","SIDESWIPE SAME DIRECTION","NOT DIVIDED","UNABLE TO DETERMINE",42.01243304,-87.683273434
"2331","none",2021-11-16 15:00:00,15,"NOT ON SCENE (DESK REPORT)",2,30,"CLEAR","DAYLIGHT","DRY","TURNING","NOT DIVIDED","FAILING TO YIELD RIGHT-OF-WAY",41.952794749,-87.717621415
"2332","none",2021-11-16 15:00:00,15,"NOT ON SCENE (DESK REPORT)",2,30,"CLEAR","DAYLIGHT","DRY","ANGLE","ONE-WAY","FAILING TO YIELD RIGHT-OF-WAY",41.849115448,-87.632078117
"2333","none",2021-11-16 15:00:00,15,"ON SCENE",2,25,"CLEAR","DAYLIGHT","DRY","PARKED MOTOR VEHICLE","NOT DIVIDED","UNABLE TO DETERMINE",41.874048813,-87.683057139
"2334","none",2021-11-16 14:55:00,14,"NOT ON SCENE (DESK REPORT)",2,30,"CLEAR","DAYLIGHT","DRY","REAR END","NOT DIVIDED","FAILING TO REDUCE SPEED TO AVOID CRASH",41.997302027,-87.709195806
"2335","none",2021-11-16 14:50:00,14,"NOT ON SCENE (DESK REPORT)",2,30,"CLEAR","DAYLIGHT","UNKNOWN","REAR END","DIVIDED - W/MEDIAN (NOT RAISED)","NOT APPLICABLE",41.744493833,-87.576003561
"2336","none",2021-11-16 14:50:00,14,"NOT ON SCENE (DESK REPORT)",2,30,"CLEAR","DAYLIGHT","DRY","SIDESWIPE SAME DIRECTION","NOT DIVIDED","IMPROPER LANE USAGE",41.752716955,-87.722166212
"2337","injuries",2021-11-16 14:48:00,14,"UNKNOWN",2,30,"CLEAR","DAYLIGHT","DRY","ANGLE","FOUR WAY","DISREGARDING TRAFFIC SIGNALS",41.866288995,-87.710687846
"2338","none",2021-11-16 14:45:00,14,"NOT ON SCENE (DESK REPORT)",2,30,"CLEAR","DAYLIGHT","DRY","REAR END","NOT DIVIDED","FOLLOWING TOO CLOSELY",41.94593543,-87.771509385
"2339","none",2021-11-16 14:40:00,14,"NOT ON SCENE (DESK REPORT)",2,30,"CLEAR","DAYLIGHT","DRY","REAR END","NOT DIVIDED","NOT APPLICABLE",41.822954294,-87.685012986
"2340","none",2021-11-16 14:40:00,14,"NOT ON SCENE (DESK REPORT)",3,30,"CLEAR","DAYLIGHT","DRY","PARKED MOTOR VEHICLE","ONE-WAY","UNABLE TO DETERMINE",41.805821242,-87.662316955
"2341","none",2021-11-16 14:33:00,14,"NOT ON SCENE (DESK REPORT)",2,30,"CLEAR","DAYLIGHT","DRY","PEDESTRIAN","FOUR WAY","UNABLE TO DETERMINE",41.970575884,-87.686395625
"2342","none",2021-11-16 14:30:00,14,"NOT ON SCENE (DESK REPORT)",2,30,"CLEAR","DAYLIGHT","UNKNOWN","SIDESWIPE SAME DIRECTION","NOT DIVIDED","IMPROPER OVERTAKING/PASSING",41.923580192,-87.677685889
"2343","injuries",2021-11-16 14:30:00,14,"ON SCENE",2,30,"CLEAR","DAYLIGHT","DRY","PEDESTRIAN","FOUR WAY","FAILING TO YIELD RIGHT-OF-WAY",41.768440809,-87.683407356
"2344","none",2021-11-16 14:25:00,14,"NOT ON SCENE (DESK REPORT)",2,30,"UNKNOWN","UNKNOWN","UNKNOWN","REAR END","NOT DIVIDED","UNABLE TO DETERMINE",41.88167559,-87.649548954
"2345","none",2021-11-16 14:25:00,14,"ON SCENE",4,35,"CLEAR","DAYLIGHT","DRY","PARKED MOTOR VEHICLE","NOT DIVIDED","UNABLE TO DETERMINE",41.957757066,-87.735419622
"2346","none",2021-11-16 14:20:00,14,"NOT ON SCENE (DESK REPORT)",2,30,"CLEAR","DAYLIGHT","DRY","SIDESWIPE SAME DIRECTION","NOT DIVIDED","IMPROPER LANE USAGE",41.794975101,-87.596689544
"2347","none",2021-11-16 14:15:00,14,"NOT ON SCENE (DESK REPORT)",2,30,"CLEAR","DAYLIGHT","DRY","PARKED MOTOR VEHICLE","ONE-WAY","IMPROPER OVERTAKING/PASSING",41.736408819,-87.613445245
"2348","none",2021-11-16 14:00:00,14,"NOT ON SCENE (DESK REPORT)",2,20,"CLEAR","DAYLIGHT","DRY","PARKED MOTOR VEHICLE","NOT DIVIDED","UNABLE TO DETERMINE",41.962807776,-87.661129286
"2349","none",2021-11-16 14:00:00,14,"NOT ON SCENE (DESK REPORT)",2,20,"CLEAR","DARKNESS, LIGHTED ROAD","DRY","ANGLE","ONE-WAY","UNABLE TO DETERMINE",41.970877415,-87.693314484
"2350","none",2021-11-16 14:00:00,14,"UNKNOWN",2,30,"CLEAR","DAYLIGHT","DRY","REAR END","ONE-WAY","FOLLOWING TOO CLOSELY",41.869857684,-87.626037592
"2351","none",2021-11-16 14:00:00,14,"NOT ON SCENE (DESK REPORT)",2,10,"CLEAR","DAYLIGHT","DRY","PARKED MOTOR VEHICLE","PARKING LOT","IMPROPER BACKING",41.735916109,-87.585772779
"2352","injuries",2021-11-16 13:54:00,13,"ON SCENE",2,30,"CLOUDY/OVERCAST","DAYLIGHT","DRY","REAR END","NOT DIVIDED","UNABLE TO DETERMINE",41.795757165,-87.664781391
"2353","none",2021-11-16 13:46:00,13,"ON SCENE",3,30,"CLEAR","DAYLIGHT","DRY","TURNING","DIVIDED - W/MEDIAN (NOT RAISED)","DISREGARDING ROAD MARKINGS",41.932205326,-87.69777139
"2354","injuries",2021-11-16 13:44:00,13,"ON SCENE",2,30,"CLEAR","DAYLIGHT","DRY","PEDALCYCLIST","NOT DIVIDED","UNABLE TO DETERMINE",41.931244858,-87.774898889
"2355","none",2021-11-16 13:42:00,13,"NOT ON SCENE (DESK REPORT)",2,30,"CLEAR","DAYLIGHT","DRY","SIDESWIPE SAME DIRECTION","ONE-WAY","UNABLE TO DETERMINE",41.892497422,-87.634166225
"2356","none",2021-11-16 13:39:00,13,"ON SCENE",2,10,"CLEAR","DAYLIGHT","DRY","PARKED MOTOR VEHICLE","PARKING LOT","DRIVING SKILLS/KNOWLEDGE/EXPERIENCE",41.930872668,-87.805581565
"2357","none",2021-11-16 13:22:00,13,"NOT ON SCENE (DESK REPORT)",2,30,"CLEAR","DAYLIGHT","DRY","SIDESWIPE SAME DIRECTION","NOT DIVIDED","NOT APPLICABLE",41.891559024,-87.647479813