"","injuries","crash_date","crash_hour","report_type","num_units","posted_speed_limit","weather_condition","lighting_condition","roadway_surface_cond","first_crash_type","trafficway_type","prim_contributory_cause","latitude","longitude"
"2358","none",2021-11-16 13:20:00,13,"ON SCENE",2,30,"CLEAR","DAYLIGHT","DRY","TURNING","DIVIDED - W/MEDIAN (NOT RAISED)","IMPROPER LANE USAGE",41.940352908,-87.638849175
"2359","injuries",2021-11-16 13:11:00,13,"ON SCENE",2,30,"CLEAR","DAYLIGHT","DRY","SIDESWIPE SAME DIRECTION","FOUR WAY","IMPROPER LANE USAGE",41.998652307,-87.670957165
"2360","none",2021-11-16 13:10:00,13,"NOT ON SCENE (DESK REPORT)",2,30,"CLEAR","DAYLIGHT","DRY","TURNING","NOT DIVIDED","UNABLE TO DETERMINE",41.779123484,-87.683783099
"2361","none",2021-11-16 13:05:00,13,"NOT ON SCENE (DESK REPORT)",2,20,"CLEAR","DAYLIGHT","DRY","ANGLE","ONE-WAY","UNABLE TO DETERMINE",41.752363406,-87.644234806
"2362","none",2021-11-16 13:00:00,13,"UNKNOWN",2,30,"CLEAR","DAYLIGHT","DRY","TURNING","T-INTERSECTION","UNABLE TO DETERMINE",41.908847449,-87.766035233
"2363","none",2021-11-16 13:00:00,13,"NOT ON SCENE (DESK REPORT)",2,30,"CLEAR","DAYLIGHT","DRY","PARKED MOTOR VEHICLE","NOT DIVIDED","UNABLE TO DETERMINE",41.905963599,-87.667710863
"2364","none",2021-11-16 13:00:00,13,"NOT ON SCENE (DESK REPORT)",2,30,"CLEAR","DAYLIGHT","DRY","REAR END","NOT DIVIDED","FOLLOWING TOO CLOSELY",41.834136596,-87.665798267
"2365","injuries",2021-11-16 12:57:00,12,"ON SCENE",2,30,"CLEAR","DAYLIGHT","DRY","ANGLE","NOT DIVIDED","FAILING TO YIELD RIGHT-OF-WAY",41.816341394,-87.60809652
"2366","none",2021-11-16 12:48:00,12,"ON SCENE",2,30,"CLEAR","DAYLIGHT","DRY","PARKED MOTOR VEHICLE","NOT DIVIDED","UNABLE TO DETERMINE",41.912232138,-87.682533486
"2367","none",2021-11-16 12:30:00,12,"NOT ON SCENE (DESK REPORT)",2,25,"CLEAR","DAYLIGHT","DRY","SIDESWIPE SAME DIRECTION","NOT DIVIDED","UNABLE TO DETERMINE",41.834973063,-87.724454782
"2368","none",2021-11-16 12:23:00,12,"ON SCENE",2,30,"CLEAR","DAYLIGHT","DRY","SIDESWIPE SAME DIRECTION","DIVIDED - W/MEDIAN BARRIER","FOLLOWING TOO CLOSELY",41.889418149,-87.624085115
"2369","none",2021-11-16 12:20:00,12,"NOT ON SCENE (DESK REPORT)",2,30,"CLEAR","DAWN","DRY","REAR END","DIVIDED - W/MEDIAN BARRIER","FOLLOWING TOO CLOSELY",41.867446112,-87.618904488
"2370","none",2021-11-16 12:17:00,12,"ON SCENE",2,30,"CLEAR","DAYLIGHT","DRY","ANGLE","DIVIDED - W/MEDIAN (NOT RAISED)","UNABLE TO DETERMINE",41.954071454,-87.700745235
"2371","injuries",2021-11-16 12:16:00,12,"ON SCENE",2,25,"CLEAR","DAYLIGHT","DRY","TURNING","FOUR WAY","UNABLE TO DETERMINE",41.764007749,-87.722499108
"2372","none",2021-11-16 12:11:00,12,"ON SCENE",2,30,"CLEAR","DAYLIGHT","DRY","SIDESWIPE SAME DIRECTION","DIVIDED - W/MEDIAN (NOT RAISED)","NOT APPLICABLE",41.844145286,-87.724613436
"2373","none",2021-11-16 12:05:00,12,"NOT ON SCENE (DESK REPORT)",2,30,"CLEAR","DAYLIGHT","DRY","TURNING","NOT DIVIDED","NOT APPLICABLE",41.885653076,-87.624175997
"2374","none",2021-11-16 12:00:00,12,"ON SCENE",2,10,"CLEAR","DAYLIGHT","DRY","PARKED MOTOR VEHICLE","PARKING LOT","PHYSICAL CONDITION OF DRIVER",41.663496902,-87.627046703
"2375","none",2021-11-16 12:00:00,12,"ON SCENE",2,30,"CLEAR","DAYLIGHT","DRY","ANGLE","FOUR WAY","UNABLE TO DETERMINE",41.93872608,-87.707504078
"2376","none",2021-11-16 12:00:00,12,"NOT ON SCENE (DESK REPORT)",2,30,"CLEAR","DAYLIGHT","DRY","PARKED MOTOR VEHICLE","NOT DIVIDED","UNABLE TO DETERMINE",41.818794106,-87.650192484
"2377","none",2021-11-16 11:38:00,11,"NOT ON SCENE (DESK REPORT)",2,30,"CLEAR","DAYLIGHT","DRY","REAR END","OTHER","DRIVING SKILLS/KNOWLEDGE/EXPERIENCE",41.86701903,-87.648455303
"2378","none",2021-11-16 11:35:00,11,"ON SCENE",2,30,"CLEAR","DAYLIGHT","DRY","PARKED MOTOR VEHICLE","DIVIDED - W/MEDIAN (NOT RAISED)","UNABLE TO DETERMINE",41.7505921,-87.654810954
"2379","none",2021-11-16 11:30:00,11,"ON SCENE",2,15,"CLEAR","DAYLIGHT","DRY","PARKED MOTOR VEHICLE","ONE-WAY","IMPROPER LANE USAGE",41.966642369,-87.741557121
"2380","none",2021-11-16 11:30:00,11,"ON SCENE",2,30,"CLEAR","DAYLIGHT","DRY","FIXED OBJECT","DRIVEWAY","UNABLE TO DETERMINE",41.790118085,-87.684082168
"2381","none",2021-11-16 11:30:00,11,"ON SCENE",2,30,"CLEAR","DAYLIGHT","DRY","PARKED MOTOR VEHICLE","ONE-WAY","UNABLE TO DETERMINE",41.757563896,-87.648088182
"2382","none",2021-11-16 11:28:00,11,"ON SCENE",2,35,"CLEAR","DAYLIGHT","DRY","PARKED MOTOR VEHICLE","ONE-WAY","UNABLE TO DETERMINE",41.808231188,-87.702917339
"2383","none",2021-11-16 11:24:00,11,"ON SCENE",2,15,"OTHER","DAYLIGHT","DRY","ANGLE","NOT DIVIDED","FAILING TO YIELD RIGHT-OF-WAY",41.684386208,-87.616631773
"2384","none",2021-11-16 11:20:00,11,"NOT ON SCENE (DESK REPORT)",2,30,"CLEAR","DAYLIGHT","DRY","REAR END","FOUR WAY","FAILING TO YIELD RIGHT-OF-WAY",41.859717716,-87.656624664
"2385","injuries",2021-11-16 11:05:00,11,"ON SCENE",2,30,"CLEAR","DAYLIGHT","DRY","SIDESWIPE SAME DIRECTION","NOT DIVIDED","UNABLE TO DETERMINE",41.923203786,-87.697518616
"2386","injuries",2021-11-16 11:02:00,11,"ON SCENE",2,30,"CLOUDY/OVERCAST","DAYLIGHT","DRY","ANGLE","NOT DIVIDED","UNABLE TO DETERMINE",41.866512409,-87.705811609
"2387","injuries",2021-11-16 11:02:00,11,"ON SCENE",3,25,"CLEAR","DAYLIGHT","DRY","PARKED MOTOR VEHICLE","ONE-WAY","IMPROPER BACKING",41.884879014,-87.756601
"2388","none",2021-11-16 11:00:00,11,"NOT ON SCENE (DESK REPORT)",2,30,"CLEAR","DAYLIGHT","DRY","ANGLE","FOUR WAY","FAILING TO YIELD RIGHT-OF-WAY",41.797619505,-87.684165396
"2389","none",2021-11-16 11:00:00,11,"NOT ON SCENE (DESK REPORT)",2,30,"CLEAR","DAYLIGHT","DRY","SIDESWIPE SAME DIRECTION","DIVIDED - W/MEDIAN (NOT RAISED)","UNABLE TO DETERMINE",41.98872319,-87.689757912
"2390","none",2021-11-16 11:00:00,11,"ON SCENE",2,30,"CLEAR","DAYLIGHT","DRY","PARKED MOTOR VEHICLE","PARKING LOT","FAILING TO YIELD RIGHT-OF-WAY",41.976689339,-87.768808166
"2391","injuries",2021-11-16 10:55:00,10,"ON SCENE",2,30,"CLEAR","DARKNESS, LIGHTED ROAD","DRY","TURNING","DIVIDED - W/MEDIAN BARRIER","DISREGARDING TRAFFIC SIGNALS",41.886679412,-87.630144304
"2392","none",2021-11-16 10:45:00,10,"ON SCENE",2,30,"CLEAR","DAYLIGHT","DRY","REAR TO SIDE","PARKING LOT","IMPROPER BACKING",41.793815712,-87.646029201
"2393","none",2021-11-16 10:30:00,10,"ON SCENE",2,30,"CLEAR","DAYLIGHT","DRY","TURNING","T-INTERSECTION","DISREGARDING STOP SIGN",41.908726094,-87.674660839
"2394","none",2021-11-16 10:30:00,10,"NOT ON SCENE (DESK REPORT)",2,15,"CLEAR","DAYLIGHT","DRY","PARKED MOTOR VEHICLE","PARKING LOT","UNABLE TO DETERMINE",41.741056938,-87.631826
"2395","none",2021-11-16 10:20:00,10,"ON SCENE",1,20,"CLEAR","DAYLIGHT","DRY","FIXED OBJECT","ALLEY","DRIVING SKILLS/KNOWLEDGE/EXPERIENCE",41.921314335,-87.649687162
"2396","none",2021-11-16 10:00:00,10,"NOT ON SCENE (DESK REPORT)",2,30,"CLEAR","DAYLIGHT","DRY","SIDESWIPE SAME DIRECTION","ONE-WAY","NOT APPLICABLE",41.781123598,-87.596072154
"2397","none",2021-11-16 10:00:00,10,"ON SCENE",2,30,"CLEAR","DAYLIGHT","DRY","REAR END","NOT DIVIDED","UNABLE TO DETERMINE",41.825136168,-87.651679664
"2398","none",2021-11-16 09:41:00,9,"ON SCENE",2,25,"CLEAR","DAYLIGHT","DRY","PARKED MOTOR VEHICLE","ONE-WAY","UNABLE TO DETERMINE",41.967198044,-87.73279814
"2399","none",2021-11-16 09:40:00,9,"NOT ON SCENE (DESK REPORT)",2,30,"CLEAR","DAYLIGHT","DRY","PARKED MOTOR VEHICLE","NOT DIVIDED","UNABLE TO DETERMINE",41.908925523,-87.68703765
"2400","none",2021-11-16 09:40:00,9,"NOT ON SCENE (DESK REPORT)",2,30,"UNKNOWN","UNKNOWN","UNKNOWN","SIDESWIPE SAME DIRECTION","NOT DIVIDED","FAILING TO YIELD RIGHT-OF-WAY",41.848994611,-87.642375442
"2401","none",2021-11-16 09:37:00,9,"NOT ON SCENE (DESK REPORT)",2,25,"CLEAR","DAYLIGHT","DRY","SIDESWIPE SAME DIRECTION","NOT DIVIDED","UNABLE TO DETERMINE",41.866139766,-87.735165257
"2402","none",2021-11-16 09:30:00,9,"NOT ON SCENE (DESK REPORT)",2,20,"CLEAR","DAYLIGHT","DRY","PARKED MOTOR VEHICLE","NOT DIVIDED","UNABLE TO DETERMINE",41.920821519,-87.717962929
"2403","none",2021-11-16 09:30:00,9,"NOT ON SCENE (DESK REPORT)",2,50,"CLEAR","DAYLIGHT","DRY","REAR END","DIVIDED - W/MEDIAN BARRIER","UNABLE TO DETERMINE",41.893392283,-87.614977884
"2404","none",2021-11-16 09:30:00,9,"ON SCENE",2,30,"CLEAR","DAYLIGHT","DRY","PARKED MOTOR VEHICLE","NOT DIVIDED","DRIVING SKILLS/KNOWLEDGE/EXPERIENCE",41.922875152,-87.80453333
"2405","none",2021-11-16 09:30:00,9,"NOT ON SCENE (DESK REPORT)",2,30,"CLEAR","DAYLIGHT","DRY","PARKED MOTOR VEHICLE","ONE-WAY","UNABLE TO DETERMINE",41.842750418,-87.7087065
"2406","none",2021-11-16 09:30:00,9,"UNKNOWN",2,35,"CLEAR","DAYLIGHT","DRY","SIDESWIPE SAME DIRECTION","DIVIDED - W/MEDIAN (NOT RAISED)","IMPROPER OVERTAKING/PASSING",41.768638853,-87.650508696
"2407","none",2021-11-16 09:30:00,9,"NOT ON SCENE (DESK REPORT)",2,0,"CLEAR","DAYLIGHT","DRY","REAR TO FRONT","DIVIDED - W/MEDIAN BARRIER","UNABLE TO DETERMINE",41.768848159,-87.586486738
"2408","none",2021-11-16 09:26:00,9,"NOT ON SCENE (DESK REPORT)",2,30,"CLEAR","DAYLIGHT","DRY","TURNING","ONE-WAY","FAILING TO YIELD RIGHT-OF-WAY",41.883335929,-87.626372755
"2409","injuries",2021-11-16 09:19:00,9,"ON SCENE",2,15,"CLEAR","DAYLIGHT","DRY","PARKED MOTOR VEHICLE","PARKING LOT","DRIVING SKILLS/KNOWLEDGE/EXPERIENCE",41.960731356,-87.713276134
"2410","none",2021-11-16 09:17:00,9,"NOT ON SCENE (DESK REPORT)",3,30,"CLEAR","DAYLIGHT","DRY","REAR END","NOT DIVIDED","UNABLE TO DETERMINE",41.886889918,-87.755157753
"2411","none",2021-11-16 09:15:00,9,"ON SCENE",2,30,"CLEAR","DAYLIGHT","DRY","TURNING","NOT DIVIDED","IMPROPER TURNING/NO SIGNAL",41.871153483,-87.75485766
"2412","none",2021-11-16 09:11:00,9,"ON SCENE",1,30,"CLEAR","DAYLIGHT","DRY","FIXED OBJECT","NOT DIVIDED","DISTRACTION - FROM OUTSIDE VEHICLE",41.938677966,-87.749900946
"2413","none",2021-11-16 09:00:00,9,"NOT ON SCENE (DESK REPORT)",2,25,"CLEAR","DAYLIGHT","DRY","PARKED MOTOR VEHICLE","ONE-WAY","UNABLE TO DETERMINE",41.89403517,-87.770259889
"2414","none",2021-11-16 09:00:00,9,"NOT ON SCENE (DESK REPORT)",2,30,"CLEAR","DAYLIGHT","DRY","REAR END","NOT DIVIDED","UNABLE TO DETERMINE",41.717937958,-87.643055753
"2415","none",2021-11-16 09:00:00,9,"NOT ON SCENE (DESK REPORT)",2,30,"CLEAR","DAYLIGHT","UNKNOWN","REAR END","DIVIDED - W/MEDIAN (NOT RAISED)","UNABLE TO DETERMINE",41.794413092,-87.645041137
"2416","none",2021-11-16 09:00:00,9,"NOT ON SCENE (DESK REPORT)",2,25,"UNKNOWN","DAYLIGHT","UNKNOWN","PARKED MOTOR VEHICLE","ONE-WAY","NOT APPLICABLE",41.895549045,-87.661240654
"2417","none",2021-11-16 08:58:00,8,"NOT ON SCENE (DESK REPORT)",2,30,"CLEAR","DAYLIGHT","DRY","REAR END","NOT DIVIDED","FOLLOWING TOO CLOSELY",41.929079914,-87.785494191
"2418","none",2021-11-16 08:57:00,8,"ON SCENE",1,10,"CLEAR","DAYLIGHT","DRY","FIXED OBJECT","OTHER","UNABLE TO DETERMINE",41.845713865,-87.666041662
"2419","none",2021-11-16 08:51:00,8,"ON SCENE",3,30,"CLEAR","DAYLIGHT","DRY","REAR END","T-INTERSECTION","UNABLE TO DETERMINE",41.827078004,-87.645873944
"2420","none",2021-11-16 08:50:00,8,"ON SCENE",2,30,"CLEAR","DAYLIGHT","DRY","TURNING","FOUR WAY","IMPROPER LANE USAGE",41.960621894,-87.747378129
"2421","none",2021-11-16 08:45:00,8,"NOT ON SCENE (DESK REPORT)",2,20,"CLEAR","DAYLIGHT","DRY","TURNING","DIVIDED - W/MEDIAN (NOT RAISED)","UNABLE TO DETERMINE",41.872643242,-87.676270344
"2422","none",2021-11-16 08:40:00,8,"ON SCENE",2,15,"CLEAR","DAYLIGHT","DRY","PARKED MOTOR VEHICLE","ALLEY","UNABLE TO DETERMINE",41.737116089,-87.55157144
"2423","none",2021-11-16 08:40:00,8,"ON SCENE",2,30,"CLEAR","DAYLIGHT","DRY","REAR END","NOT DIVIDED","FOLLOWING TOO CLOSELY",41.823397284,-87.641938516
"2424","none",2021-11-16 08:37:00,8,"NOT ON SCENE (DESK REPORT)",2,30,"CLEAR","DAYLIGHT","DRY","TURNING","ONE-WAY","FAILING TO YIELD RIGHT-OF-WAY",41.883330907,-87.62603979
"2425","none",2021-11-16 08:36:00,8,"NOT ON SCENE (DESK REPORT)",2,40,"CLEAR","DAYLIGHT","DRY","TURNING","FOUR WAY","IMPROPER LANE USAGE",41.876682841,-87.638013455
"2426","none",2021-11-16 08:31:00,8,"NOT ON SCENE (DESK REPORT)",2,25,"CLEAR","DAYLIGHT","DRY","ANGLE","NOT DIVIDED","FAILING TO YIELD RIGHT-OF-WAY",41.997565245,-87.705590478
"2427","none",2021-11-16 08:30:00,8,"NOT ON SCENE (DESK REPORT)",2,45,"CLEAR","DAWN","DRY","REAR END","DIVIDED - W/MEDIAN BARRIER","NOT APPLICABLE",41.894266545,-87.615299112
"2428","none",2021-11-16 08:30:00,8,"NOT ON SCENE (DESK REPORT)",2,35,"CLEAR","DAYLIGHT","DRY","REAR END","NOT DIVIDED","IMPROPER OVERTAKING/PASSING",41.84388702,-87.62858629
"2429","none",2021-11-16 08:30:00,8,"NOT ON SCENE (DESK REPORT)",2,30,"CLEAR","DAYLIGHT","DRY","PARKED MOTOR VEHICLE","NOT DIVIDED","UNABLE TO DETERMINE",41.763782499,-87.702942275
"2430","none",2021-11-16 08:30:00,8,"NOT ON SCENE (DESK REPORT)",2,30,"CLEAR","DAYLIGHT","DRY","REAR END","NOT DIVIDED","FOLLOWING TOO CLOSELY",41.793153227,-87.741893321
"2431","none",2021-11-16 08:30:00,8,"NOT ON SCENE (DESK REPORT)",2,30,"UNKNOWN","UNKNOWN","UNKNOWN","TURNING","NOT DIVIDED","UNABLE TO DETERMINE",41.803046146,-87.722006734
"2432","none",2021-11-16 08:30:00,8,"UNKNOWN",2,30,"CLEAR","DAYLIGHT","DRY","ANGLE","FOUR WAY","UNABLE TO DETERMINE",41.887531962,-87.701240788
"2433","none",2021-11-16 08:30:00,8,"NOT ON SCENE (DESK REPORT)",1,15,"CLEAR","DAYLIGHT","DRY","FIXED OBJECT","ALLEY","IMPROPER BACKING",41.873089763,-87.742682672
"2434","injuries",2021-11-16 08:30:00,8,"ON SCENE",2,30,"CLEAR","DAYLIGHT","DRY","SIDESWIPE SAME DIRECTION","DIVIDED - W/MEDIAN BARRIER","IMPROPER OVERTAKING/PASSING",41.818066096,-87.683980652
"2435","injuries",2021-11-16 08:30:00,8,"ON SCENE",2,30,"CLEAR","DAYLIGHT","DRY","TURNING","NOT DIVIDED","FOLLOWING TOO CLOSELY",41.830201332,-87.694535236
"2436","none",2021-11-16 08:30:00,8,"NOT ON SCENE (DESK REPORT)",2,30,"CLEAR","DAYLIGHT","DRY","TURNING","ONE-WAY","UNABLE TO DETERMINE",41.883334279,-87.625050135
"2437","none",2021-11-16 08:30:00,8,"NOT ON SCENE (DESK REPORT)",2,15,"CLEAR","DAYLIGHT","DRY","PARKED MOTOR VEHICLE","PARKING LOT","UNABLE TO DETERMINE",41.779658831,-87.643606731
"2438","injuries",2021-11-16 08:28:00,8,"ON SCENE",3,30,"CLEAR","DAYLIGHT","DRY","REAR END","NOT DIVIDED","NOT APPLICABLE",41.779870152,-87.605771807
"2439","none",2021-11-16 08:20:00,8,"NOT ON SCENE (DESK REPORT)",2,30,"SNOW","DAYLIGHT","DRY","REAR END","DIVIDED - W/MEDIAN BARRIER","FOLLOWING TOO CLOSELY",41.907773343,-87.633194948
"2440","none",2021-11-16 08:20:00,8,"NOT ON SCENE (DESK REPORT)",2,30,"CLEAR","DAYLIGHT","DRY","SIDESWIPE SAME DIRECTION","NOT DIVIDED","UNABLE TO DETERMINE",41.75765656,-87.644370057
"2441","none",2021-11-16 08:15:00,8,"NOT ON SCENE (DESK REPORT)",2,30,"CLEAR","DAYLIGHT","DRY","REAR END","NOT DIVIDED","UNABLE TO DETERMINE",41.981065977,-87.728238377
"2442","injuries",2021-11-16 08:10:00,8,"ON SCENE",2,30,"CLEAR","DAYLIGHT","DRY","REAR END","NOT DIVIDED","UNABLE TO DETERMINE",41.886097114,-87.738776371
"2443","none",2021-11-16 08:08:00,8,"ON SCENE",2,30,"CLEAR","DAYLIGHT","DRY","TURNING","DIVIDED - W/MEDIAN (NOT RAISED)","FAILING TO YIELD RIGHT-OF-WAY",41.975759799,-87.717286939
"2444","none",2021-11-16 08:00:00,8,"NOT ON SCENE (DESK REPORT)",2,35,"CLEAR","DAYLIGHT","DRY","PARKED MOTOR VEHICLE","PARKING LOT","DRIVING SKILLS/KNOWLEDGE/EXPERIENCE",41.797306533,-87.582098564
"2445","injuries",2021-11-16 08:00:00,8,"NOT ON SCENE (DESK REPORT)",2,30,"CLOUDY/OVERCAST","DAYLIGHT","DRY","ANGLE","NOT DIVIDED","FAILING TO YIELD RIGHT-OF-WAY",41.997646941,-87.660640372
"2446","none",2021-11-16 08:00:00,8,"NOT ON SCENE (DESK REPORT)",2,30,"CLEAR","DAYLIGHT","DRY","ANGLE","DIVIDED - W/MEDIAN (NOT RAISED)","FAILING TO REDUCE SPEED TO AVOID CRASH",41.85017185,-87.685439872
"2447","none",2021-11-16 07:59:00,7,"NOT ON SCENE (DESK REPORT)",2,10,"CLEAR","DAYLIGHT","DRY","PARKED MOTOR VEHICLE","PARKING LOT","UNABLE TO DETERMINE",41.912333208,-87.645749603
"2448","none",2021-11-16 07:55:00,7,"NOT ON SCENE (DESK REPORT)",2,30,"CLOUDY/OVERCAST","DAYLIGHT","DRY","ANGLE","FOUR WAY","UNABLE TO DETERMINE",41.847577708,-87.734384345
"2449","none",2021-11-16 07:49:00,7,"NOT ON SCENE (DESK REPORT)",2,20,"CLEAR","DAYLIGHT","DRY","PARKED MOTOR VEHICLE","ONE-WAY","FAILING TO REDUCE SPEED TO AVOID CRASH",41.736223148,-87.568276907
"2450","none",2021-11-16 07:47:00,7,"ON SCENE",2,25,"CLEAR","DAYLIGHT","DRY","PARKED MOTOR VEHICLE","ONE-WAY","DISTRACTION - FROM INSIDE VEHICLE",41.952825093,-87.715480846
"2451","none",2021-11-16 07:45:00,7,"ON SCENE",2,30,"CLEAR","DAYLIGHT","DRY","ANGLE","T-INTERSECTION","IMPROPER OVERTAKING/PASSING",41.841110175,-87.685425545
"2452","none",2021-11-16 07:41:00,7,"ON SCENE",2,10,"CLEAR","DAYLIGHT","DRY","PARKED MOTOR VEHICLE","OTHER","UNABLE TO DETERMINE",41.837786926,-87.699792621
"2453","none",2021-11-16 07:40:00,7,"ON SCENE",3,30,"CLEAR","DAYLIGHT","DRY","REAR END","NOT DIVIDED","FOLLOWING TOO CLOSELY",41.877427214,-87.707323556
"2454","none",2021-11-16 07:35:00,7,"ON SCENE",2,30,"CLEAR","DAYLIGHT","DRY","SIDESWIPE SAME DIRECTION","DIVIDED - W/MEDIAN BARRIER","IMPROPER OVERTAKING/PASSING",41.909081502,-87.798855793
"2455","none",2021-11-16 07:30:00,7,"NOT ON SCENE (DESK REPORT)",2,30,"CLEAR","DAYLIGHT","DRY","ANGLE","NOT DIVIDED","FAILING TO YIELD RIGHT-OF-WAY",42.007015806,-87.681161833
"2456","injuries",2021-11-16 07:30:00,7,"NOT ON SCENE (DESK REPORT)",3,40,"CLEAR","DAYLIGHT","WET","REAR END","DIVIDED - W/MEDIAN BARRIER","FOLLOWING TOO CLOSELY",41.942298218,-87.639870964
"2457","none",2021-11-16 07:20:00,7,"NOT ON SCENE (DESK REPORT)",2,30,"CLEAR","DAYLIGHT","DRY","REAR TO FRONT","NOT DIVIDED","NOT APPLICABLE",41.874211055,-87.735387089
"2458","injuries",2021-11-16 07:15:00,7,"NOT ON SCENE (DESK REPORT)",2,30,"CLEAR","DAYLIGHT","DRY","REAR END","NOT DIVIDED","FOLLOWING TOO CLOSELY",41.920588769,-87.70721953
"2459","none",2021-11-16 07:15:00,7,"ON SCENE",2,25,"CLEAR","DAYLIGHT","DRY","SIDESWIPE OPPOSITE DIRECTION","NOT DIVIDED","FAILING TO YIELD RIGHT-OF-WAY",41.781598251,-87.762663087
"2460","none",2021-11-16 07:10:00,7,"NOT ON SCENE (DESK REPORT)",2,40,"CLEAR","DAYLIGHT","DRY","REAR END","DIVIDED - W/MEDIAN BARRIER","FOLLOWING TOO CLOSELY",41.887436408,-87.614282056
"2461","none",2021-11-16 07:05:00,7,"NOT ON SCENE (DESK REPORT)",2,30,"CLEAR","DAYLIGHT","DRY","REAR END","NOT DIVIDED","FOLLOWING TOO CLOSELY",41.793161486,-87.723010527
"2462","none",2021-11-16 06:50:00,6,"NOT ON SCENE (DESK REPORT)",1,15,"CLEAR","DAYLIGHT","DRY","OTHER OBJECT","ALLEY","IMPROPER TURNING/NO SIGNAL",41.699445882,-87.626735156
"2463","none",2021-11-16 06:40:00,6,"NOT ON SCENE (DESK REPORT)",2,30,"CLEAR","DAYLIGHT","UNKNOWN","PARKED MOTOR VEHICLE","ONE-WAY","IMPROPER OVERTAKING/PASSING",41.852372938,-87.732365047
"2464","none",2021-11-16 06:05:00,6,"NOT ON SCENE (DESK REPORT)",2,30,"CLEAR","DAYLIGHT","DRY","SIDESWIPE SAME DIRECTION","NOT DIVIDED","UNABLE TO DETERMINE",41.765756463,-87.61840179
"2465","none",2021-11-16 05:38:00,5,"NOT ON SCENE (DESK REPORT)",2,25,"CLEAR","DAYLIGHT","DRY","PARKED MOTOR VEHICLE","ONE-WAY","UNABLE TO DETERMINE",41.871884352,-87.693875996
"2466","none",2021-11-16 05:30:00,5,"ON SCENE",2,30,"CLEAR","DARKNESS","DRY","ANGLE","FOUR WAY","UNABLE TO DETERMINE",41.72803366,-87.561016588
"2467","none",2021-11-16 05:15:00,5,"NOT ON SCENE (DESK REPORT)",2,25,"CLEAR","DARKNESS, LIGHTED ROAD","DRY","SIDESWIPE SAME DIRECTION","NOT DIVIDED","IMPROPER OVERTAKING/PASSING",42.005231486,-87.680338132
"2468","injuries",2021-11-16 05:14:00,5,"ON SCENE",2,25,"CLEAR","DARKNESS, LIGHTED ROAD","DRY","PEDESTRIAN","NOT DIVIDED","FAILING TO YIELD RIGHT-OF-WAY",41.776529367,-87.741158383
"2469","none",2021-11-16 05:05:00,5,"NOT ON SCENE (DESK REPORT)",2,30,"CLEAR","DAYLIGHT","DRY","ANGLE","NOT DIVIDED","UNABLE TO DETERMINE",41.837968709,-87.646129211
"2470","injuries",2021-11-16 04:19:00,4,"ON SCENE",3,30,"CLEAR","DARKNESS, LIGHTED ROAD","DRY","SIDESWIPE SAME DIRECTION","NOT DIVIDED","IMPROPER OVERTAKING/PASSING",41.755986564,-87.644265314
"2471","none",2021-11-16 03:56:00,3,"ON SCENE",1,30,"CLEAR","DARKNESS, LIGHTED ROAD","DRY","FIXED OBJECT","NOT DIVIDED","UNDER THE INFLUENCE OF ALCOHOL/DRUGS (USE WHEN ARREST IS EFFECTED)",42.017329368,-87.675320157
"2472","injuries",2021-11-16 03:55:00,3,"ON SCENE",3,30,"CLEAR","DARKNESS, LIGHTED ROAD","DRY","SIDESWIPE SAME DIRECTION","NOT DIVIDED","UNABLE TO DETERMINE",41.751611523,-87.585592284
"2473","injuries",2021-11-16 03:50:00,3,"ON SCENE",1,30,"CLEAR","DARKNESS, LIGHTED ROAD","DRY","FIXED OBJECT","FOUR WAY","UNABLE TO DETERMINE",41.746648016,-87.581891592
"2474","none",2021-11-16 03:14:00,3,"ON SCENE",2,30,"CLEAR","DARKNESS, LIGHTED ROAD","DRY","PARKED MOTOR VEHICLE","NOT DIVIDED","DISTRACTION - FROM OUTSIDE VEHICLE",41.773544144,-87.693395651
"2475","none",2021-11-16 03:00:00,3,"NOT ON SCENE (DESK REPORT)",2,20,"CLEAR","DARKNESS, LIGHTED ROAD","DRY","PARKED MOTOR VEHICLE","ONE-WAY","UNABLE TO DETERMINE",41.842752381,-87.708584564
"2476","none",2021-11-16 02:50:00,2,"ON SCENE",2,30,"CLEAR","DARKNESS, LIGHTED ROAD","DRY","PARKED MOTOR VEHICLE","NOT DIVIDED","UNABLE TO DETERMINE",41.894791431,-87.759270483
"2477","none",2021-11-16 02:45:00,2,"NOT ON SCENE (DESK REPORT)",2,30,"CLEAR","DARKNESS, LIGHTED ROAD","DRY","ANGLE","NOT DIVIDED","FAILING TO YIELD RIGHT-OF-WAY",41.997902579,-87.686293958
"2478","none",2021-11-16 02:30:00,2,"ON SCENE",2,30,"CLEAR","DARKNESS, LIGHTED ROAD","DRY","PARKED MOTOR VEHICLE","DIVIDED - W/MEDIAN (NOT RAISED)","UNABLE TO DETERMINE",41.927553281,-87.697638493