"","injuries","crash_date","crash_hour","report_type","num_units","posted_speed_limit","weather_condition","lighting_condition","roadway_surface_cond","first_crash_type","trafficway_type","prim_contributory_cause","latitude","longitude"
"2479","none",2021-11-16 02:10:00,2,"ON SCENE",2,30,"CLEAR","DARKNESS, LIGHTED ROAD","DRY","PARKED MOTOR VEHICLE","NOT DIVIDED","UNABLE TO DETERMINE",41.908449696,-87.649098637
"2480","none",2021-11-16 01:53:00,1,"ON SCENE",2,30,"CLEAR","DARKNESS, LIGHTED ROAD","DRY","PARKED MOTOR VEHICLE","ONE-WAY","IMPROPER BACKING",41.781544629,-87.61097672
"2481","none",2021-11-16 01:10:00,1,"ON SCENE",3,30,"CLEAR","DARKNESS, LIGHTED ROAD","DRY","PARKED MOTOR VEHICLE","NOT DIVIDED","UNABLE TO DETERMINE",41.895496058,-87.755470307
"2482","none",2021-11-16 00:54:00,0,"NOT ON SCENE (DESK REPORT)",2,25,"CLEAR","DARKNESS, LIGHTED ROAD","UNKNOWN","PARKED MOTOR VEHICLE","NOT DIVIDED","UNABLE TO DETERMINE",41.950398297,-87.706381042
"2483","none",2021-11-16 00:42:00,0,"ON SCENE",1,30,"CLEAR","DARKNESS, LIGHTED ROAD","UNKNOWN","FIXED OBJECT","DIVIDED - W/MEDIAN BARRIER","UNABLE TO DETERMINE",41.734719493,-87.585745035
"2484","injuries",2021-11-16 00:01:00,0,"ON SCENE",2,35,"CLEAR","DARKNESS, LIGHTED ROAD","DRY","ANGLE","FOUR WAY","DISREGARDING TRAFFIC SIGNALS",41.875658543,-87.624404941
"2485","none",2021-11-15 23:35:00,23,"ON SCENE",2,30,"CLEAR","DARKNESS, LIGHTED ROAD","DRY","PARKED MOTOR VEHICLE","ONE-WAY","IMPROPER LANE USAGE",41.747813227,-87.601595171
"2486","injuries",2021-11-15 23:10:00,23,"ON SCENE",2,30,"CLEAR","DARKNESS, LIGHTED ROAD","DRY","SIDESWIPE SAME DIRECTION","NOT DIVIDED","IMPROPER OVERTAKING/PASSING",41.707025693,-87.625723446
"2487","none",2021-11-15 23:00:00,23,"NOT ON SCENE (DESK REPORT)",2,30,"UNKNOWN","DARKNESS, LIGHTED ROAD","UNKNOWN","TURNING","NOT DIVIDED","DRIVING SKILLS/KNOWLEDGE/EXPERIENCE",41.872290744,-87.630465338
"2488","none",2021-11-15 22:35:00,22,"NOT ON SCENE (DESK REPORT)",2,30,"CLEAR","DARKNESS, LIGHTED ROAD","UNKNOWN","REAR END","NOT DIVIDED","DRIVING SKILLS/KNOWLEDGE/EXPERIENCE",41.997382173,-87.788077674
"2489","none",2021-11-15 22:30:00,22,"NOT ON SCENE (DESK REPORT)",2,30,"CLEAR","DARKNESS, LIGHTED ROAD","DRY","REAR END","NOT DIVIDED","FOLLOWING TOO CLOSELY",41.751600186,-87.568016611
"2490","injuries",2021-11-15 21:45:00,21,"ON SCENE",3,30,"CLEAR","DARKNESS, LIGHTED ROAD","DRY","PEDESTRIAN","NOT DIVIDED","UNABLE TO DETERMINE",41.866913348,-87.659270236
"2491","none",2021-11-15 21:30:00,21,"NOT ON SCENE (DESK REPORT)",2,30,"CLEAR","DARKNESS, LIGHTED ROAD","DRY","ANGLE","ONE-WAY","FAILING TO YIELD RIGHT-OF-WAY",41.911143121,-87.761773847
"2492","none",2021-11-15 21:29:00,21,"ON SCENE",2,30,"CLEAR","DARKNESS, LIGHTED ROAD","UNKNOWN","ANGLE","NOT DIVIDED","UNABLE TO DETERMINE",41.875224828,-87.725337005
"2493","none",2021-11-15 21:20:00,21,"ON SCENE",2,30,"CLEAR","DARKNESS, LIGHTED ROAD","DRY","PARKED MOTOR VEHICLE","ONE-WAY","UNABLE TO DETERMINE",41.94860989,-87.758576552
"2494","none",2021-11-15 20:47:00,20,"ON SCENE",2,35,"CLEAR","DARKNESS, LIGHTED ROAD","DRY","PARKED MOTOR VEHICLE","ONE-WAY","DRIVING SKILLS/KNOWLEDGE/EXPERIENCE",41.810440487,-87.604539332
"2495","injuries",2021-11-15 20:43:00,20,"UNKNOWN",2,30,"CLEAR","DARKNESS, LIGHTED ROAD","DRY","SIDESWIPE SAME DIRECTION","FOUR WAY","UNABLE TO DETERMINE",41.867143979,-87.639133265
"2496","none",2021-11-15 20:35:00,20,"UNKNOWN",3,30,"CLEAR","DARKNESS","DRY","SIDESWIPE SAME DIRECTION","NOT DIVIDED","IMPROPER OVERTAKING/PASSING",41.975562123,-87.777493871
"2497","none",2021-11-15 20:34:00,20,"NOT ON SCENE (DESK REPORT)",2,30,"UNKNOWN","DARKNESS, LIGHTED ROAD","UNKNOWN","PARKED MOTOR VEHICLE","OTHER","UNABLE TO DETERMINE",41.890761502,-87.657525987
"2498","none",2021-11-15 20:30:00,20,"NOT ON SCENE (DESK REPORT)",2,30,"CLEAR","DARKNESS, LIGHTED ROAD","DRY","TURNING","FOUR WAY","FAILING TO YIELD RIGHT-OF-WAY",41.751716559,-87.575923074
"2499","none",2021-11-15 20:30:00,20,"NOT ON SCENE (DESK REPORT)",2,30,"CLEAR","DARKNESS","DRY","PARKED MOTOR VEHICLE","NOT DIVIDED","UNABLE TO DETERMINE",41.749637862,-87.598676767
"2500","none",2021-11-15 20:14:00,20,"ON SCENE",2,25,"CLEAR","DARKNESS, LIGHTED ROAD","DRY","PARKED MOTOR VEHICLE","NOT DIVIDED","NOT APPLICABLE",41.760502941,-87.583717199
"2501","none",2021-11-15 20:09:00,20,"ON SCENE",2,10,"CLEAR","DARKNESS, LIGHTED ROAD","DRY","REAR END","PARKING LOT","FAILING TO YIELD RIGHT-OF-WAY",41.86714316,-87.639293174
"2502","none",2021-11-15 20:00:00,20,"NOT ON SCENE (DESK REPORT)",2,30,"CLEAR","DARKNESS, LIGHTED ROAD","DRY","ANGLE","DIVIDED - W/MEDIAN (NOT RAISED)","DISREGARDING TRAFFIC SIGNALS",41.785783731,-87.606184702
"2503","none",2021-11-15 20:00:00,20,"NOT ON SCENE (DESK REPORT)",2,30,"CLEAR","DARKNESS","DRY","PARKED MOTOR VEHICLE","ONE-WAY","UNABLE TO DETERMINE",41.755147004,-87.645224612
"2504","none",2021-11-15 19:58:00,19,"NOT ON SCENE (DESK REPORT)",2,30,"UNKNOWN","DARKNESS, LIGHTED ROAD","UNKNOWN","REAR TO REAR","DIVIDED - W/MEDIAN (NOT RAISED)","UNABLE TO DETERMINE",41.869308408,-87.656592165
"2505","none",2021-11-15 19:55:00,19,"NOT ON SCENE (DESK REPORT)",2,30,"CLEAR","DARKNESS, LIGHTED ROAD","DRY","PARKED MOTOR VEHICLE","NOT DIVIDED","FAILING TO REDUCE SPEED TO AVOID CRASH",41.914423714,-87.654627843
"2506","none",2021-11-15 19:50:00,19,"NOT ON SCENE (DESK REPORT)",2,30,"CLEAR","DARKNESS, LIGHTED ROAD","DRY","REAR TO FRONT","NOT DIVIDED","IMPROPER BACKING",41.93837078,-87.746722545
"2507","none",2021-11-15 19:42:00,19,"ON SCENE",2,30,"CLEAR","DARKNESS, LIGHTED ROAD","UNKNOWN","REAR END","NOT DIVIDED","DISTRACTION - OTHER ELECTRONIC DEVICE (NAVIGATION DEVICE, DVD PLAYER, ETC.)",41.88339231,-87.725893439
"2508","none",2021-11-15 19:31:00,19,"NOT ON SCENE (DESK REPORT)",2,10,"CLEAR","DARKNESS, LIGHTED ROAD","DRY","ANGLE","PARKING LOT","IMPROPER BACKING",41.796234875,-87.630404924
"2509","none",2021-11-15 19:30:00,19,"NOT ON SCENE (DESK REPORT)",2,30,"CLEAR","DARKNESS, LIGHTED ROAD","DRY","ANGLE","FOUR WAY","FAILING TO YIELD RIGHT-OF-WAY",41.889833923,-87.676999724
"2510","none",2021-11-15 19:30:00,19,"NOT ON SCENE (DESK REPORT)",2,30,"CLEAR","DARKNESS, LIGHTED ROAD","DRY","TURNING","NOT DIVIDED","UNABLE TO DETERMINE",41.74298409,-87.663396555
"2511","injuries",2021-11-15 19:16:00,19,"ON SCENE",2,30,"CLEAR","DARKNESS, LIGHTED ROAD","DRY","SIDESWIPE SAME DIRECTION","NOT DIVIDED","FAILING TO YIELD RIGHT-OF-WAY",41.73466875,-87.739580882
"2512","none",2021-11-15 19:05:00,19,"NOT ON SCENE (DESK REPORT)",2,30,"CLEAR","DARKNESS","DRY","SIDESWIPE SAME DIRECTION","DIVIDED - W/MEDIAN (NOT RAISED)","IMPROPER LANE USAGE",41.953487191,-87.732459136
"2513","none",2021-11-15 19:05:00,19,"ON SCENE",1,30,"CLEAR","DARKNESS","WET","FIXED OBJECT","NOT DIVIDED","OPERATING VEHICLE IN ERRATIC, RECKLESS, CARELESS, NEGLIGENT OR AGGRESSIVE MANNER",41.75877663,-87.595530814
"2514","none",2021-11-15 19:05:00,19,"ON SCENE",2,30,"CLEAR","DARKNESS, LIGHTED ROAD","DRY","REAR END","NOT DIVIDED","FOLLOWING TOO CLOSELY",41.775955689,-87.722837751
"2515","injuries",2021-11-15 19:02:00,19,"ON SCENE",2,30,"CLEAR","DARKNESS, LIGHTED ROAD","DRY","PEDESTRIAN","CENTER TURN LANE","FAILING TO REDUCE SPEED TO AVOID CRASH",41.755926794,-87.654025215
"2516","none",2021-11-15 19:00:00,19,"NOT ON SCENE (DESK REPORT)",1,35,"CLEAR","DARKNESS, LIGHTED ROAD","DRY","OTHER OBJECT","T-INTERSECTION","UNABLE TO DETERMINE",41.679841443,-87.63265557
"2517","none",2021-11-15 19:00:00,19,"NOT ON SCENE (DESK REPORT)",2,30,"CLOUDY/OVERCAST","DARKNESS","UNKNOWN","TURNING","FOUR WAY","UNABLE TO DETERMINE",41.932488041,-87.746779366
"2518","none",2021-11-15 18:55:00,18,"NOT ON SCENE (DESK REPORT)",2,30,"CLEAR","DARKNESS, LIGHTED ROAD","DRY","REAR END","NOT DIVIDED","UNABLE TO DETERMINE",41.968206931,-87.741318003
"2519","none",2021-11-15 18:55:00,18,"NOT ON SCENE (DESK REPORT)",2,30,"CLEAR","DAYLIGHT","DRY","REAR END","NOT DIVIDED","FOLLOWING TOO CLOSELY",41.929193418,-87.648827752
"2520","none",2021-11-15 18:43:00,18,"ON SCENE",2,30,"CLEAR","DARKNESS, LIGHTED ROAD","DRY","SIDESWIPE OPPOSITE DIRECTION","NOT DIVIDED","FOLLOWING TOO CLOSELY",41.939504195,-87.697481492
"2521","none",2021-11-15 18:33:00,18,"NOT ON SCENE (DESK REPORT)",2,30,"CLEAR","DARKNESS","DRY","TURNING","NOT DIVIDED","UNABLE TO DETERMINE",41.744083767,-87.586093434
"2522","none",2021-11-15 18:30:00,18,"NOT ON SCENE (DESK REPORT)",2,30,"CLEAR","DARKNESS, LIGHTED ROAD","UNKNOWN","REAR END","NOT DIVIDED","UNABLE TO DETERMINE",41.721731492,-87.619151703
"2523","injuries",2021-11-15 18:24:00,18,"ON SCENE",2,30,"CLEAR","DARKNESS, LIGHTED ROAD","DRY","PEDALCYCLIST","DIVIDED - W/MEDIAN (NOT RAISED)","UNABLE TO DETERMINE",41.925501416,-87.701354947
"2524","injuries",2021-11-15 18:20:00,18,"ON SCENE",2,30,"CLEAR","DARKNESS, LIGHTED ROAD","DRY","PEDESTRIAN","ONE-WAY","UNABLE TO DETERMINE",41.876085791,-87.67833993
"2525","injuries",2021-11-15 18:20:00,18,"ON SCENE",2,30,"CLEAR","DARKNESS, LIGHTED ROAD","DRY","PARKED MOTOR VEHICLE","DIVIDED - W/MEDIAN (NOT RAISED)","EQUIPMENT - VEHICLE CONDITION",41.747381247,-87.612823074
"2526","none",2021-11-15 18:18:00,18,"NOT ON SCENE (DESK REPORT)",2,30,"UNKNOWN","UNKNOWN","UNKNOWN","SIDESWIPE SAME DIRECTION","NOT DIVIDED","UNABLE TO DETERMINE",41.896814039,-87.626277823
"2527","none",2021-11-15 18:15:00,18,"NOT ON SCENE (DESK REPORT)",2,30,"CLEAR","DARKNESS","DRY","TURNING","NOT DIVIDED","UNABLE TO DETERMINE",41.876646841,-87.640695119
"2528","none",2021-11-15 18:15:00,18,"NOT ON SCENE (DESK REPORT)",2,30,"CLEAR","DARKNESS, LIGHTED ROAD","DRY","ANGLE","DIVIDED - W/MEDIAN (NOT RAISED)","UNABLE TO DETERMINE",41.882257402,-87.771931082
"2529","none",2021-11-15 18:15:00,18,"NOT ON SCENE (DESK REPORT)",2,30,"CLEAR","DARKNESS, LIGHTED ROAD","DRY","REAR END","NOT DIVIDED","FAILING TO REDUCE SPEED TO AVOID CRASH",41.717537435,-87.64325162
"2530","none",2021-11-15 18:15:00,18,"ON SCENE",3,30,"CLEAR","DARKNESS","DRY","REAR END","DIVIDED - W/MEDIAN (NOT RAISED)","UNABLE TO DETERMINE",41.768800973,-87.654276714
"2531","injuries",2021-11-15 18:10:00,18,"ON SCENE",2,30,"CLEAR","DARKNESS, LIGHTED ROAD","DRY","TURNING","NOT DIVIDED","UNABLE TO DETERMINE",41.706282332,-87.681763595
"2532","none",2021-11-15 18:10:00,18,"NOT ON SCENE (DESK REPORT)",2,30,"CLEAR","DARKNESS, LIGHTED ROAD","DRY","REAR END","NOT DIVIDED","FOLLOWING TOO CLOSELY",41.779332203,-87.686155912
"2533","none",2021-11-15 18:05:00,18,"ON SCENE",2,30,"CLEAR","DARKNESS, LIGHTED ROAD","DRY","REAR END","DIVIDED - W/MEDIAN BARRIER","FAILING TO REDUCE SPEED TO AVOID CRASH",41.818178097,-87.743611856
"2534","none",2021-11-15 18:00:00,18,"UNKNOWN",3,35,"CLEAR","DARKNESS, LIGHTED ROAD","DRY","REAR END","DIVIDED - W/MEDIAN BARRIER","FOLLOWING TOO CLOSELY",41.734357626,-87.662879572
"2535","none",2021-11-15 18:00:00,18,"NOT ON SCENE (DESK REPORT)",2,35,"CLEAR","DARKNESS","DRY","REAR END","NOT DIVIDED","UNABLE TO DETERMINE",41.975455379,-87.747602775
"2536","none",2021-11-15 17:48:00,17,"ON SCENE",2,30,"CLEAR","DARKNESS, LIGHTED ROAD","DRY","HEAD ON","ONE-WAY","IMPROPER BACKING",41.747109167,-87.61345928
"2537","none",2021-11-15 17:35:00,17,"NOT ON SCENE (DESK REPORT)",2,30,"RAIN","DAWN","WET","ANGLE","NOT DIVIDED","FAILING TO YIELD RIGHT-OF-WAY",41.939173093,-87.729523427
"2538","none",2021-11-15 17:30:00,17,"NOT ON SCENE (DESK REPORT)",2,30,"CLEAR","DARKNESS","DRY","SIDESWIPE SAME DIRECTION","NOT DIVIDED","NOT APPLICABLE",41.792325836,-87.723279535
"2539","injuries",2021-11-15 17:30:00,17,"ON SCENE",2,30,"CLEAR","DARKNESS, LIGHTED ROAD","DRY","PEDESTRIAN","NOT DIVIDED","UNABLE TO DETERMINE",41.983025772,-87.68929567
"2540","none",2021-11-15 17:30:00,17,"NOT ON SCENE (DESK REPORT)",2,30,"CLEAR","DARKNESS, LIGHTED ROAD","DRY","PARKED MOTOR VEHICLE","NOT DIVIDED","NOT APPLICABLE",41.873751277,-87.695952382
"2541","none",2021-11-15 17:28:00,17,"ON SCENE",2,30,"CLEAR","DARKNESS, LIGHTED ROAD","DRY","SIDESWIPE SAME DIRECTION","NOT DIVIDED","UNABLE TO DETERMINE",41.867656139,-87.624264126
"2542","none",2021-11-15 17:22:00,17,"ON SCENE",2,30,"CLEAR","DARKNESS, LIGHTED ROAD","DRY","REAR END","DIVIDED - W/MEDIAN BARRIER","FAILING TO REDUCE SPEED TO AVOID CRASH",41.781382517,-87.664410895
"2543","none",2021-11-15 17:20:00,17,"NOT ON SCENE (DESK REPORT)",2,30,"CLEAR","DAYLIGHT","DRY","PARKED MOTOR VEHICLE","NOT DIVIDED","UNABLE TO DETERMINE",41.789672793,-87.724326334
"2544","injuries",2021-11-15 17:16:00,17,"ON SCENE",2,30,"CLEAR","DARKNESS","DRY","ANGLE","FOUR WAY","UNABLE TO DETERMINE",41.685169217,-87.627833794
"2545","none",2021-11-15 17:11:00,17,"ON SCENE",2,30,"CLEAR","DARKNESS, LIGHTED ROAD","WET","PARKED MOTOR VEHICLE","NOT DIVIDED","FAILING TO YIELD RIGHT-OF-WAY",41.924546203,-87.730902207
"2546","none",2021-11-15 17:05:00,17,"ON SCENE",3,30,"CLEAR","DARKNESS, LIGHTED ROAD","DRY","REAR END","NOT DIVIDED","FAILING TO REDUCE SPEED TO AVOID CRASH",41.899171123,-87.726050309
"2547","none",2021-11-15 17:04:00,17,"ON SCENE",2,30,"CLEAR","DARKNESS, LIGHTED ROAD","DRY","REAR END","T-INTERSECTION","UNABLE TO DETERMINE",41.808121691,-87.69707375
"2548","none",2021-11-15 17:00:00,17,"NOT ON SCENE (DESK REPORT)",2,30,"CLOUDY/OVERCAST","DARKNESS, LIGHTED ROAD","WET","SIDESWIPE SAME DIRECTION","NOT DIVIDED","IMPROPER OVERTAKING/PASSING",41.938260286,-87.766341466
"2549","none",2021-11-15 17:00:00,17,"NOT ON SCENE (DESK REPORT)",2,30,"CLEAR","DARKNESS, LIGHTED ROAD","DRY","TURNING","FOUR WAY","FAILING TO YIELD RIGHT-OF-WAY",41.939052871,-87.738409239
"2550","none",2021-11-15 17:00:00,17,"ON SCENE",2,30,"CLEAR","DARKNESS, LIGHTED ROAD","DRY","TURNING","DIVIDED - W/MEDIAN (NOT RAISED)","FAILING TO YIELD RIGHT-OF-WAY",41.895183432,-87.672267299
"2551","none",2021-11-15 17:00:00,17,"NOT ON SCENE (DESK REPORT)",2,30,"CLEAR","DARKNESS, LIGHTED ROAD","DRY","SIDESWIPE SAME DIRECTION","ONE-WAY","FAILING TO YIELD RIGHT-OF-WAY",41.796874663,-87.705950112
"2552","injuries",2021-11-15 16:59:00,16,"ON SCENE",2,30,"CLEAR","DARKNESS, LIGHTED ROAD","WET","PEDESTRIAN","DIVIDED - W/MEDIAN (NOT RAISED)","FAILING TO YIELD RIGHT-OF-WAY",41.858010616,-87.622256271
"2553","none",2021-11-15 16:50:00,16,"NOT ON SCENE (DESK REPORT)",2,30,"UNKNOWN","UNKNOWN","UNKNOWN","REAR END","DIVIDED - W/MEDIAN (NOT RAISED)","UNABLE TO DETERMINE",42.003491951,-87.660961379
"2554","none",2021-11-15 16:48:00,16,"NOT ON SCENE (DESK REPORT)",2,30,"CLEAR","DAYLIGHT","WET","REAR END","DIVIDED - W/MEDIAN (NOT RAISED)","FOLLOWING TOO CLOSELY",41.763791761,-87.615393616
"2555","none",2021-11-15 16:40:00,16,"NOT ON SCENE (DESK REPORT)",2,35,"CLEAR","DAYLIGHT","DRY","REAR END","DIVIDED - W/MEDIAN (NOT RAISED)","FOLLOWING TOO CLOSELY",41.751962093,-87.673327992
"2556","none",2021-11-15 16:36:00,16,"NOT ON SCENE (DESK REPORT)",2,25,"CLEAR","DAYLIGHT","DRY","TURNING","DIVIDED - W/MEDIAN (NOT RAISED)","FOLLOWING TOO CLOSELY",41.743421296,-87.632525853
"2557","none",2021-11-15 16:30:00,16,"NOT ON SCENE (DESK REPORT)",2,15,"UNKNOWN","DUSK","UNKNOWN","PARKED MOTOR VEHICLE","PARKING LOT","IMPROPER BACKING",41.945889176,-87.757041123
"2558","none",2021-11-15 16:25:00,16,"ON SCENE",2,30,"CLEAR","DAYLIGHT","DRY","SIDESWIPE SAME DIRECTION","NOT DIVIDED","FAILING TO YIELD RIGHT-OF-WAY",41.895570732,-87.726234459
"2559","none",2021-11-15 16:25:00,16,"ON SCENE",1,30,"CLEAR","DAYLIGHT","DRY","FIXED OBJECT","NOT DIVIDED","UNABLE TO DETERMINE",41.685373078,-87.627633561
"2560","none",2021-11-15 16:23:00,16,"ON SCENE",2,30,"CLEAR","DARKNESS, LIGHTED ROAD","DRY","REAR END","ONE-WAY","IMPROPER LANE USAGE",41.809161352,-87.621355246
"2561","none",2021-11-15 16:15:00,16,"ON SCENE",2,30,"CLEAR","DARKNESS, LIGHTED ROAD","DRY","ANGLE","NOT DIVIDED","UNABLE TO DETERMINE",41.79542276,-87.693992356
"2562","injuries",2021-11-15 16:15:00,16,"ON SCENE",2,30,"CLEAR","DAYLIGHT","DRY","TURNING","FOUR WAY","FAILING TO REDUCE SPEED TO AVOID CRASH",42.012467161,-87.678058099
"2563","none",2021-11-15 16:15:00,16,"ON SCENE",2,30,"CLEAR","DAYLIGHT","DRY","SIDESWIPE SAME DIRECTION","NOT DIVIDED","IMPROPER OVERTAKING/PASSING",41.9944866,-87.670298059
"2564","none",2021-11-15 16:10:00,16,"NOT ON SCENE (DESK REPORT)",2,30,"CLEAR","DUSK","DRY","REAR END","DIVIDED - W/MEDIAN BARRIER","UNABLE TO DETERMINE",41.751460603,-87.585971993
"2565","injuries",2021-11-15 16:07:00,16,"ON SCENE",2,30,"CLEAR","DAYLIGHT","DRY","HEAD ON","NOT DIVIDED","FAILING TO REDUCE SPEED TO AVOID CRASH",41.753901516,-87.663670333
"2566","none",2021-11-15 16:04:00,16,"ON SCENE",2,30,"CLEAR","DARKNESS, LIGHTED ROAD","DRY","PARKED MOTOR VEHICLE","DIVIDED - W/MEDIAN (NOT RAISED)","IMPROPER BACKING",41.891120642,-87.624020439
"2567","none",2021-11-15 16:04:00,16,"UNKNOWN",3,30,"CLEAR","DAYLIGHT","DRY","ANGLE","DIVIDED - W/MEDIAN (NOT RAISED)","DISREGARDING STOP SIGN",41.782665683,-87.693639922
"2568","none",2021-11-15 16:00:00,16,"NOT ON SCENE (DESK REPORT)",2,30,"CLOUDY/OVERCAST","DUSK","DRY","REAR END","NOT DIVIDED","UNABLE TO DETERMINE",41.687575322,-87.68116986
"2569","none",2021-11-15 16:00:00,16,"NOT ON SCENE (DESK REPORT)",2,35,"CLEAR","DAYLIGHT","DRY","SIDESWIPE SAME DIRECTION","DIVIDED - W/MEDIAN (NOT RAISED)","IMPROPER OVERTAKING/PASSING",41.839244043,-87.695233305
"2570","none",2021-11-15 15:55:00,15,"ON SCENE",2,25,"CLEAR","DARKNESS, LIGHTED ROAD","DRY","REAR TO FRONT","ONE-WAY","NOT APPLICABLE",41.842677121,-87.713585511
"2571","none",2021-11-15 15:55:00,15,"ON SCENE",2,30,"CLOUDY/OVERCAST","DUSK","WET","SIDESWIPE SAME DIRECTION","NOT DIVIDED","FAILING TO YIELD RIGHT-OF-WAY",42.000699398,-87.709219796
"2572","injuries",2021-11-15 15:50:00,15,"ON SCENE",2,35,"CLEAR","DUSK","DRY","TURNING","DIVIDED - W/MEDIAN BARRIER","UNABLE TO DETERMINE",41.699734121,-87.642464143
"2573","none",2021-11-15 15:45:00,15,"NOT ON SCENE (DESK REPORT)",2,25,"UNKNOWN","UNKNOWN","UNKNOWN","ANGLE","T-INTERSECTION","UNABLE TO DETERMINE",41.751723371,-87.558699635
"2574","none",2021-11-15 15:45:00,15,"ON SCENE",2,30,"CLEAR","DARKNESS, LIGHTED ROAD","DRY","SIDESWIPE SAME DIRECTION","DIVIDED - W/MEDIAN (NOT RAISED)","IMPROPER LANE USAGE",41.837584079,-87.691286441
"2575","none",2021-11-15 15:45:00,15,"NOT ON SCENE (DESK REPORT)",2,30,"CLOUDY/OVERCAST","DUSK","WET","REAR END","NOT DIVIDED","FOLLOWING TOO CLOSELY",41.917978853,-87.760968652
"2576","none",2021-11-15 15:45:00,15,"NOT ON SCENE (DESK REPORT)",2,30,"CLEAR","DAYLIGHT","DRY","PARKED MOTOR VEHICLE","NOT DIVIDED","UNABLE TO DETERMINE",41.749367611,-87.605039893
"2577","none",2021-11-15 15:45:00,15,"NOT ON SCENE (DESK REPORT)",2,30,"CLEAR","DAYLIGHT","DRY","ANGLE","NOT DIVIDED","NOT APPLICABLE",41.815352037,-87.704406263
"2578","none",2021-11-15 15:40:00,15,"NOT ON SCENE (DESK REPORT)",2,30,"CLEAR","DUSK","WET","REAR END","NOT DIVIDED","FOLLOWING TOO CLOSELY",41.836288955,-87.735363975
"2579","injuries",2021-11-15 15:40:00,15,"NOT ON SCENE (DESK REPORT)",2,30,"CLEAR","DAYLIGHT","DRY","REAR END","NOT DIVIDED","FOLLOWING TOO CLOSELY",41.879806002,-87.667844916
"2580","none",2021-11-15 15:40:00,15,"NOT ON SCENE (DESK REPORT)",2,30,"CLEAR","DUSK","DRY","SIDESWIPE SAME DIRECTION","NOT DIVIDED","UNABLE TO DETERMINE",41.933297332,-87.678296859
"2581","none",2021-11-15 15:40:00,15,"NOT ON SCENE (DESK REPORT)",2,30,"CLEAR","DUSK","DRY","REAR TO FRONT","NOT DIVIDED","IMPROPER BACKING",41.808432763,-87.691621587
"2582","none",2021-11-15 15:36:00,15,"ON SCENE",2,15,"CLEAR","DAYLIGHT","DRY","PARKED MOTOR VEHICLE","ONE-WAY","UNABLE TO DETERMINE",41.925557038,-87.687641746
"2583","none",2021-11-15 15:33:00,15,"ON SCENE",2,30,"CLEAR","DAYLIGHT","DRY","OTHER NONCOLLISION","NOT DIVIDED","UNABLE TO DETERMINE",41.808251213,-87.689259028
"2584","none",2021-11-15 15:30:00,15,"NOT ON SCENE (DESK REPORT)",2,30,"CLEAR","DAYLIGHT","WET","TURNING","NOT DIVIDED","UNABLE TO DETERMINE",41.92862347,-87.690228892
"2585","injuries",2021-11-15 15:30:00,15,"ON SCENE",2,30,"CLEAR","DAYLIGHT","WET","SIDESWIPE SAME DIRECTION","NOT DIVIDED","UNABLE TO DETERMINE",41.946882999,-87.690834488
"2586","none",2021-11-15 15:30:00,15,"NOT ON SCENE (DESK REPORT)",2,30,"CLOUDY/OVERCAST","DAYLIGHT","WET","REAR END","FOUR WAY","FOLLOWING TOO CLOSELY",41.807530373,-87.743296821
"2587","none",2021-11-15 15:30:00,15,"NOT ON SCENE (DESK REPORT)",1,30,"CLEAR","DAYLIGHT","WET","OTHER OBJECT","NOT DIVIDED","NOT APPLICABLE",41.995077027,-87.884689484
"2588","none",2021-11-15 15:30:00,15,"NOT ON SCENE (DESK REPORT)",2,30,"UNKNOWN","DUSK","DRY","TURNING","FOUR WAY","UNABLE TO DETERMINE",41.751740362,-87.558811311
"2589","none",2021-11-15 15:30:00,15,"NOT ON SCENE (DESK REPORT)",2,30,"CLEAR","DAYLIGHT","DRY","PARKED MOTOR VEHICLE","NOT DIVIDED","NOT APPLICABLE",41.782147723,-87.72789156
"2590","injuries",2021-11-15 15:26:00,15,"ON SCENE",2,30,"CLEAR","DAYLIGHT","DRY","PEDESTRIAN","NOT DIVIDED","FAILING TO YIELD RIGHT-OF-WAY",41.999455208,-87.689781503
"2591","injuries",2021-11-15 15:26:00,15,"ON SCENE",2,25,"CLEAR","DAYLIGHT","DRY","ANGLE","UNKNOWN","DISREGARDING STOP SIGN",41.816213466,-87.61992745
"2592","none",2021-11-15 15:26:00,15,"ON SCENE",2,30,"UNKNOWN","UNKNOWN","WET","TURNING","NOT DIVIDED","UNABLE TO DETERMINE",41.767765647,-87.591187039
"2593","none",2021-11-15 15:25:00,15,"ON SCENE",2,30,"CLEAR","DUSK","DRY","TURNING","T-INTERSECTION","IMPROPER OVERTAKING/PASSING",41.735881858,-87.664420577
"2594","none",2021-11-15 15:20:00,15,"UNKNOWN",2,30,"CLEAR","DUSK","WET","ANGLE","NOT DIVIDED","UNABLE TO DETERMINE",41.771519453,-87.720250219
"2595","none",2021-11-15 15:20:00,15,"UNKNOWN",2,30,"CLEAR","DAYLIGHT","DRY","ANGLE","DIVIDED - W/MEDIAN (NOT RAISED)","FAILING TO YIELD RIGHT-OF-WAY",41.90915328,-87.793521345