"","injuries","crash_date","crash_hour","report_type","num_units","posted_speed_limit","weather_condition","lighting_condition","roadway_surface_cond","first_crash_type","trafficway_type","prim_contributory_cause","latitude","longitude"
"2596","none",2021-11-15 15:15:00,15,"NOT ON SCENE (DESK REPORT)",2,30,"CLOUDY/OVERCAST","DAYLIGHT","WET","ANGLE","NOT DIVIDED","FAILING TO YIELD RIGHT-OF-WAY",41.866504406,-87.685913383
"2597","none",2021-11-15 15:06:00,15,"NOT ON SCENE (DESK REPORT)",2,30,"CLEAR","DAYLIGHT","DRY","REAR END","NOT DIVIDED","NOT APPLICABLE",41.867629941,-87.620023194
"2598","none",2021-11-15 15:05:00,15,"ON SCENE",2,30,"CLEAR","DAYLIGHT","DRY","TURNING","FIVE POINT, OR MORE","FAILING TO YIELD RIGHT-OF-WAY",41.913784565,-87.65350387
"2599","none",2021-11-15 15:05:00,15,"NOT ON SCENE (DESK REPORT)",2,30,"CLEAR","DAYLIGHT","WET","TURNING","NOT DIVIDED","UNABLE TO DETERMINE",41.958025278,-87.747594754
"2600","none",2021-11-15 15:03:00,15,"NOT ON SCENE (DESK REPORT)",2,30,"CLEAR","DAYLIGHT","DRY","PARKED MOTOR VEHICLE","NOT DIVIDED","IMPROPER BACKING",41.737165195,-87.559918288
"2601","none",2021-11-15 15:02:00,15,"NOT ON SCENE (DESK REPORT)",2,30,"CLEAR","DAYLIGHT","DRY","TURNING","FOUR WAY","UNABLE TO DETERMINE",41.877263277,-87.652038868
"2602","none",2021-11-15 15:00:00,15,"NOT ON SCENE (DESK REPORT)",2,30,"CLOUDY/OVERCAST","DARKNESS, LIGHTED ROAD","WET","TURNING","NOT DIVIDED","FAILING TO YIELD RIGHT-OF-WAY",41.946044103,-87.757069704
"2603","none",2021-11-15 15:00:00,15,"ON SCENE",2,30,"SNOW","DAYLIGHT","WET","TURNING","NOT DIVIDED","FAILING TO REDUCE SPEED TO AVOID CRASH",41.808527793,-87.662470342
"2604","none",2021-11-15 15:00:00,15,"NOT ON SCENE (DESK REPORT)",2,30,"CLEAR","DUSK","UNKNOWN","SIDESWIPE SAME DIRECTION","NOT DIVIDED","UNABLE TO DETERMINE",41.934288191,-87.785651182
"2605","none",2021-11-15 15:00:00,15,"NOT ON SCENE (DESK REPORT)",2,30,"CLEAR","DAYLIGHT","DRY","REAR END","NOT DIVIDED","UNABLE TO DETERMINE",41.749699577,-87.585957242
"2606","none",2021-11-15 15:00:00,15,"NOT ON SCENE (DESK REPORT)",2,15,"CLEAR","DUSK","DRY","PARKED MOTOR VEHICLE","ONE-WAY","UNABLE TO DETERMINE",41.768842399,-87.628111819
"2607","none",2021-11-15 15:00:00,15,"NOT ON SCENE (DESK REPORT)",2,30,"CLEAR","DAYLIGHT","DRY","TURNING","NOT DIVIDED","UNABLE TO DETERMINE",41.820583041,-87.693426166
"2608","none",2021-11-15 15:00:00,15,"NOT ON SCENE (DESK REPORT)",2,30,"CLEAR","DAYLIGHT","DRY","PARKED MOTOR VEHICLE","PARKING LOT","UNABLE TO DETERMINE",41.859216032,-87.656608238
"2609","none",2021-11-15 15:00:00,15,"NOT ON SCENE (DESK REPORT)",2,30,"CLEAR","DAYLIGHT","DRY","PARKED MOTOR VEHICLE","ONE-WAY","UNABLE TO DETERMINE",41.953406149,-87.732143762
"2610","none",2021-11-15 15:00:00,15,"ON SCENE",2,30,"RAIN","DAYLIGHT","WET","PARKED MOTOR VEHICLE","NOT DIVIDED","UNABLE TO DETERMINE",41.769065769,-87.624080662
"2611","none",2021-11-15 14:53:00,14,"NOT ON SCENE (DESK REPORT)",2,30,"CLEAR","DAYLIGHT","DRY","REAR END","DIVIDED - W/MEDIAN (NOT RAISED)","FAILING TO REDUCE SPEED TO AVOID CRASH",41.734894282,-87.721586419
"2612","none",2021-11-15 14:50:00,14,"NOT ON SCENE (DESK REPORT)",2,30,"CLEAR","DAYLIGHT","DRY","PARKED MOTOR VEHICLE","ONE-WAY","NOT APPLICABLE",41.817961776,-87.698038109
"2613","none",2021-11-15 14:50:00,14,"ON SCENE",2,30,"SNOW","DAYLIGHT","WET","TURNING","DIVIDED - W/MEDIAN (NOT RAISED)","FOLLOWING TOO CLOSELY",41.961122086,-87.729759447
"2614","none",2021-11-15 14:50:00,14,"NOT ON SCENE (DESK REPORT)",2,30,"UNKNOWN","DAYLIGHT","UNKNOWN","REAR END","NOT DIVIDED","FAILING TO REDUCE SPEED TO AVOID CRASH",41.908414912,-87.736153576
"2615","none",2021-11-15 14:50:00,14,"NOT ON SCENE (DESK REPORT)",2,30,"CLEAR","DAYLIGHT","DRY","SIDESWIPE SAME DIRECTION","ONE-WAY","IMPROPER OVERTAKING/PASSING",41.858615812,-87.65235411
"2616","injuries",2021-11-15 14:48:00,14,"NOT ON SCENE (DESK REPORT)",2,30,"CLOUDY/OVERCAST","DAYLIGHT","WET","PEDESTRIAN","NOT DIVIDED","UNABLE TO DETERMINE",41.883614774,-87.696207498
"2617","none",2021-11-15 14:45:00,14,"ON SCENE",2,30,"RAIN","DAWN","WET","SIDESWIPE SAME DIRECTION","NOT DIVIDED","DRIVING SKILLS/KNOWLEDGE/EXPERIENCE",41.840039596,-87.655990253
"2618","none",2021-11-15 14:43:00,14,"NOT ON SCENE (DESK REPORT)",2,30,"CLEAR","DAYLIGHT","DRY","PARKED MOTOR VEHICLE","ONE-WAY","UNABLE TO DETERMINE",41.784413589,-87.613097692
"2619","none",2021-11-15 14:41:00,14,"ON SCENE",2,35,"CLOUDY/OVERCAST","DAYLIGHT","DRY","REAR END","NOT DIVIDED","IMPROPER OVERTAKING/PASSING",41.762530415,-87.5663018
"2620","none",2021-11-15 14:30:00,14,"NOT ON SCENE (DESK REPORT)",2,30,"CLOUDY/OVERCAST","DAYLIGHT","WET","REAR END","NOT DIVIDED","FOLLOWING TOO CLOSELY",41.953370479,-87.747158206
"2621","none",2021-11-15 14:30:00,14,"NOT ON SCENE (DESK REPORT)",2,30,"CLEAR","UNKNOWN","UNKNOWN","REAR END","NOT DIVIDED","UNABLE TO DETERMINE",41.795918388,-87.761780789
"2622","none",2021-11-15 14:30:00,14,"NOT ON SCENE (DESK REPORT)",2,25,"CLEAR","DAYLIGHT","DRY","SIDESWIPE OPPOSITE DIRECTION","NOT DIVIDED","UNABLE TO DETERMINE",41.956807123,-87.646117502
"2623","none",2021-11-15 14:15:00,14,"NOT ON SCENE (DESK REPORT)",2,30,"RAIN","DAYLIGHT","UNKNOWN","TURNING","FOUR WAY","UNABLE TO DETERMINE",41.876671628,-87.654626239
"2624","none",2021-11-15 14:15:00,14,"ON SCENE",3,30,"CLEAR","DUSK","DRY","ANGLE","ONE-WAY","UNABLE TO DETERMINE",42.001311899,-87.699680426
"2625","none",2021-11-15 14:10:00,14,"ON SCENE",2,30,"UNKNOWN","UNKNOWN","UNKNOWN","PARKED MOTOR VEHICLE","DIVIDED - W/MEDIAN (NOT RAISED)","UNABLE TO DETERMINE",41.904998855,-87.626678929
"2626","none",2021-11-15 14:10:00,14,"NOT ON SCENE (DESK REPORT)",2,30,"FREEZING RAIN/DRIZZLE","DAYLIGHT","WET","REAR END","NOT DIVIDED","UNABLE TO DETERMINE",41.80237973,-87.587979407
"2627","injuries",2021-11-15 14:10:00,14,"ON SCENE",3,15,"RAIN","DAYLIGHT","WET","SIDESWIPE SAME DIRECTION","PARKING LOT","DRIVING SKILLS/KNOWLEDGE/EXPERIENCE",41.874016335,-87.670260828
"2628","none",2021-11-15 14:00:00,14,"NOT ON SCENE (DESK REPORT)",2,30,"CLEAR","DAYLIGHT","DRY","REAR END","NOT DIVIDED","FAILING TO REDUCE SPEED TO AVOID CRASH",41.874211055,-87.735387089
"2629","none",2021-11-15 14:00:00,14,"NOT ON SCENE (DESK REPORT)",2,30,"CLEAR","DAYLIGHT","WET","TURNING","DIVIDED - W/MEDIAN (NOT RAISED)","UNABLE TO DETERMINE",41.96534186,-87.669430132
"2630","none",2021-11-15 14:00:00,14,"ON SCENE",2,25,"CLOUDY/OVERCAST","DAYLIGHT","WET","ANGLE","FOUR WAY","FAILING TO YIELD RIGHT-OF-WAY",41.852235933,-87.668643598
"2631","injuries",2021-11-15 13:58:00,13,"ON SCENE",2,35,"SNOW","DAYLIGHT","WET","ANGLE","NOT DIVIDED","DISREGARDING TRAFFIC SIGNALS",41.917450989,-87.711988373
"2632","none",2021-11-15 13:57:00,13,"UNKNOWN",2,30,"CLEAR","DAYLIGHT","DRY","ANGLE","FOUR WAY","DISREGARDING STOP SIGN",41.888768579,-87.676994139
"2633","none",2021-11-15 13:45:00,13,"NOT ON SCENE (DESK REPORT)",2,30,"CLEAR","DAYLIGHT","DRY","REAR END","NOT DIVIDED","UNABLE TO DETERMINE",41.850425749,-87.724875433
"2634","none",2021-11-15 13:37:00,13,"UNKNOWN",2,30,"RAIN","DAYLIGHT","WET","PARKED MOTOR VEHICLE","ONE-WAY","UNABLE TO DETERMINE",41.920801419,-87.724362216
"2635","injuries",2021-11-15 13:37:00,13,"ON SCENE",3,30,"CLOUDY/OVERCAST","DAYLIGHT","WET","PEDESTRIAN","UNKNOWN INTERSECTION TYPE","FAILING TO YIELD RIGHT-OF-WAY",41.946016015,-87.747204162
"2636","injuries",2021-11-15 13:35:00,13,"NOT ON SCENE (DESK REPORT)",2,30,"SNOW","DAYLIGHT","SNOW OR SLUSH","ANGLE","NOT DIVIDED","FAILING TO YIELD RIGHT-OF-WAY",41.900762701,-87.738281322
"2637","injuries",2021-11-15 13:30:00,13,"ON SCENE",2,30,"RAIN","DAYLIGHT","WET","PEDALCYCLIST","UNKNOWN","UNABLE TO DETERMINE",41.84193259,-87.657631202
"2638","none",2021-11-15 13:30:00,13,"NOT ON SCENE (DESK REPORT)",2,20,"CLEAR","DAYLIGHT","DRY","PARKED MOTOR VEHICLE","NOT DIVIDED","UNABLE TO DETERMINE",41.962348367,-87.717924413
"2639","injuries",2021-11-15 13:30:00,13,"UNKNOWN",3,30,"CLEAR","DAYLIGHT","DRY","OTHER OBJECT","T-INTERSECTION","UNABLE TO DETERMINE",41.821944833,-87.743676596
"2640","none",2021-11-15 13:15:00,13,"NOT ON SCENE (DESK REPORT)",2,30,"CLEAR","DAYLIGHT","WET","TURNING","DIVIDED - W/MEDIAN (NOT RAISED)","IMPROPER OVERTAKING/PASSING",41.758358919,-87.612818353
"2641","none",2021-11-15 13:15:00,13,"ON SCENE",2,30,"SNOW","DAYLIGHT","WET","TURNING","FOUR WAY","FAILING TO YIELD RIGHT-OF-WAY",41.782816203,-87.683885995
"2642","none",2021-11-15 13:00:00,13,"NOT ON SCENE (DESK REPORT)",2,30,"CLEAR","DAYLIGHT","DRY","SIDESWIPE SAME DIRECTION","NOT DIVIDED","IMPROPER OVERTAKING/PASSING",41.925484445,-87.6536765
"2643","none",2021-11-15 13:00:00,13,"ON SCENE",1,30,"CLEAR","DAYLIGHT","UNKNOWN","FIXED OBJECT","OTHER","UNABLE TO DETERMINE",41.81206269,-87.660312336
"2644","none",2021-11-15 13:00:00,13,"ON SCENE",2,0,"CLEAR","DAYLIGHT","DRY","REAR TO SIDE","OTHER","UNABLE TO DETERMINE",41.715747659,-87.589172074
"2645","injuries",2021-11-15 12:50:00,12,"ON SCENE",3,25,"CLOUDY/OVERCAST","DAWN","DRY","TURNING","NOT DIVIDED","UNABLE TO DETERMINE",41.858984249,-87.724296388
"2646","injuries",2021-11-15 12:45:00,12,"ON SCENE",2,30,"SNOW","DAYLIGHT","WET","PEDESTRIAN","NOT DIVIDED","UNABLE TO DETERMINE",41.851076721,-87.638791261
"2647","none",2021-11-15 12:42:00,12,"NOT ON SCENE (DESK REPORT)",2,45,"FREEZING RAIN/DRIZZLE","DAYLIGHT","WET","SIDESWIPE SAME DIRECTION","DIVIDED - W/MEDIAN BARRIER","IMPROPER OVERTAKING/PASSING",41.878317011,-87.617052125
"2648","none",2021-11-15 12:40:00,12,"NOT ON SCENE (DESK REPORT)",2,30,"CLEAR","DAYLIGHT","DRY","PARKED MOTOR VEHICLE","DIVIDED - W/MEDIAN (NOT RAISED)","UNABLE TO DETERMINE",41.696888071,-87.623374817
"2649","injuries",2021-11-15 12:35:00,12,"ON SCENE",2,30,"CLEAR","DAYLIGHT","DRY","TURNING","T-INTERSECTION","IMPROPER OVERTAKING/PASSING",41.798894922,-87.674591223
"2650","none",2021-11-15 12:32:00,12,"NOT ON SCENE (DESK REPORT)",2,30,"CLEAR","DAYLIGHT","SNOW OR SLUSH","ANGLE","FOUR WAY","UNABLE TO DETERMINE",41.736006565,-87.645341819
"2651","injuries",2021-11-15 12:30:00,12,"ON SCENE",2,30,"SNOW","DAYLIGHT","WET","ANGLE","OTHER","FAILING TO REDUCE SPEED TO AVOID CRASH",41.880481166,-87.642762729
"2652","none",2021-11-15 12:30:00,12,"NOT ON SCENE (DESK REPORT)",2,30,"CLEAR","DAYLIGHT","DRY","REAR END","NOT DIVIDED","UNABLE TO DETERMINE",41.896099353,-87.672298596
"2653","none",2021-11-15 12:30:00,12,"ON SCENE",2,20,"CLEAR","DAYLIGHT","DRY","PARKED MOTOR VEHICLE","ONE-WAY","UNABLE TO DETERMINE",41.962973439,-87.720085826
"2654","injuries",2021-11-15 12:30:00,12,"NOT ON SCENE (DESK REPORT)",3,30,"CLEAR","DAYLIGHT","DRY","TURNING","NOT DIVIDED","IMPROPER OVERTAKING/PASSING",41.736758714,-87.604859411
"2655","none",2021-11-15 12:30:00,12,"ON SCENE",2,30,"CLEAR","DAYLIGHT","DRY","ANGLE","NOT DIVIDED","FAILING TO YIELD RIGHT-OF-WAY",41.771338269,-87.71779238
"2656","none",2021-11-15 12:30:00,12,"NOT ON SCENE (DESK REPORT)",3,25,"UNKNOWN","DAYLIGHT","UNKNOWN","REAR END","T-INTERSECTION","UNABLE TO DETERMINE",41.765904596,-87.610371093
"2657","none",2021-11-15 12:20:00,12,"ON SCENE",2,30,"FREEZING RAIN/DRIZZLE","DAYLIGHT","WET","REAR END","DIVIDED - W/MEDIAN (NOT RAISED)","UNABLE TO DETERMINE",41.932568409,-87.664908184
"2658","none",2021-11-15 12:20:00,12,"NOT ON SCENE (DESK REPORT)",2,30,"CLEAR","DAYLIGHT","DRY","REAR END","NOT DIVIDED","NOT APPLICABLE",41.861832456,-87.630397211
"2659","none",2021-11-15 12:18:00,12,"ON SCENE",2,30,"SNOW","DAYLIGHT","WET","ANGLE","FOUR WAY","UNABLE TO DETERMINE",41.939587461,-87.680928032
"2660","none",2021-11-15 12:15:00,12,"NOT ON SCENE (DESK REPORT)",2,45,"CLOUDY/OVERCAST","DAYLIGHT","UNKNOWN","SIDESWIPE SAME DIRECTION","DIVIDED - W/MEDIAN BARRIER","IMPROPER OVERTAKING/PASSING",41.900958919,-87.619928174
"2661","injuries",2021-11-15 12:10:00,12,"ON SCENE",2,30,"SNOW","DAYLIGHT","WET","PEDESTRIAN","FOUR WAY","FAILING TO YIELD RIGHT-OF-WAY",41.85191056,-87.702679627
"2662","none",2021-11-15 12:10:00,12,"ON SCENE",2,30,"SNOW","DAYLIGHT","WET","PARKED MOTOR VEHICLE","ONE-WAY","IMPROPER LANE USAGE",41.878478661,-87.763051797
"2663","none",2021-11-15 12:05:00,12,"ON SCENE",2,30,"SNOW","DAYLIGHT","WET","SIDESWIPE SAME DIRECTION","DIVIDED - W/MEDIAN (NOT RAISED)","FAILING TO YIELD RIGHT-OF-WAY",41.895754021,-87.679771715
"2664","none",2021-11-15 12:00:00,12,"ON SCENE",2,20,"CLEAR","DAYLIGHT","DRY","TURNING","DIVIDED - W/MEDIAN (NOT RAISED)","UNABLE TO DETERMINE",41.807653616,-87.73209893
"2665","injuries",2021-11-15 12:00:00,12,"ON SCENE",2,30,"CLOUDY/OVERCAST","DAYLIGHT","DRY","TURNING","NOT DIVIDED","FAILING TO YIELD RIGHT-OF-WAY",42.009103815,-87.690025308
"2666","none",2021-11-15 12:00:00,12,"NOT ON SCENE (DESK REPORT)",2,20,"CLEAR","DAYLIGHT","DRY","PARKED MOTOR VEHICLE","NOT DIVIDED","IMPROPER LANE USAGE",41.931479236,-87.646688068
"2667","none",2021-11-15 11:56:00,11,"NOT ON SCENE (DESK REPORT)",2,25,"UNKNOWN","DAYLIGHT","UNKNOWN","REAR END","T-INTERSECTION","UNABLE TO DETERMINE",41.714187049,-87.653644002
"2668","injuries",2021-11-15 11:52:00,11,"ON SCENE",2,30,"CLEAR","DAYLIGHT","DRY","ANGLE","NOT DIVIDED","UNABLE TO DETERMINE",41.957640506,-87.708279872
"2669","none",2021-11-15 11:49:00,11,"ON SCENE",2,30,"SNOW","DAYLIGHT","WET","PARKED MOTOR VEHICLE","NOT DIVIDED","UNABLE TO DETERMINE",41.890724577,-87.681656124
"2670","none",2021-11-15 11:45:00,11,"NOT ON SCENE (DESK REPORT)",2,30,"CLOUDY/OVERCAST","DAYLIGHT","DRY","REAR END","NOT DIVIDED","FOLLOWING TOO CLOSELY",41.979533576,-87.836728826
"2671","injuries",2021-11-15 11:40:00,11,"ON SCENE",2,30,"SNOW","DAYLIGHT","WET","TURNING","FOUR WAY","FAILING TO YIELD RIGHT-OF-WAY",41.875839798,-87.701221941
"2672","none",2021-11-15 11:40:00,11,"NOT ON SCENE (DESK REPORT)",2,30,"CLEAR","DAYLIGHT","DRY","TURNING","ONE-WAY","UNABLE TO DETERMINE",41.780380787,-87.604793541
"2673","injuries",2021-11-15 11:36:00,11,"ON SCENE",3,30,"CLEAR","DAYLIGHT","DRY","PARKED MOTOR VEHICLE","ONE-WAY","NOT APPLICABLE",41.736957632,-87.559874981
"2674","none",2021-11-15 11:30:00,11,"NOT ON SCENE (DESK REPORT)",2,30,"CLEAR","DAYLIGHT","DRY","SIDESWIPE SAME DIRECTION","NOT DIVIDED","UNABLE TO DETERMINE",41.925264978,-87.653669362
"2675","none",2021-11-15 11:30:00,11,"ON SCENE",2,30,"CLEAR","DAYLIGHT","DRY","TURNING","NOT DIVIDED","FAILING TO YIELD RIGHT-OF-WAY",41.904756018,-87.631620467
"2676","injuries",2021-11-15 11:30:00,11,"ON SCENE",2,30,"CLEAR","DAYLIGHT","WET","TURNING","DIVIDED - W/MEDIAN (NOT RAISED)","DRIVING SKILLS/KNOWLEDGE/EXPERIENCE",41.96013229,-87.786655249
"2677","none",2021-11-15 11:30:00,11,"NOT ON SCENE (DESK REPORT)",2,30,"CLEAR","DAYLIGHT","DRY","SIDESWIPE SAME DIRECTION","FOUR WAY","IMPROPER OVERTAKING/PASSING",41.880880323,-87.666940386
"2678","none",2021-11-15 11:30:00,11,"NOT ON SCENE (DESK REPORT)",2,30,"UNKNOWN","DAYLIGHT","UNKNOWN","SIDESWIPE SAME DIRECTION","UNKNOWN","IMPROPER OVERTAKING/PASSING",41.940777338,-87.655496906
"2679","none",2021-11-15 11:19:00,11,"ON SCENE",1,25,"CLEAR","DAYLIGHT","DRY","FIXED OBJECT","NOT DIVIDED","FAILING TO REDUCE SPEED TO AVOID CRASH",41.698949693,-87.68056574
"2680","none",2021-11-15 11:15:00,11,"ON SCENE",2,30,"CLEAR","DAYLIGHT","DRY","SIDESWIPE SAME DIRECTION","FOUR WAY","DRIVING SKILLS/KNOWLEDGE/EXPERIENCE",41.943024278,-87.687989151
"2681","none",2021-11-15 11:10:00,11,"ON SCENE",1,30,"CLEAR","DAYLIGHT","DRY","FIXED OBJECT","ALLEY","UNABLE TO DETERMINE",41.902413488,-87.689621192
"2682","none",2021-11-15 11:00:00,11,"NOT ON SCENE (DESK REPORT)",2,30,"CLEAR","DAYLIGHT","WET","REAR END","DIVIDED - W/MEDIAN (NOT RAISED)","FAILING TO REDUCE SPEED TO AVOID CRASH",41.885646622,-87.764908487
"2683","none",2021-11-15 11:00:00,11,"ON SCENE",2,30,"CLEAR","DAYLIGHT","DRY","PARKED MOTOR VEHICLE","NOT DIVIDED","UNABLE TO DETERMINE",41.778168984,-87.636209549
"2684","none",2021-11-15 11:00:00,11,"NOT ON SCENE (DESK REPORT)",2,10,"CLEAR","DAYLIGHT","DRY","REAR TO REAR","PARKING LOT","FAILING TO YIELD RIGHT-OF-WAY",41.995985286,-87.787637117
"2685","none",2021-11-15 11:00:00,11,"NOT ON SCENE (DESK REPORT)",2,30,"CLEAR","DAYLIGHT","DRY","PEDALCYCLIST","OTHER","DRIVING SKILLS/KNOWLEDGE/EXPERIENCE",41.881887057,-87.647392834
"2686","none",2021-11-15 11:00:00,11,"ON SCENE",2,30,"CLEAR","DAYLIGHT","DRY","TURNING","PARKING LOT","UNABLE TO DETERMINE",41.741056938,-87.631826
"2687","none",2021-11-15 10:56:00,10,"ON SCENE",2,20,"CLEAR","DAYLIGHT","WET","TURNING","NOT DIVIDED","IMPROPER OVERTAKING/PASSING",41.908305423,-87.659323719
"2688","none",2021-11-15 10:53:00,10,"NOT ON SCENE (DESK REPORT)",2,30,"CLEAR","DAYLIGHT","DRY","PARKED MOTOR VEHICLE","DIVIDED - W/MEDIAN (NOT RAISED)","UNABLE TO DETERMINE",41.701477904,-87.632178207
"2689","none",2021-11-15 10:50:00,10,"ON SCENE",2,30,"CLEAR","DAYLIGHT","DRY","TURNING","DIVIDED - W/MEDIAN BARRIER","UNABLE TO DETERMINE",41.998217921,-87.660695256
"2690","none",2021-11-15 10:45:00,10,"NOT ON SCENE (DESK REPORT)",2,20,"CLEAR","DAYLIGHT","DRY","SIDESWIPE SAME DIRECTION","DIVIDED - W/MEDIAN (NOT RAISED)","ROAD ENGINEERING/SURFACE/MARKING DEFECTS",41.866905838,-87.673315916
"2691","none",2021-11-15 10:45:00,10,"NOT ON SCENE (DESK REPORT)",2,15,"CLEAR","DAYLIGHT","DRY","PARKED MOTOR VEHICLE","PARKING LOT","IMPROPER TURNING/NO SIGNAL",41.83053344,-87.61043655
"2692","none",2021-11-15 10:43:00,10,"NOT ON SCENE (DESK REPORT)",2,20,"UNKNOWN","DAYLIGHT","UNKNOWN","ANGLE","FOUR WAY","UNABLE TO DETERMINE",41.70743645,-87.60416001
"2693","none",2021-11-15 10:30:00,10,"NOT ON SCENE (DESK REPORT)",2,30,"CLOUDY/OVERCAST","DAYLIGHT","UNKNOWN","PARKED MOTOR VEHICLE","NOT DIVIDED","UNABLE TO DETERMINE",41.948301929,-87.647687461
"2694","none",2021-11-15 10:15:00,10,"NOT ON SCENE (DESK REPORT)",2,30,"CLEAR","DAYLIGHT","DRY","REAR END","NOT DIVIDED","UNABLE TO DETERMINE",41.809082437,-87.631030874
"2695","none",2021-11-15 10:15:00,10,"NOT ON SCENE (DESK REPORT)",2,25,"UNKNOWN","DAYLIGHT","DRY","REAR END","FOUR WAY","UNABLE TO DETERMINE",41.736601558,-87.6049681
"2696","none",2021-11-15 10:06:00,10,"ON SCENE",4,25,"CLEAR","DAYLIGHT","DRY","PARKED MOTOR VEHICLE","NOT DIVIDED","FAILING TO REDUCE SPEED TO AVOID CRASH",41.700819912,-87.700134325
"2697","none",2021-11-15 10:00:00,10,"NOT ON SCENE (DESK REPORT)",2,30,"CLEAR","DAYLIGHT","DRY","PARKED MOTOR VEHICLE","NOT DIVIDED","IMPROPER LANE USAGE",41.841388564,-87.615511064
"2698","none",2021-11-15 10:00:00,10,"ON SCENE",2,30,"FOG/SMOKE/HAZE","DAYLIGHT","DRY","PARKED MOTOR VEHICLE","ONE-WAY","DRIVING SKILLS/KNOWLEDGE/EXPERIENCE",41.784400401,-87.620434597
"2699","none",2021-11-15 09:55:00,9,"NOT ON SCENE (DESK REPORT)",2,30,"CLEAR","DAYLIGHT","DRY","REAR END","NOT DIVIDED","FOLLOWING TOO CLOSELY",41.859755637,-87.700515997
"2700","none",2021-11-15 09:48:00,9,"NOT ON SCENE (DESK REPORT)",2,30,"CLOUDY/OVERCAST","DAYLIGHT","DRY","TURNING","NOT DIVIDED","UNABLE TO DETERMINE",41.873956453,-87.690581447
"2701","none",2021-11-15 09:30:00,9,"ON SCENE",2,35,"CLEAR","DAYLIGHT","DRY","TURNING","Y-INTERSECTION","NOT APPLICABLE",41.751442905,-87.585505893
"2702","none",2021-11-15 09:30:00,9,"ON SCENE",2,35,"CLOUDY/OVERCAST","DAYLIGHT","DRY","SIDESWIPE SAME DIRECTION","NOT DIVIDED","UNABLE TO DETERMINE",41.706498137,-87.554731903
"2703","none",2021-11-15 09:30:00,9,"NOT ON SCENE (DESK REPORT)",2,30,"UNKNOWN","UNKNOWN","OTHER","TURNING","UNKNOWN","UNABLE TO DETERMINE",41.944848178,-87.836583732
"2704","none",2021-11-15 09:20:00,9,"ON SCENE",2,30,"CLEAR","DAYLIGHT","DRY","REAR END","NOT DIVIDED","FAILING TO REDUCE SPEED TO AVOID CRASH",41.900902699,-87.625544785
"2705","none",2021-11-15 09:10:00,9,"ON SCENE",2,25,"CLEAR","DAYLIGHT","DRY","PARKED MOTOR VEHICLE","NOT DIVIDED","FOLLOWING TOO CLOSELY",41.985254667,-87.822350407
"2706","none",2021-11-15 09:00:00,9,"ON SCENE",1,30,"CLEAR","DAYLIGHT","DRY","FIXED OBJECT","NOT DIVIDED","FAILING TO YIELD RIGHT-OF-WAY",41.939653931,-87.838648368
"2707","none",2021-11-15 09:00:00,9,"ON SCENE",2,30,"CLEAR","DAYLIGHT","DRY","PARKED MOTOR VEHICLE","NOT DIVIDED","UNABLE TO DETERMINE",41.885039314,-87.672043346
"2708","none",2021-11-15 08:45:00,8,"NOT ON SCENE (DESK REPORT)",2,30,"CLOUDY/OVERCAST","DAYLIGHT","DRY","REAR END","NOT DIVIDED","UNABLE TO DETERMINE",41.710499618,-87.681891449
"2709","none",2021-11-15 08:40:00,8,"ON SCENE",2,30,"CLEAR","DAYLIGHT","DRY","PARKED MOTOR VEHICLE","PARKING LOT","UNABLE TO DETERMINE",41.775914393,-87.68370226
"2710","none",2021-11-15 08:30:00,8,"NOT ON SCENE (DESK REPORT)",2,30,"CLEAR","DAYLIGHT","DRY","PARKED MOTOR VEHICLE","ONE-WAY","UNABLE TO DETERMINE",41.892389929,-87.763615438
"2711","none",2021-11-15 08:30:00,8,"NOT ON SCENE (DESK REPORT)",2,30,"UNKNOWN","UNKNOWN","UNKNOWN","PARKED MOTOR VEHICLE","NOT DIVIDED","UNABLE TO DETERMINE",41.906726809,-87.633163201
"2712","none",2021-11-15 08:30:00,8,"NOT ON SCENE (DESK REPORT)",2,30,"CLEAR","DAYLIGHT","DRY","TURNING","ONE-WAY","DISREGARDING STOP SIGN",41.685964369,-87.651965681
"2713","none",2021-11-15 08:28:00,8,"ON SCENE",2,35,"CLEAR","DAYLIGHT","DRY","REAR END","DIVIDED - W/MEDIAN (NOT RAISED)","UNABLE TO DETERMINE",41.953529005,-87.728684409
"2714","injuries",2021-11-15 08:21:00,8,"NOT ON SCENE (DESK REPORT)",2,30,"CLEAR","DAYLIGHT","DRY","SIDESWIPE SAME DIRECTION","NOT DIVIDED","UNABLE TO DETERMINE",41.684892606,-87.663640293
"2715","none",2021-11-15 08:15:00,8,"ON SCENE",2,20,"CLEAR","DAYLIGHT","DRY","PARKED MOTOR VEHICLE","ONE-WAY","UNABLE TO DETERMINE",41.811681944,-87.749235784