"","injuries","crash_date","crash_hour","report_type","num_units","posted_speed_limit","weather_condition","lighting_condition","roadway_surface_cond","first_crash_type","trafficway_type","prim_contributory_cause","latitude","longitude"
"2716","none",2021-11-15 08:15:00,8,"NOT ON SCENE (DESK REPORT)",2,30,"CLEAR","DAYLIGHT","DRY","SIDESWIPE SAME DIRECTION","NOT DIVIDED","FAILING TO YIELD RIGHT-OF-WAY",41.792464721,-87.711027348
"2717","injuries",2021-11-15 08:05:00,8,"ON SCENE",2,30,"CLEAR","DAYLIGHT","DRY","PEDESTRIAN","FOUR WAY","FAILING TO YIELD RIGHT-OF-WAY",42.012467161,-87.678058099
"2718","none",2021-11-15 08:04:00,8,"ON SCENE",3,35,"CLEAR","DAYLIGHT","DRY","SIDESWIPE SAME DIRECTION","ONE-WAY","UNABLE TO DETERMINE",41.749666749,-87.624359415
"2719","none",2021-11-15 08:00:00,8,"NOT ON SCENE (DESK REPORT)",2,25,"CLOUDY/OVERCAST","DAYLIGHT","UNKNOWN","ANGLE","ALLEY","VISION OBSCURED (SIGNS, TREE LIMBS, BUILDINGS, ETC.)",41.990182833,-87.657308366
"2720","none",2021-11-15 08:00:00,8,"NOT ON SCENE (DESK REPORT)",2,30,"UNKNOWN","UNKNOWN","UNKNOWN","REAR END","FOUR WAY","UNABLE TO DETERMINE",41.928604442,-87.707900681
"2721","none",2021-11-15 08:00:00,8,"NOT ON SCENE (DESK REPORT)",1,10,"CLEAR","DAYLIGHT","DRY","FIXED OBJECT","PARKING LOT","NOT APPLICABLE",41.831409382,-87.719220145
"2722","none",2021-11-15 08:00:00,8,"NOT ON SCENE (DESK REPORT)",2,30,"CLEAR","DAYLIGHT","DRY","PARKED MOTOR VEHICLE","NOT DIVIDED","UNABLE TO DETERMINE",41.722682384,-87.604568514
"2723","none",2021-11-15 08:00:00,8,"ON SCENE",2,30,"CLEAR","DAYLIGHT","UNKNOWN","TURNING","DIVIDED - W/MEDIAN (NOT RAISED)","FAILING TO REDUCE SPEED TO AVOID CRASH",41.745095262,-87.644026452
"2724","none",2021-11-15 07:59:00,7,"ON SCENE",2,30,"CLEAR","DAYLIGHT","DRY","TURNING","OTHER","UNABLE TO DETERMINE",41.874171245,-87.671415564
"2725","none",2021-11-15 07:56:00,7,"NOT ON SCENE (DESK REPORT)",3,30,"CLEAR","DAYLIGHT","DRY","SIDESWIPE SAME DIRECTION","ONE-WAY","IMPROPER OVERTAKING/PASSING",41.750243649,-87.624383362
"2726","none",2021-11-15 07:55:00,7,"NOT ON SCENE (DESK REPORT)",2,30,"CLEAR","DAYLIGHT","DRY","SIDESWIPE SAME DIRECTION","DIVIDED - W/MEDIAN (NOT RAISED)","UNABLE TO DETERMINE",41.768175045,-87.586520818
"2727","none",2021-11-15 07:50:00,7,"ON SCENE",2,25,"CLOUDY/OVERCAST","DAYLIGHT","DRY","SIDESWIPE SAME DIRECTION","NOT DIVIDED","FAILING TO YIELD RIGHT-OF-WAY",41.850370004,-87.682660079
"2728","none",2021-11-15 07:50:00,7,"ON SCENE",2,35,"CLEAR","DAYLIGHT","DRY","SIDESWIPE SAME DIRECTION","DIVIDED - W/MEDIAN (NOT RAISED)","UNABLE TO DETERMINE",41.778774743,-87.722183584
"2729","none",2021-11-15 07:50:00,7,"NOT ON SCENE (DESK REPORT)",2,45,"FREEZING RAIN/DRIZZLE","DAYLIGHT","WET","REAR END","DIVIDED - W/MEDIAN BARRIER","FOLLOWING TOO CLOSELY",41.877039155,-87.617021887
"2730","none",2021-11-15 07:45:00,7,"NOT ON SCENE (DESK REPORT)",2,30,"CLEAR","UNKNOWN","DRY","PARKED MOTOR VEHICLE","ONE-WAY","UNABLE TO DETERMINE",41.774778737,-87.598358648
"2731","none",2021-11-15 07:45:00,7,"NOT ON SCENE (DESK REPORT)",2,30,"CLEAR","DAYLIGHT","DRY","PEDESTRIAN","NOT DIVIDED","UNABLE TO DETERMINE",41.944434723,-87.688044661
"2732","none",2021-11-15 07:45:00,7,"ON SCENE",3,30,"CLEAR","DAYLIGHT","DRY","SIDESWIPE SAME DIRECTION","ONE-WAY","UNABLE TO DETERMINE",41.746820986,-87.613743698
"2733","none",2021-11-15 07:43:00,7,"NOT ON SCENE (DESK REPORT)",2,35,"CLEAR","DAYLIGHT","DRY","REAR END","NOT DIVIDED","NOT APPLICABLE",41.968416307,-87.699605215
"2734","injuries",2021-11-15 07:40:00,7,"ON SCENE",2,30,"CLEAR","DAYLIGHT","DRY","TURNING","NOT DIVIDED","UNABLE TO DETERMINE",41.792016956,-87.794161355
"2735","none",2021-11-15 07:34:00,7,"NOT ON SCENE (DESK REPORT)",2,30,"CLEAR","DAYLIGHT","DRY","TURNING","NOT DIVIDED","FAILING TO YIELD RIGHT-OF-WAY",41.941707939,-87.776487955
"2736","none",2021-11-15 07:30:00,7,"NOT ON SCENE (DESK REPORT)",2,30,"UNKNOWN","UNKNOWN","UNKNOWN","TURNING","T-INTERSECTION","UNABLE TO DETERMINE",41.917429479,-87.691534747
"2737","none",2021-11-15 07:15:00,7,"ON SCENE",2,30,"CLEAR","DAYLIGHT","DRY","REAR END","NOT DIVIDED","EQUIPMENT - VEHICLE CONDITION",41.915356429,-87.765847308
"2738","none",2021-11-15 07:15:00,7,"ON SCENE",2,30,"CLEAR","DAYLIGHT","DRY","REAR END","DIVIDED - W/MEDIAN (NOT RAISED)","UNABLE TO DETERMINE",41.772089192,-87.681708973
"2739","injuries",2021-11-15 07:15:00,7,"ON SCENE",2,30,"CLEAR","DAYLIGHT","DRY","PEDESTRIAN","DIVIDED - W/MEDIAN BARRIER","UNABLE TO DETERMINE",41.854751058,-87.714906205
"2740","none",2021-11-15 07:15:00,7,"NOT ON SCENE (DESK REPORT)",2,10,"CLEAR","DAYLIGHT","DRY","REAR END","OTHER","IMPROPER BACKING",41.832605376,-87.610284249
"2741","none",2021-11-15 07:15:00,7,"ON SCENE",2,30,"CLEAR","DAYLIGHT","DRY","TURNING","NOT DIVIDED","UNABLE TO DETERMINE",41.905886003,-87.625450553
"2742","none",2021-11-15 07:11:00,7,"ON SCENE",3,40,"CLOUDY/OVERCAST","DAYLIGHT","DRY","REAR END","DIVIDED - W/MEDIAN BARRIER","FOLLOWING TOO CLOSELY",41.873193609,-87.617228294
"2743","none",2021-11-15 07:00:00,7,"NOT ON SCENE (DESK REPORT)",2,30,"CLEAR","DAWN","DRY","PARKED MOTOR VEHICLE","ONE-WAY","UNABLE TO DETERMINE",41.894391393,-87.769979764
"2744","none",2021-11-15 07:00:00,7,"NOT ON SCENE (DESK REPORT)",2,30,"CLEAR","DAYLIGHT","DRY","PARKED MOTOR VEHICLE","ONE-WAY","UNABLE TO DETERMINE",41.785955788,-87.698312995
"2745","none",2021-11-15 07:00:00,7,"NOT ON SCENE (DESK REPORT)",2,30,"CLEAR","DAYLIGHT","DRY","PARKED MOTOR VEHICLE","ONE-WAY","UNABLE TO DETERMINE",41.800896401,-87.732102375
"2746","none",2021-11-15 06:50:00,6,"NOT ON SCENE (DESK REPORT)",2,30,"CLEAR","DAWN","DRY","SIDESWIPE SAME DIRECTION","DIVIDED - W/MEDIAN (NOT RAISED)","IMPROPER OVERTAKING/PASSING",41.823021387,-87.68473353
"2747","none",2021-11-15 06:45:00,6,"NOT ON SCENE (DESK REPORT)",2,30,"CLEAR","DAYLIGHT","DRY","SIDESWIPE OPPOSITE DIRECTION","NOT DIVIDED","IMPROPER BACKING",41.774543816,-87.761737197
"2748","none",2021-11-15 06:45:00,6,"NOT ON SCENE (DESK REPORT)",2,30,"UNKNOWN","UNKNOWN","UNKNOWN","PARKED MOTOR VEHICLE","UNKNOWN","UNABLE TO DETERMINE",41.951546994,-87.744846358
"2749","none",2021-11-15 06:43:00,6,"ON SCENE",2,20,"CLEAR","DAYLIGHT","DRY","PARKED MOTOR VEHICLE","NOT DIVIDED","UNABLE TO DETERMINE",41.965594215,-87.651174883
"2750","none",2021-11-15 06:30:00,6,"NOT ON SCENE (DESK REPORT)",2,55,"CLEAR","DAYLIGHT","DRY","REAR END","OTHER","UNABLE TO DETERMINE",41.907909467,-87.625945778
"2751","none",2021-11-15 06:15:00,6,"ON SCENE",2,30,"CLEAR","DAYLIGHT","DRY","PARKED MOTOR VEHICLE","DIVIDED - W/MEDIAN (NOT RAISED)","UNABLE TO DETERMINE",41.852016609,-87.666168584
"2752","none",2021-11-15 05:54:00,5,"ON SCENE",2,30,"CLEAR","DARKNESS, LIGHTED ROAD","DRY","SIDESWIPE OPPOSITE DIRECTION","FOUR WAY","UNABLE TO DETERMINE",41.87844405,-87.620517958
"2753","none",2021-11-15 05:30:00,5,"NOT ON SCENE (DESK REPORT)",2,20,"CLEAR","DAYLIGHT","UNKNOWN","PARKED MOTOR VEHICLE","NOT DIVIDED","UNABLE TO DETERMINE",41.852436914,-87.707561898
"2754","injuries",2021-11-15 05:29:00,5,"ON SCENE",4,30,"CLEAR","DARKNESS, LIGHTED ROAD","DRY","SIDESWIPE SAME DIRECTION","FOUR WAY","DISREGARDING TRAFFIC SIGNALS",41.981020382,-87.807111728
"2755","injuries",2021-11-15 05:05:00,5,"ON SCENE",2,30,"CLEAR","DARKNESS, LIGHTED ROAD","DRY","ANGLE","NOT DIVIDED","FAILING TO YIELD RIGHT-OF-WAY",41.968787904,-87.667587824
"2756","none",2021-11-15 05:00:00,5,"NOT ON SCENE (DESK REPORT)",2,25,"CLEAR","DARKNESS, LIGHTED ROAD","DRY","PARKED MOTOR VEHICLE","NOT DIVIDED","NOT APPLICABLE",42.014057086,-87.667926644
"2757","none",2021-11-15 04:30:00,4,"ON SCENE",3,30,"CLEAR","DARKNESS","DRY","PARKED MOTOR VEHICLE","ONE-WAY","UNABLE TO DETERMINE",41.758901591,-87.710783841
"2758","none",2021-11-15 04:13:00,4,"NOT ON SCENE (DESK REPORT)",1,30,"CLEAR","DUSK","DRY","OTHER OBJECT","NOT DIVIDED","UNABLE TO DETERMINE",41.814062269,-87.73115302
"2759","none",2021-11-15 03:20:00,3,"NOT ON SCENE (DESK REPORT)",2,10,"CLEAR","DARKNESS, LIGHTED ROAD","DRY","PARKED MOTOR VEHICLE","PARKING LOT","UNABLE TO DETERMINE",41.691680749,-87.700516175
"2760","none",2021-11-15 02:30:00,2,"ON SCENE",2,10,"CLEAR","DARKNESS, LIGHTED ROAD","DRY","PARKED MOTOR VEHICLE","PARKING LOT","UNABLE TO DETERMINE",41.691680749,-87.700516175
"2761","none",2021-11-15 02:25:00,2,"UNKNOWN",2,30,"CLEAR","DARKNESS, LIGHTED ROAD","DRY","PARKED MOTOR VEHICLE","NOT DIVIDED","UNABLE TO DETERMINE",41.93677529,-87.772727783
"2762","injuries",2021-11-15 02:18:00,2,"ON SCENE",3,35,"CLEAR","DARKNESS, LIGHTED ROAD","DRY","PARKED MOTOR VEHICLE","NOT DIVIDED","UNDER THE INFLUENCE OF ALCOHOL/DRUGS (USE WHEN ARREST IS EFFECTED)",41.988758557,-87.792470914
"2763","none",2021-11-15 02:14:00,2,"NOT ON SCENE (DESK REPORT)",2,30,"CLEAR","DARKNESS","DRY","PARKED MOTOR VEHICLE","NOT DIVIDED","UNABLE TO DETERMINE",41.94508036,-87.828752917
"2764","none",2021-11-15 02:09:00,2,"ON SCENE",1,30,"CLEAR","DARKNESS, LIGHTED ROAD","DRY","FIXED OBJECT","FOUR WAY","NOT APPLICABLE",41.773233904,-87.605624455
"2765","none",2021-11-15 02:07:00,2,"ON SCENE",2,30,"CLEAR","DARKNESS, LIGHTED ROAD","DRY","TURNING","NOT DIVIDED","DISREGARDING STOP SIGN",41.821734921,-87.704361
"2766","injuries",2021-11-15 00:48:00,0,"ON SCENE",2,25,"CLEAR","DARKNESS, LIGHTED ROAD","DRY","PEDALCYCLIST","ONE-WAY","UNABLE TO DETERMINE",41.799879843,-87.644816443
"2767","none",2021-11-15 00:46:00,0,"ON SCENE",2,30,"CLEAR","DARKNESS, LIGHTED ROAD","DRY","PARKED MOTOR VEHICLE","DRIVEWAY","IMPROPER BACKING",41.866831454,-87.625669609
"2768","none",2021-11-15 00:44:00,0,"ON SCENE",3,30,"CLEAR","DARKNESS, LIGHTED ROAD","DRY","PARKED MOTOR VEHICLE","NOT DIVIDED","UNDER THE INFLUENCE OF ALCOHOL/DRUGS (USE WHEN ARREST IS EFFECTED)",41.836906991,-87.71671278
"2769","injuries",2021-11-15 00:38:00,0,"ON SCENE",1,30,"CLEAR","DARKNESS, LIGHTED ROAD","DRY","FIXED OBJECT","NOT DIVIDED","UNABLE TO DETERMINE",41.834833585,-87.611398262
"2770","injuries",2021-11-15 00:31:00,0,"UNKNOWN",1,30,"CLOUDY/OVERCAST","DARKNESS","DRY","FIXED OBJECT","ONE-WAY","UNABLE TO DETERMINE",41.787028468,-87.630163811
"2771","injuries",2021-11-15 00:15:00,0,"ON SCENE",2,30,"CLEAR","DARKNESS, LIGHTED ROAD","DRY","TURNING","DIVIDED - W/MEDIAN (NOT RAISED)","DISREGARDING TRAFFIC SIGNALS",41.736189235,-87.624176526
"2772","none",2021-11-15 00:01:00,0,"NOT ON SCENE (DESK REPORT)",2,30,"CLEAR","DARKNESS, LIGHTED ROAD","UNKNOWN","PARKED MOTOR VEHICLE","ONE-WAY","NOT APPLICABLE",41.912270986,-87.719211468
"2773","injuries",2021-11-15 00:00:00,0,"ON SCENE",2,30,"CLEAR","DARKNESS","DRY","PEDESTRIAN","NOT DIVIDED","UNABLE TO DETERMINE",41.692684407,-87.609720122
"2774","none",2021-11-14 23:40:00,23,"ON SCENE",2,35,"CLEAR","DARKNESS, LIGHTED ROAD","DRY","TURNING","NOT DIVIDED","FOLLOWING TOO CLOSELY",41.78015117,-87.625519665
"2775","injuries",2021-11-14 23:39:00,23,"ON SCENE",2,30,"CLEAR","DARKNESS, LIGHTED ROAD","DRY","TURNING","NOT DIVIDED","FAILING TO YIELD RIGHT-OF-WAY",41.961494014,-87.683894048
"2776","none",2021-11-14 23:00:00,23,"NOT ON SCENE (DESK REPORT)",2,30,"CLEAR","DARKNESS","DRY","PARKED MOTOR VEHICLE","ONE-WAY","UNABLE TO DETERMINE",41.897525508,-87.76058424
"2777","none",2021-11-14 22:59:00,22,"ON SCENE",1,25,"CLEAR","DARKNESS, LIGHTED ROAD","DRY","FIXED OBJECT","NOT DIVIDED","UNABLE TO DETERMINE",41.790846535,-87.627908708
"2778","none",2021-11-14 22:50:00,22,"ON SCENE",2,30,"CLEAR","DARKNESS, LIGHTED ROAD","DRY","ANGLE","NOT DIVIDED","IMPROPER LANE USAGE",41.885695503,-87.636680717
"2779","none",2021-11-14 22:29:00,22,"ON SCENE",3,30,"CLEAR","DARKNESS, LIGHTED ROAD","DRY","SIDESWIPE SAME DIRECTION","ONE-WAY","UNABLE TO DETERMINE",41.787067227,-87.620795187
"2780","none",2021-11-14 22:15:00,22,"NOT ON SCENE (DESK REPORT)",2,30,"CLEAR","DARKNESS, LIGHTED ROAD","DRY","TURNING","NOT DIVIDED","UNABLE TO DETERMINE",41.867402434,-87.620427605
"2781","none",2021-11-14 22:15:00,22,"ON SCENE",2,30,"CLEAR","DARKNESS, LIGHTED ROAD","DRY","ANGLE","NOT DIVIDED","OPERATING VEHICLE IN ERRATIC, RECKLESS, CARELESS, NEGLIGENT OR AGGRESSIVE MANNER",41.722487307,-87.582514642
"2782","none",2021-11-14 22:10:00,22,"ON SCENE",2,45,"CLEAR","DARKNESS, LIGHTED ROAD","DRY","SIDESWIPE SAME DIRECTION","DIVIDED - W/MEDIAN BARRIER","UNABLE TO DETERMINE",41.976201139,-87.905309125
"2783","none",2021-11-14 22:00:00,22,"ON SCENE",2,30,"CLEAR","DARKNESS, LIGHTED ROAD","DRY","ANGLE","FOUR WAY","UNABLE TO DETERMINE",41.99047274,-87.710924866
"2784","none",2021-11-14 22:00:00,22,"NOT ON SCENE (DESK REPORT)",3,30,"CLEAR","DARKNESS, LIGHTED ROAD","DRY","PARKED MOTOR VEHICLE","NOT DIVIDED","UNABLE TO DETERMINE",41.694331793,-87.612054451
"2785","none",2021-11-14 21:30:00,21,"NOT ON SCENE (DESK REPORT)",2,30,"CLEAR","DARKNESS, LIGHTED ROAD","DRY","PARKED MOTOR VEHICLE","ONE-WAY","OPERATING VEHICLE IN ERRATIC, RECKLESS, CARELESS, NEGLIGENT OR AGGRESSIVE MANNER",41.743381404,-87.587001993
"2786","none",2021-11-14 21:24:00,21,"ON SCENE",2,20,"CLEAR","DARKNESS, LIGHTED ROAD","DRY","PARKED MOTOR VEHICLE","ONE-WAY","UNABLE TO DETERMINE",41.927762889,-87.73436773
"2787","none",2021-11-14 21:22:00,21,"ON SCENE",2,30,"CLEAR","DAWN","DRY","SIDESWIPE SAME DIRECTION","T-INTERSECTION","DISREGARDING TRAFFIC SIGNALS",41.836935349,-87.729275854
"2788","none",2021-11-14 21:10:00,21,"ON SCENE",2,30,"CLEAR","DARKNESS","DRY","REAR END","NOT DIVIDED","FOLLOWING TOO CLOSELY",41.866073587,-87.624267673
"2789","none",2021-11-14 21:06:00,21,"NOT ON SCENE (DESK REPORT)",2,30,"CLEAR","DUSK","DRY","REAR END","DIVIDED - W/MEDIAN (NOT RAISED)","FOLLOWING TOO CLOSELY",41.900170321,-87.624025871
"2790","none",2021-11-14 21:00:00,21,"ON SCENE",2,35,"UNKNOWN","DARKNESS, LIGHTED ROAD","UNKNOWN","PARKED MOTOR VEHICLE","ONE-WAY","IMPROPER BACKING",41.936366918,-87.729715325
"2791","none",2021-11-14 21:00:00,21,"NOT ON SCENE (DESK REPORT)",2,25,"CLEAR","DARKNESS","DRY","PARKED MOTOR VEHICLE","NOT DIVIDED","UNABLE TO DETERMINE",41.965533553,-87.729903758
"2792","none",2021-11-14 21:00:00,21,"ON SCENE",2,30,"CLEAR","DARKNESS, LIGHTED ROAD","DRY","ANGLE","FOUR WAY","UNABLE TO DETERMINE",41.744996991,-87.648796719
"2793","none",2021-11-14 20:49:00,20,"ON SCENE",2,35,"CLEAR","DARKNESS, LIGHTED ROAD","DRY","TURNING","DIVIDED - W/MEDIAN (NOT RAISED)","FAILING TO REDUCE SPEED TO AVOID CRASH",41.953949962,-87.714066554
"2794","none",2021-11-14 20:46:00,20,"ON SCENE",2,45,"CLEAR","DARKNESS, LIGHTED ROAD","DRY","SIDESWIPE SAME DIRECTION","DIVIDED - W/MEDIAN BARRIER","IMPROPER LANE USAGE",41.961886131,-87.64616634
"2795","none",2021-11-14 20:40:00,20,"NOT ON SCENE (DESK REPORT)",2,30,"CLEAR","DARKNESS, LIGHTED ROAD","DRY","TURNING","DIVIDED - W/MEDIAN (NOT RAISED)","FAILING TO REDUCE SPEED TO AVOID CRASH",41.895049038,-87.745955516
"2796","none",2021-11-14 20:30:00,20,"NOT ON SCENE (DESK REPORT)",2,35,"UNKNOWN","UNKNOWN","UNKNOWN","ANGLE","UNKNOWN","NOT APPLICABLE",41.775140858,-87.586441972
"2797","none",2021-11-14 20:30:00,20,"NOT ON SCENE (DESK REPORT)",2,30,"CLEAR","DARKNESS","DRY","PARKED MOTOR VEHICLE","NOT DIVIDED","UNABLE TO DETERMINE",41.795571634,-87.696812347
"2798","none",2021-11-14 20:23:00,20,"ON SCENE",2,30,"CLEAR","DARKNESS, LIGHTED ROAD","DRY","HEAD ON","NOT DIVIDED","DRIVING ON WRONG SIDE/WRONG WAY",41.700042688,-87.620784182
"2799","none",2021-11-14 20:15:00,20,"ON SCENE",3,25,"CLEAR","DARKNESS, LIGHTED ROAD","DRY","PARKED MOTOR VEHICLE","NOT DIVIDED","UNDER THE INFLUENCE OF ALCOHOL/DRUGS (USE WHEN ARREST IS EFFECTED)",41.929547876,-87.69376748
"2800","none",2021-11-14 20:10:00,20,"NOT ON SCENE (DESK REPORT)",2,20,"CLEAR","DARKNESS, LIGHTED ROAD","DRY","SIDESWIPE SAME DIRECTION","OTHER","UNABLE TO DETERMINE",41.976201139,-87.905309125
"2801","none",2021-11-14 20:06:00,20,"NOT ON SCENE (DESK REPORT)",2,20,"UNKNOWN","DARKNESS, LIGHTED ROAD","UNKNOWN","REAR TO FRONT","DIVIDED - W/MEDIAN (NOT RAISED)","UNABLE TO DETERMINE",41.655731115,-87.617119958
"2802","none",2021-11-14 20:00:00,20,"ON SCENE",2,30,"CLEAR","DARKNESS, LIGHTED ROAD","DRY","ANGLE","FOUR WAY","DISREGARDING TRAFFIC SIGNALS",41.808369549,-87.684019397
"2803","none",2021-11-14 20:00:00,20,"NOT ON SCENE (DESK REPORT)",2,25,"UNKNOWN","UNKNOWN","UNKNOWN","PARKED MOTOR VEHICLE","ONE-WAY","UNABLE TO DETERMINE",41.987559605,-87.6643414
"2804","none",2021-11-14 19:56:00,19,"ON SCENE",3,35,"CLEAR","DARKNESS, LIGHTED ROAD","DRY","TURNING","DIVIDED - W/MEDIAN (NOT RAISED)","DRIVING SKILLS/KNOWLEDGE/EXPERIENCE",41.976214633,-87.674293782
"2805","none",2021-11-14 19:49:00,19,"NOT ON SCENE (DESK REPORT)",2,30,"CLEAR","DARKNESS, LIGHTED ROAD","DRY","REAR TO FRONT","DIVIDED - W/MEDIAN (NOT RAISED)","UNABLE TO DETERMINE",41.890940946,-87.630324339
"2806","injuries",2021-11-14 19:33:00,19,"ON SCENE",2,35,"CLEAR","DARKNESS","DRY","TURNING","DIVIDED - W/MEDIAN (NOT RAISED)","FAILING TO YIELD RIGHT-OF-WAY",41.704138271,-87.720686806
"2807","none",2021-11-14 19:31:00,19,"NOT ON SCENE (DESK REPORT)",2,30,"CLEAR","DARKNESS, LIGHTED ROAD","UNKNOWN","TURNING","NOT DIVIDED","UNABLE TO DETERMINE",41.880612345,-87.725942339
"2808","none",2021-11-14 19:31:00,19,"ON SCENE",2,30,"RAIN","DARKNESS, LIGHTED ROAD","WET","REAR END","ONE-WAY","UNABLE TO DETERMINE",41.976201139,-87.905309125
"2809","none",2021-11-14 19:30:00,19,"NOT ON SCENE (DESK REPORT)",2,30,"CLEAR","DARKNESS, LIGHTED ROAD","DRY","SIDESWIPE SAME DIRECTION","NOT DIVIDED","UNABLE TO DETERMINE",41.760278061,-87.741619961
"2810","none",2021-11-14 19:30:00,19,"NOT ON SCENE (DESK REPORT)",2,30,"CLEAR","DARKNESS, LIGHTED ROAD","DRY","SIDESWIPE SAME DIRECTION","ONE-WAY","FAILING TO YIELD RIGHT-OF-WAY",41.997063237,-87.697329104
"2811","none",2021-11-14 19:22:00,19,"NOT ON SCENE (DESK REPORT)",2,30,"CLEAR","DARKNESS, LIGHTED ROAD","DRY","SIDESWIPE SAME DIRECTION","DIVIDED - W/MEDIAN BARRIER","DRIVING SKILLS/KNOWLEDGE/EXPERIENCE",41.867323482,-87.625653447
"2812","none",2021-11-14 19:15:00,19,"NOT ON SCENE (DESK REPORT)",2,30,"CLEAR","DUSK","UNKNOWN","ANGLE","NOT DIVIDED","UNABLE TO DETERMINE",41.677567307,-87.665844926
"2813","none",2021-11-14 19:00:00,19,"NOT ON SCENE (DESK REPORT)",2,30,"CLEAR","DARKNESS, LIGHTED ROAD","DRY","ANGLE","DIVIDED - W/MEDIAN (NOT RAISED)","IMPROPER OVERTAKING/PASSING",41.780232261,-87.610947233
"2814","none",2021-11-14 19:00:00,19,"NOT ON SCENE (DESK REPORT)",2,30,"CLEAR","DARKNESS","UNKNOWN","TURNING","NOT DIVIDED","IMPROPER TURNING/NO SIGNAL",41.877385456,-87.711018479
"2815","none",2021-11-14 19:00:00,19,"NOT ON SCENE (DESK REPORT)",2,30,"UNKNOWN","UNKNOWN","DRY","ANGLE","ONE-WAY","FAILING TO YIELD RIGHT-OF-WAY",41.842564837,-87.707567095
"2816","none",2021-11-14 19:00:00,19,"NOT ON SCENE (DESK REPORT)",2,30,"CLEAR","DARKNESS","UNKNOWN","SIDESWIPE SAME DIRECTION","ONE-WAY","IMPROPER OVERTAKING/PASSING",41.850034507,-87.707494076
"2817","none",2021-11-14 19:00:00,19,"NOT ON SCENE (DESK REPORT)",2,30,"CLEAR","DARKNESS, LIGHTED ROAD","DRY","REAR END","DIVIDED - W/MEDIAN (NOT RAISED)","PHYSICAL CONDITION OF DRIVER",41.771013827,-87.616027779
"2818","none",2021-11-14 18:45:00,18,"ON SCENE",2,30,"CLEAR","DARKNESS, LIGHTED ROAD","DRY","TURNING","NOT DIVIDED","FAILING TO YIELD RIGHT-OF-WAY",41.816829509,-87.743541715
"2819","injuries",2021-11-14 18:43:00,18,"ON SCENE",2,20,"CLEAR","DARKNESS, LIGHTED ROAD","DRY","SIDESWIPE OPPOSITE DIRECTION","ONE-WAY","UNABLE TO DETERMINE",41.940738286,-87.736940476
"2820","none",2021-11-14 18:43:00,18,"ON SCENE",2,40,"CLOUDY/OVERCAST","DARKNESS, LIGHTED ROAD","WET","REAR END","DIVIDED - W/MEDIAN BARRIER","FAILING TO REDUCE SPEED TO AVOID CRASH",41.896804972,-87.617027423
"2821","none",2021-11-14 18:36:00,18,"ON SCENE",2,30,"CLEAR","DARKNESS, LIGHTED ROAD","DRY","REAR END","NOT DIVIDED","FAILING TO REDUCE SPEED TO AVOID CRASH",41.909943335,-87.711949783
"2822","none",2021-11-14 18:30:00,18,"ON SCENE",1,30,"CLEAR","DARKNESS, LIGHTED ROAD","DRY","FIXED OBJECT","DIVIDED - W/MEDIAN (NOT RAISED)","NOT APPLICABLE",41.91360973,-87.687160333
"2823","none",2021-11-14 18:30:00,18,"NOT ON SCENE (DESK REPORT)",2,25,"UNKNOWN","UNKNOWN","UNKNOWN","ANGLE","UNKNOWN INTERSECTION TYPE","NOT APPLICABLE",41.866520396,-87.625663198
"2824","injuries",2021-11-14 18:24:00,18,"ON SCENE",2,30,"CLEAR","DARKNESS","DRY","TURNING","NOT DIVIDED","UNABLE TO DETERMINE",41.90886241,-87.745948898
"2825","none",2021-11-14 18:13:00,18,"ON SCENE",3,30,"CLEAR","DARKNESS","DRY","PARKED MOTOR VEHICLE","NOT DIVIDED","UNABLE TO DETERMINE",41.846387042,-87.685631463
"2826","injuries",2021-11-14 18:12:00,18,"ON SCENE",2,25,"UNKNOWN","DARKNESS, LIGHTED ROAD","UNKNOWN","REAR END","DIVIDED - W/MEDIAN (NOT RAISED)","UNABLE TO DETERMINE",41.939191037,-87.711215898
"2827","none",2021-11-14 18:10:00,18,"NOT ON SCENE (DESK REPORT)",2,30,"CLEAR","DARKNESS, LIGHTED ROAD","WET","PEDESTRIAN","NOT DIVIDED","UNABLE TO DETERMINE",41.909487956,-87.765776987
"2828","none",2021-11-14 18:10:00,18,"ON SCENE",2,35,"CLEAR","DUSK","DRY","REAR END","NOT DIVIDED","UNABLE TO DETERMINE",41.958100556,-87.727892953
"2829","none",2021-11-14 18:05:00,18,"ON SCENE",2,30,"CLEAR","DARKNESS","DRY","TURNING","DIVIDED - W/MEDIAN (NOT RAISED)","FAILING TO YIELD RIGHT-OF-WAY",41.809553218,-87.594956403
"2830","none",2021-11-14 18:00:00,18,"ON SCENE",2,30,"CLEAR","DARKNESS, LIGHTED ROAD","DRY","ANGLE","FOUR WAY","DISREGARDING TRAFFIC SIGNALS",41.884187654,-87.701411168
"2831","none",2021-11-14 18:00:00,18,"NOT ON SCENE (DESK REPORT)",2,30,"CLEAR","DARKNESS, LIGHTED ROAD","DRY","ANGLE","NOT REPORTED","DISREGARDING TRAFFIC SIGNALS",41.968966876,-87.674324356