"","injuries","crash_date","crash_hour","report_type","num_units","posted_speed_limit","weather_condition","lighting_condition","roadway_surface_cond","first_crash_type","trafficway_type","prim_contributory_cause","latitude","longitude"
"2832","none",2021-11-14 17:50:00,17,"NOT ON SCENE (DESK REPORT)",2,30,"CLEAR","DARKNESS, LIGHTED ROAD","DRY","REAR END","ONE-WAY","UNABLE TO DETERMINE",41.73616511,-87.625587569
"2833","none",2021-11-14 17:40:00,17,"ON SCENE",2,30,"CLEAR","DARKNESS, LIGHTED ROAD","DRY","TURNING","FOUR WAY","UNABLE TO DETERMINE",41.874339901,-87.735365359
"2834","injuries",2021-11-14 17:33:00,17,"ON SCENE",3,35,"CLEAR","DARKNESS","WET","TURNING","DIVIDED - W/MEDIAN (NOT RAISED)","UNABLE TO DETERMINE",41.813460649,-87.723648927
"2835","none",2021-11-14 17:31:00,17,"ON SCENE",2,30,"CLEAR","DARKNESS","UNKNOWN","SIDESWIPE SAME DIRECTION","DIVIDED - W/MEDIAN (NOT RAISED)","FAILING TO YIELD RIGHT-OF-WAY",41.769431088,-87.664089144
"2836","none",2021-11-14 17:31:00,17,"ON SCENE",2,30,"CLEAR","DARKNESS, LIGHTED ROAD","DRY","REAR END","NOT DIVIDED","FAILING TO REDUCE SPEED TO AVOID CRASH",41.972858367,-87.748057094
"2837","none",2021-11-14 17:30:00,17,"NOT ON SCENE (DESK REPORT)",2,25,"CLEAR","DARKNESS","DRY","PARKED MOTOR VEHICLE","NOT DIVIDED","UNABLE TO DETERMINE",41.948689459,-87.669976798
"2838","none",2021-11-14 17:20:00,17,"ON SCENE",2,30,"CLEAR","DARKNESS, LIGHTED ROAD","DRY","TURNING","T-INTERSECTION","FAILING TO YIELD RIGHT-OF-WAY",41.751642168,-87.581885525
"2839","injuries",2021-11-14 17:10:00,17,"ON SCENE",2,30,"CLEAR","DARKNESS, LIGHTED ROAD","DRY","TURNING","DIVIDED - W/MEDIAN (NOT RAISED)","FAILING TO YIELD RIGHT-OF-WAY",41.961374181,-87.676741609
"2840","none",2021-11-14 17:07:00,17,"ON SCENE",2,30,"CLEAR","DARKNESS, LIGHTED ROAD","DRY","TURNING","DIVIDED - W/MEDIAN BARRIER","FAILING TO YIELD RIGHT-OF-WAY",41.894885724,-87.746764666
"2841","none",2021-11-14 17:05:00,17,"NOT ON SCENE (DESK REPORT)",2,30,"CLEAR","DUSK","DRY","REAR TO FRONT","ONE-WAY","IMPROPER BACKING",41.735833201,-87.636165987
"2842","none",2021-11-14 17:00:00,17,"NOT ON SCENE (DESK REPORT)",2,30,"UNKNOWN","DARKNESS, LIGHTED ROAD","UNKNOWN","SIDESWIPE SAME DIRECTION","DIVIDED - W/MEDIAN (NOT RAISED)","IMPROPER LANE USAGE",41.715916202,-87.535130612
"2843","none",2021-11-14 17:00:00,17,"NOT ON SCENE (DESK REPORT)",2,30,"CLEAR","DARKNESS, LIGHTED ROAD","WET","REAR END","ONE-WAY","FOLLOWING TOO CLOSELY",41.778155606,-87.630230965
"2844","none",2021-11-14 17:00:00,17,"NOT ON SCENE (DESK REPORT)",2,15,"UNKNOWN","DARKNESS","UNKNOWN","PARKED MOTOR VEHICLE","NOT DIVIDED","UNABLE TO DETERMINE",41.927114867,-87.651751048
"2845","none",2021-11-14 17:00:00,17,"ON SCENE",2,30,"CLEAR","DARKNESS, LIGHTED ROAD","DRY","PARKED MOTOR VEHICLE","NOT DIVIDED","UNABLE TO DETERMINE",41.802895901,-87.669539901
"2846","none",2021-11-14 16:53:00,16,"ON SCENE",2,30,"CLEAR","DUSK","DRY","TURNING","FOUR WAY","UNABLE TO DETERMINE",41.924090199,-87.76605353
"2847","none",2021-11-14 16:42:00,16,"NOT ON SCENE (DESK REPORT)",2,30,"CLEAR","DARKNESS, LIGHTED ROAD","DRY","PARKED MOTOR VEHICLE","PARKING LOT","UNABLE TO DETERMINE",41.73616511,-87.625587569
"2848","none",2021-11-14 16:40:00,16,"ON SCENE",3,15,"CLEAR","DAWN","DRY","TURNING","FOUR WAY","DRIVING ON WRONG SIDE/WRONG WAY",41.780369246,-87.614475347
"2849","none",2021-11-14 16:23:00,16,"ON SCENE",2,30,"CLEAR","DARKNESS, LIGHTED ROAD","WET","ANGLE","ONE-WAY","UNABLE TO DETERMINE",41.770408171,-87.655324879
"2850","none",2021-11-14 16:20:00,16,"NOT ON SCENE (DESK REPORT)",2,30,"UNKNOWN","DARKNESS, LIGHTED ROAD","UNKNOWN","ANGLE","NOT DIVIDED","UNABLE TO DETERMINE",41.877334529,-87.710742372
"2851","none",2021-11-14 16:17:00,16,"NOT ON SCENE (DESK REPORT)",2,30,"CLEAR","DAYLIGHT","DRY","PARKED MOTOR VEHICLE","NOT DIVIDED","DRIVING SKILLS/KNOWLEDGE/EXPERIENCE",41.726985028,-87.662667015
"2852","none",2021-11-14 16:17:00,16,"ON SCENE",2,30,"CLEAR","DUSK","DRY","TURNING","NOT DIVIDED","UNABLE TO DETERMINE",41.949039363,-87.688174714
"2853","none",2021-11-14 16:13:00,16,"ON SCENE",2,30,"CLEAR","DAYLIGHT","DRY","ANGLE","NOT DIVIDED","UNABLE TO DETERMINE",41.835171684,-87.724375084
"2854","none",2021-11-14 16:10:00,16,"ON SCENE",2,30,"CLEAR","DUSK","DRY","TURNING","DIVIDED - W/MEDIAN (NOT RAISED)","UNABLE TO DETERMINE",41.972000803,-87.688875755
"2855","none",2021-11-14 16:05:00,16,"ON SCENE",2,30,"CLEAR","DAYLIGHT","DRY","TURNING","DIVIDED - W/MEDIAN (NOT RAISED)","FAILING TO YIELD RIGHT-OF-WAY",41.953860543,-87.698893237
"2856","none",2021-11-14 16:02:00,16,"ON SCENE",2,30,"CLOUDY/OVERCAST","DAYLIGHT","WET","TURNING","NOT DIVIDED","IMPROPER TURNING/NO SIGNAL",41.895056247,-87.754911897
"2857","none",2021-11-14 16:02:00,16,"ON SCENE",2,30,"CLEAR","DARKNESS, LIGHTED ROAD","DRY","PARKED MOTOR VEHICLE","DIVIDED - W/MEDIAN (NOT RAISED)","IMPROPER OVERTAKING/PASSING",41.937998782,-87.644478815
"2858","none",2021-11-14 16:01:00,16,"NOT ON SCENE (DESK REPORT)",2,30,"CLEAR","DAYLIGHT","DRY","REAR END","NOT DIVIDED","UNABLE TO DETERMINE",41.948766022,-87.712630201
"2859","none",2021-11-14 16:00:00,16,"NOT ON SCENE (DESK REPORT)",2,30,"CLEAR","UNKNOWN","DRY","PARKED MOTOR VEHICLE","ONE-WAY","UNABLE TO DETERMINE",41.907235016,-87.709523505
"2860","none",2021-11-14 15:53:00,15,"ON SCENE",2,30,"CLEAR","DARKNESS, LIGHTED ROAD","DRY","SIDESWIPE SAME DIRECTION","DIVIDED - W/MEDIAN (NOT RAISED)","IMPROPER OVERTAKING/PASSING",41.939852081,-87.650653329
"2861","none",2021-11-14 15:48:00,15,"NOT ON SCENE (DESK REPORT)",2,30,"CLEAR","DAYLIGHT","UNKNOWN","SIDESWIPE SAME DIRECTION","NOT DIVIDED","IMPROPER LANE USAGE",41.98371191,-87.660218411
"2862","injuries",2021-11-14 15:42:00,15,"ON SCENE",2,30,"CLEAR","DAYLIGHT","DRY","TURNING","NOT DIVIDED","FAILING TO YIELD RIGHT-OF-WAY",41.758637921,-87.588046487
"2863","none",2021-11-14 15:40:00,15,"NOT ON SCENE (DESK REPORT)",2,30,"UNKNOWN","UNKNOWN","UNKNOWN","REAR END","UNKNOWN","UNABLE TO DETERMINE",41.974851745,-87.768643015
"2864","none",2021-11-14 15:30:00,15,"ON SCENE",2,15,"CLEAR","DAYLIGHT","DRY","PARKED MOTOR VEHICLE","PARKING LOT","IMPROPER BACKING",41.779503768,-87.654101787
"2865","none",2021-11-14 15:30:00,15,"ON SCENE",2,30,"CLEAR","DAYLIGHT","DRY","PARKED MOTOR VEHICLE","DIVIDED - W/MEDIAN (NOT RAISED)","UNABLE TO DETERMINE",41.931701796,-87.712448656
"2866","none",2021-11-14 15:30:00,15,"NOT ON SCENE (DESK REPORT)",2,35,"CLEAR","DUSK","UNKNOWN","PARKED MOTOR VEHICLE","DIVIDED - W/MEDIAN (NOT RAISED)","UNABLE TO DETERMINE",41.925787036,-87.802500936
"2867","none",2021-11-14 15:30:00,15,"ON SCENE",2,30,"CLEAR","DARKNESS, LIGHTED ROAD","DRY","SIDESWIPE SAME DIRECTION","NOT DIVIDED","FAILING TO YIELD RIGHT-OF-WAY",41.889454352,-87.620263305
"2868","none",2021-11-14 15:27:00,15,"ON SCENE",2,30,"CLEAR","DAYLIGHT","DRY","ANGLE","NOT DIVIDED","FAILING TO YIELD RIGHT-OF-WAY",41.783092734,-87.723031375
"2869","none",2021-11-14 15:00:00,15,"NOT ON SCENE (DESK REPORT)",2,25,"RAIN","DAYLIGHT","WET","REAR TO FRONT","NOT DIVIDED","UNABLE TO DETERMINE",41.711953116,-87.666436681
"2870","none",2021-11-14 15:00:00,15,"ON SCENE",2,30,"CLEAR","DARKNESS, LIGHTED ROAD","DRY","PARKED MOTOR VEHICLE","DIVIDED - W/MEDIAN (NOT RAISED)","UNABLE TO DETERMINE",41.917681905,-87.712047367
"2871","none",2021-11-14 15:00:00,15,"NOT ON SCENE (DESK REPORT)",2,10,"CLEAR","DARKNESS, LIGHTED ROAD","DRY","PARKED MOTOR VEHICLE","PARKING LOT","UNABLE TO DETERMINE",41.893519042,-87.620153263
"2872","none",2021-11-14 14:50:00,14,"NOT ON SCENE (DESK REPORT)",2,30,"CLEAR","DAYLIGHT","DRY","ANGLE","PARKING LOT","UNABLE TO DETERMINE",41.931688919,-87.743016947
"2873","none",2021-11-14 14:49:00,14,"ON SCENE",2,30,"RAIN","DAYLIGHT","WET","REAR END","ONE-WAY","FOLLOWING TOO CLOSELY",41.777988117,-87.666795383
"2874","none",2021-11-14 14:45:00,14,"NOT ON SCENE (DESK REPORT)",2,20,"CLEAR","DAYLIGHT","DRY","PARKED MOTOR VEHICLE","ONE-WAY","UNABLE TO DETERMINE",41.749229677,-87.606540604
"2875","none",2021-11-14 14:40:00,14,"ON SCENE",2,30,"RAIN","DAYLIGHT","WET","REAR END","DIVIDED - W/MEDIAN BARRIER","UNABLE TO DETERMINE",41.995077027,-87.884689484
"2876","none",2021-11-14 14:39:00,14,"NOT ON SCENE (DESK REPORT)",2,30,"CLEAR","DAYLIGHT","WET","REAR END","NOT DIVIDED","NOT APPLICABLE",41.749723972,-87.702539572
"2877","none",2021-11-14 14:30:00,14,"NOT ON SCENE (DESK REPORT)",2,25,"UNKNOWN","DAYLIGHT","UNKNOWN","PARKED MOTOR VEHICLE","NOT DIVIDED","UNABLE TO DETERMINE",41.902619401,-87.736273282
"2878","none",2021-11-14 14:27:00,14,"ON SCENE",2,30,"CLEAR","DAYLIGHT","DRY","SIDESWIPE SAME DIRECTION","DIVIDED - W/MEDIAN BARRIER","IMPROPER LANE USAGE",41.757901249,-87.722047731
"2879","none",2021-11-14 14:25:00,14,"ON SCENE",2,30,"CLEAR","DAYLIGHT","DRY","REAR END","FOUR WAY","FAILING TO REDUCE SPEED TO AVOID CRASH",41.808577167,-87.606690179
"2880","injuries",2021-11-14 14:20:00,14,"NOT ON SCENE (DESK REPORT)",2,30,"CLEAR","DAYLIGHT","UNKNOWN","REAR END","NOT DIVIDED","FOLLOWING TOO CLOSELY",41.870797168,-87.71541073
"2881","injuries",2021-11-14 14:20:00,14,"ON SCENE",2,30,"CLEAR","DAYLIGHT","DRY","REAR END","NOT DIVIDED","FOLLOWING TOO CLOSELY",41.898729831,-87.746038713
"2882","none",2021-11-14 14:20:00,14,"NOT ON SCENE (DESK REPORT)",2,30,"CLEAR","DAYLIGHT","DRY","ANGLE","NOT DIVIDED","UNABLE TO DETERMINE",41.743324475,-87.653604878
"2883","none",2021-11-14 14:20:00,14,"NOT ON SCENE (DESK REPORT)",2,30,"CLEAR","DAYLIGHT","DRY","ANGLE","NOT DIVIDED","UNABLE TO DETERMINE",41.890992127,-87.614910669
"2884","none",2021-11-14 14:20:00,14,"NOT ON SCENE (DESK REPORT)",2,30,"SNOW","DAYLIGHT","WET","REAR END","FOUR WAY","FAILING TO REDUCE SPEED TO AVOID CRASH",41.749723972,-87.702539572
"2885","none",2021-11-14 14:20:00,14,"ON SCENE",3,25,"CLEAR","DAYLIGHT","DRY","ANGLE","ONE-WAY","DISREGARDING TRAFFIC SIGNALS",41.884586267,-87.631010446
"2886","none",2021-11-14 14:15:00,14,"ON SCENE",2,30,"CLEAR","DAYLIGHT","DRY","SIDESWIPE SAME DIRECTION","NOT DIVIDED","FAILING TO YIELD RIGHT-OF-WAY",41.75045054,-87.664515661
"2887","none",2021-11-14 14:08:00,14,"ON SCENE",2,30,"CLOUDY/OVERCAST","DAYLIGHT","DRY","PARKED MOTOR VEHICLE","ONE-WAY","UNABLE TO DETERMINE",41.86455126,-87.7173229
"2888","none",2021-11-14 14:06:00,14,"ON SCENE",3,30,"CLEAR","DAYLIGHT","DRY","PARKED MOTOR VEHICLE","NOT DIVIDED","NOT APPLICABLE",41.84670229,-87.69514101
"2889","injuries",2021-11-14 14:05:00,14,"ON SCENE",2,30,"CLOUDY/OVERCAST","DAYLIGHT","DRY","PEDALCYCLIST","NOT DIVIDED","UNABLE TO DETERMINE",41.90380378,-87.644563747
"2890","none",2021-11-14 14:00:00,14,"NOT ON SCENE (DESK REPORT)",2,30,"CLEAR","DAYLIGHT","DRY","TURNING","NOT DIVIDED","UNABLE TO DETERMINE",41.967759338,-87.777265831
"2891","none",2021-11-14 14:00:00,14,"NOT ON SCENE (DESK REPORT)",2,30,"CLEAR","DAYLIGHT","DRY","TURNING","ONE-WAY","UNABLE TO DETERMINE",41.848060902,-87.704060417
"2892","none",2021-11-14 14:00:00,14,"ON SCENE",2,30,"CLOUDY/OVERCAST","DAYLIGHT","DRY","SIDESWIPE SAME DIRECTION","DIVIDED - W/MEDIAN BARRIER","UNABLE TO DETERMINE",41.659285555,-87.565302037
"2893","none",2021-11-14 14:00:00,14,"NOT ON SCENE (DESK REPORT)",2,30,"CLEAR","DAYLIGHT","DRY","REAR END","NOT DIVIDED","FOLLOWING TOO CLOSELY",41.774410555,-87.741997173
"2894","none",2021-11-14 14:00:00,14,"NOT ON SCENE (DESK REPORT)",2,35,"CLEAR","DAYLIGHT","DRY","TURNING","DIVIDED - W/MEDIAN (NOT RAISED)","UNABLE TO DETERMINE",41.930898731,-87.785234613
"2895","none",2021-11-14 14:00:00,14,"NOT ON SCENE (DESK REPORT)",2,50,"RAIN","DAYLIGHT","WET","SIDESWIPE SAME DIRECTION","DIVIDED - W/MEDIAN (NOT RAISED)","DRIVING SKILLS/KNOWLEDGE/EXPERIENCE",41.772906472,-87.612813839
"2896","none",2021-11-14 13:53:00,13,"NOT ON SCENE (DESK REPORT)",2,30,"UNKNOWN","DAYLIGHT","WET","REAR TO REAR","PARKING LOT","UNABLE TO DETERMINE",41.866500013,-87.686247063
"2897","none",2021-11-14 13:50:00,13,"NOT ON SCENE (DESK REPORT)",2,30,"RAIN","DAYLIGHT","WET","REAR END","DIVIDED - W/MEDIAN (NOT RAISED)","FAILING TO REDUCE SPEED TO AVOID CRASH",41.769707857,-87.57654226
"2898","none",2021-11-14 13:50:00,13,"NOT ON SCENE (DESK REPORT)",2,30,"RAIN","DAYLIGHT","WET","REAR END","DIVIDED - W/MEDIAN BARRIER","NOT APPLICABLE",41.867571015,-87.630586474
"2899","none",2021-11-14 13:50:00,13,"ON SCENE",2,30,"CLEAR","DAYLIGHT","WET","SIDESWIPE SAME DIRECTION","DIVIDED - W/MEDIAN BARRIER","UNABLE TO DETERMINE",41.900895855,-87.624359605
"2900","none",2021-11-14 13:45:00,13,"ON SCENE",2,30,"RAIN","DAYLIGHT","WET","SIDESWIPE SAME DIRECTION","DIVIDED - W/MEDIAN (NOT RAISED)","UNABLE TO DETERMINE",41.946087541,-87.74691498
"2901","none",2021-11-14 13:43:00,13,"ON SCENE",3,30,"CLEAR","DAYLIGHT","DRY","ANGLE","FOUR WAY","DISREGARDING TRAFFIC SIGNALS",41.801537152,-87.645490361
"2902","none",2021-11-14 13:40:00,13,"NOT ON SCENE (DESK REPORT)",2,30,"CLEAR","DAYLIGHT","WET","ANGLE","FOUR WAY","UNABLE TO DETERMINE",41.822816515,-87.687411304
"2903","none",2021-11-14 13:40:00,13,"ON SCENE",2,30,"RAIN","DAYLIGHT","WET","SIDESWIPE OPPOSITE DIRECTION","NOT DIVIDED","FAILING TO YIELD RIGHT-OF-WAY",41.652203821,-87.617377714
"2904","none",2021-11-14 13:32:00,13,"ON SCENE",2,30,"RAIN","DAYLIGHT","WET","SIDESWIPE OPPOSITE DIRECTION","NOT DIVIDED","OPERATING VEHICLE IN ERRATIC, RECKLESS, CARELESS, NEGLIGENT OR AGGRESSIVE MANNER",41.818386516,-87.616989907
"2905","none",2021-11-14 13:30:00,13,"NOT ON SCENE (DESK REPORT)",2,30,"CLEAR","DAYLIGHT","DRY","PARKED MOTOR VEHICLE","DIVIDED - W/MEDIAN (NOT RAISED)","UNABLE TO DETERMINE",41.777842522,-87.586523291
"2906","none",2021-11-14 13:20:00,13,"NOT ON SCENE (DESK REPORT)",2,30,"CLEAR","DAYLIGHT","WET","REAR END","NOT DIVIDED","FOLLOWING TOO CLOSELY",41.722638971,-87.570469114
"2907","none",2021-11-14 13:15:00,13,"NOT ON SCENE (DESK REPORT)",2,30,"CLEAR","DAYLIGHT","UNKNOWN","PARKED MOTOR VEHICLE","ALLEY","UNABLE TO DETERMINE",41.884841032,-87.627771895
"2908","none",2021-11-14 13:15:00,13,"NOT ON SCENE (DESK REPORT)",2,20,"CLEAR","DAYLIGHT","DRY","SIDESWIPE SAME DIRECTION","NOT DIVIDED","IMPROPER OVERTAKING/PASSING",41.903254515,-87.679825045
"2909","none",2021-11-14 13:15:00,13,"ON SCENE",2,30,"CLEAR","DAYLIGHT","DRY","PARKED MOTOR VEHICLE","NOT DIVIDED","DRIVING SKILLS/KNOWLEDGE/EXPERIENCE",41.906873119,-87.686981736
"2910","none",2021-11-14 13:15:00,13,"ON SCENE",2,35,"CLEAR","DAYLIGHT","DRY","ANGLE","NOT DIVIDED","DISREGARDING STOP SIGN",41.90365148,-87.728915771
"2911","none",2021-11-14 13:00:00,13,"NOT ON SCENE (DESK REPORT)",2,30,"CLEAR","DAYLIGHT","WET","SIDESWIPE SAME DIRECTION","NOT DIVIDED","IMPROPER LANE USAGE",41.764236587,-87.720009873
"2912","injuries",2021-11-14 13:00:00,13,"ON SCENE",2,35,"RAIN","DAYLIGHT","WET","TURNING","DIVIDED - W/MEDIAN (NOT RAISED)","FAILING TO YIELD RIGHT-OF-WAY",41.7215669,-87.643275303
"2913","none",2021-11-14 13:00:00,13,"ON SCENE",2,30,"SNOW","DAYLIGHT","WET","REAR END","FOUR WAY","FOLLOWING TOO CLOSELY",41.951961863,-87.836517756
"2914","none",2021-11-14 12:52:00,12,"NOT ON SCENE (DESK REPORT)",2,10,"UNKNOWN","DAYLIGHT","DRY","REAR TO FRONT","OTHER","UNABLE TO DETERMINE",41.901710924,-87.62566673
"2915","none",2021-11-14 12:51:00,12,"ON SCENE",2,30,"RAIN","DAYLIGHT","WET","REAR END","DIVIDED - W/MEDIAN BARRIER","FOLLOWING TOO CLOSELY",41.845098636,-87.650581016
"2916","none",2021-11-14 12:50:00,12,"NOT ON SCENE (DESK REPORT)",2,30,"CLEAR","DAYLIGHT","DRY","REAR END","FOUR WAY","UNABLE TO DETERMINE",41.990586042,-87.689822473
"2917","none",2021-11-14 12:50:00,12,"ON SCENE",3,30,"RAIN","DAYLIGHT","WET","ANGLE","NOT DIVIDED","FAILING TO YIELD RIGHT-OF-WAY",42.021028126,-87.668729585
"2918","none",2021-11-14 12:48:00,12,"ON SCENE",2,25,"CLEAR","DAYLIGHT","WET","PARKED MOTOR VEHICLE","NOT DIVIDED","EQUIPMENT - VEHICLE CONDITION",41.723091686,-87.667470366
"2919","none",2021-11-14 12:45:00,12,"NOT ON SCENE (DESK REPORT)",2,30,"UNKNOWN","UNKNOWN","OTHER","SIDESWIPE SAME DIRECTION","UNKNOWN","UNABLE TO DETERMINE",41.95412826,-87.766883502
"2920","none",2021-11-14 12:45:00,12,"ON SCENE",2,30,"RAIN","DAYLIGHT","WET","PEDALCYCLIST","DIVIDED - W/MEDIAN (NOT RAISED)","FAILING TO YIELD RIGHT-OF-WAY",41.780163084,-87.742494289
"2921","injuries",2021-11-14 12:40:00,12,"NOT ON SCENE (DESK REPORT)",2,30,"RAIN","DAYLIGHT","WET","REAR END","DIVIDED - W/MEDIAN (NOT RAISED)","UNABLE TO DETERMINE",41.955255638,-87.712808926
"2922","none",2021-11-14 12:40:00,12,"NOT ON SCENE (DESK REPORT)",2,30,"SNOW","DAYLIGHT","WET","TURNING","NOT DIVIDED","IMPROPER TURNING/NO SIGNAL",41.779226921,-87.674052731
"2923","none",2021-11-14 12:15:00,12,"ON SCENE",2,30,"RAIN","DAYLIGHT","WET","PARKED MOTOR VEHICLE","NOT DIVIDED","FAILING TO REDUCE SPEED TO AVOID CRASH",41.873104776,-87.751025662
"2924","none",2021-11-14 12:15:00,12,"NOT ON SCENE (DESK REPORT)",2,30,"FREEZING RAIN/DRIZZLE","DAYLIGHT","WET","SIDESWIPE SAME DIRECTION","NOT DIVIDED","UNABLE TO DETERMINE",41.953510001,-87.730262121
"2925","none",2021-11-14 12:11:00,12,"ON SCENE",2,30,"RAIN","DAYLIGHT","WET","REAR END","DIVIDED - W/MEDIAN (NOT RAISED)","FOLLOWING TOO CLOSELY",41.924102669,-87.765141752
"2926","none",2021-11-14 12:05:00,12,"NOT ON SCENE (DESK REPORT)",2,30,"CLEAR","DAYLIGHT","DRY","REAR END","NOT DIVIDED","UNABLE TO DETERMINE",41.916956726,-87.752808472
"2927","none",2021-11-14 12:00:00,12,"ON SCENE",2,30,"FREEZING RAIN/DRIZZLE","DAYLIGHT","WET","TURNING","NOT DIVIDED","IMPROPER TURNING/NO SIGNAL",41.692537042,-87.623249265
"2928","none",2021-11-14 12:00:00,12,"NOT ON SCENE (DESK REPORT)",2,30,"CLEAR","DAYLIGHT","DRY","TURNING","DIVIDED - W/MEDIAN (NOT RAISED)","FAILING TO YIELD RIGHT-OF-WAY",41.926930959,-87.680407904
"2929","none",2021-11-14 12:00:00,12,"NOT ON SCENE (DESK REPORT)",2,30,"CLEAR","DARKNESS, LIGHTED ROAD","DRY","PARKED MOTOR VEHICLE","NOT DIVIDED","DISREGARDING ROAD MARKINGS",41.755895287,-87.566458806
"2930","none",2021-11-14 11:50:00,11,"NOT ON SCENE (DESK REPORT)",2,30,"UNKNOWN","DAYLIGHT","UNKNOWN","ANGLE","NOT DIVIDED","DISREGARDING STOP SIGN",41.842602526,-87.705127811
"2931","none",2021-11-14 11:50:00,11,"ON SCENE",2,30,"RAIN","DAYLIGHT","WET","SIDESWIPE SAME DIRECTION","NOT DIVIDED","UNABLE TO DETERMINE",41.769852414,-87.722388348
"2932","none",2021-11-14 11:30:00,11,"ON SCENE",2,10,"CLOUDY/OVERCAST","DAYLIGHT","WET","PARKED MOTOR VEHICLE","PARKING LOT","UNABLE TO DETERMINE",41.938526114,-87.761733589
"2933","injuries",2021-11-14 11:30:00,11,"ON SCENE",1,30,"RAIN","DAYLIGHT","WET","OTHER OBJECT","DIVIDED - W/MEDIAN BARRIER","NOT APPLICABLE",41.89731263,-87.667472878
"2934","none",2021-11-14 11:24:00,11,"ON SCENE",3,30,"CLOUDY/OVERCAST","DAYLIGHT","DRY","ANGLE","NOT DIVIDED","DISREGARDING TRAFFIC SIGNALS",41.851553461,-87.715059286
"2935","none",2021-11-14 11:20:00,11,"NOT ON SCENE (DESK REPORT)",2,25,"UNKNOWN","UNKNOWN","UNKNOWN","PARKED MOTOR VEHICLE","OTHER","UNABLE TO DETERMINE",41.728739223,-87.638699511
"2936","none",2021-11-14 10:58:00,10,"ON SCENE",2,25,"FREEZING RAIN/DRIZZLE","DAYLIGHT","WET","SIDESWIPE SAME DIRECTION","DIVIDED - W/MEDIAN BARRIER","WEATHER",41.900958919,-87.619928174
"2937","none",2021-11-14 10:55:00,10,"NOT ON SCENE (DESK REPORT)",2,30,"RAIN","DAYLIGHT","WET","ANGLE","NOT DIVIDED","UNABLE TO DETERMINE",41.705160583,-87.720743752
"2938","none",2021-11-14 10:55:00,10,"ON SCENE",2,35,"CLEAR","DAYLIGHT","DRY","TURNING","NOT DIVIDED","IMPROPER TURNING/NO SIGNAL",42.019173074,-87.666166288
"2939","none",2021-11-14 10:52:00,10,"ON SCENE",2,30,"RAIN","DAYLIGHT","WET","REAR END","NOT DIVIDED","FOLLOWING TOO CLOSELY",41.928532772,-87.702562154
"2940","none",2021-11-14 10:50:00,10,"NOT ON SCENE (DESK REPORT)",2,30,"CLOUDY/OVERCAST","DAYLIGHT","DRY","REAR END","FOUR WAY","FOLLOWING TOO CLOSELY",41.918042046,-87.66799618
"2941","none",2021-11-14 10:50:00,10,"NOT ON SCENE (DESK REPORT)",3,30,"CLEAR","DAYLIGHT","DRY","REAR END","NOT DIVIDED","IMPROPER BACKING",41.867374025,-87.622594236
"2942","none",2021-11-14 10:45:00,10,"NOT ON SCENE (DESK REPORT)",2,45,"CLEAR","DAYLIGHT","WET","SIDESWIPE SAME DIRECTION","DIVIDED - W/MEDIAN (NOT RAISED)","UNABLE TO DETERMINE",41.899442359,-87.618291527
"2943","injuries",2021-11-14 10:40:00,10,"ON SCENE",2,30,"RAIN","DAYLIGHT","WET","TURNING","NOT DIVIDED","UNABLE TO DETERMINE",41.758077844,-87.627690445
"2944","none",2021-11-14 10:30:00,10,"ON SCENE",2,30,"RAIN","DAYLIGHT","WET","PARKED MOTOR VEHICLE","NOT DIVIDED","IMPROPER OVERTAKING/PASSING",41.819230996,-87.61630507
"2945","none",2021-11-14 10:30:00,10,"NOT ON SCENE (DESK REPORT)",2,30,"RAIN","DAYLIGHT","WET","SIDESWIPE SAME DIRECTION","DIVIDED - W/MEDIAN (NOT RAISED)","IMPROPER OVERTAKING/PASSING",41.749723972,-87.702539572
"2946","none",2021-11-14 10:30:00,10,"ON SCENE",2,35,"RAIN","DAYLIGHT","WET","TURNING","DIVIDED - W/MEDIAN (NOT RAISED)","IMPROPER TURNING/NO SIGNAL",41.773748148,-87.800660916
"2947","injuries",2021-11-14 10:30:00,10,"NOT ON SCENE (DESK REPORT)",2,30,"CLEAR","DAYLIGHT","DRY","PEDALCYCLIST","NOT DIVIDED","UNABLE TO DETERMINE",41.925467663,-87.678287511
"2948","none",2021-11-14 10:25:00,10,"NOT ON SCENE (DESK REPORT)",2,30,"CLEAR","DAYLIGHT","UNKNOWN","TURNING","NOT DIVIDED","DRIVING SKILLS/KNOWLEDGE/EXPERIENCE",41.961170319,-87.693745273
"2949","injuries",2021-11-14 10:20:00,10,"ON SCENE",2,30,"CLOUDY/OVERCAST","DARKNESS","DRY","PEDESTRIAN","CENTER TURN LANE","DRIVING SKILLS/KNOWLEDGE/EXPERIENCE",41.801114939,-87.587369685
"2950","none",2021-11-14 10:10:00,10,"NOT ON SCENE (DESK REPORT)",2,30,"RAIN","DAYLIGHT","WET","PARKED MOTOR VEHICLE","NOT DIVIDED","UNABLE TO DETERMINE",41.762257219,-87.610287614