"","injuries","crash_date","crash_hour","report_type","num_units","posted_speed_limit","weather_condition","lighting_condition","roadway_surface_cond","first_crash_type","trafficway_type","prim_contributory_cause","latitude","longitude"
"2951","none",2021-11-14 10:10:00,10,"ON SCENE",1,25,"RAIN","DAYLIGHT","WET","FIXED OBJECT","DIVIDED - W/MEDIAN BARRIER","WEATHER",41.900958919,-87.619928174
"2952","injuries",2021-11-14 10:07:00,10,"ON SCENE",2,25,"CLOUDY/OVERCAST","DAYLIGHT","WET","REAR TO REAR","DIVIDED - W/MEDIAN BARRIER","ROAD ENGINEERING/SURFACE/MARKING DEFECTS",41.900958919,-87.619928174
"2953","none",2021-11-14 10:00:00,10,"ON SCENE",2,20,"UNKNOWN","UNKNOWN","UNKNOWN","PARKED MOTOR VEHICLE","NOT DIVIDED","FAILING TO REDUCE SPEED TO AVOID CRASH",41.693115148,-87.687492294
"2954","none",2021-11-14 10:00:00,10,"NOT ON SCENE (DESK REPORT)",2,30,"CLOUDY/OVERCAST","DAYLIGHT","DRY","SIDESWIPE SAME DIRECTION","NOT DIVIDED","IMPROPER LANE USAGE",41.94033467,-87.836065252
"2955","none",2021-11-14 09:50:00,9,"ON SCENE",2,30,"RAIN","DAYLIGHT","WET","PEDESTRIAN","DIVIDED - W/MEDIAN (NOT RAISED)","UNABLE TO DETERMINE",41.94671926,-87.707971951
"2956","none",2021-11-14 09:49:00,9,"ON SCENE",2,15,"CLEAR","DAYLIGHT","DRY","SIDESWIPE SAME DIRECTION","OTHER","UNABLE TO DETERMINE",41.970445394,-87.716943111
"2957","none",2021-11-14 09:45:00,9,"NOT ON SCENE (DESK REPORT)",2,25,"CLOUDY/OVERCAST","DAYLIGHT","DRY","PARKED MOTOR VEHICLE","ONE-WAY","UNABLE TO DETERMINE",41.937069992,-87.722981835
"2958","none",2021-11-14 09:45:00,9,"ON SCENE",2,40,"RAIN","DAYLIGHT","WET","REAR END","DIVIDED - W/MEDIAN BARRIER","FOLLOWING TOO CLOSELY",41.896804972,-87.617027423
"2959","none",2021-11-14 09:38:00,9,"ON SCENE",2,20,"RAIN","DAYLIGHT","WET","PARKED MOTOR VEHICLE","NOT DIVIDED","OPERATING VEHICLE IN ERRATIC, RECKLESS, CARELESS, NEGLIGENT OR AGGRESSIVE MANNER",41.764923564,-87.598101553
"2960","none",2021-11-14 09:25:00,9,"ON SCENE",2,15,"RAIN","DAYLIGHT","WET","PARKED MOTOR VEHICLE","PARKING LOT","DRIVING SKILLS/KNOWLEDGE/EXPERIENCE",41.808901664,-87.606696966
"2961","none",2021-11-14 09:17:00,9,"ON SCENE",2,30,"SNOW","UNKNOWN","WET","PARKED MOTOR VEHICLE","ONE-WAY","UNABLE TO DETERMINE",41.822587451,-87.699736514
"2962","none",2021-11-14 09:00:00,9,"NOT ON SCENE (DESK REPORT)",2,30,"UNKNOWN","UNKNOWN","UNKNOWN","PARKED MOTOR VEHICLE","NOT DIVIDED","UNABLE TO DETERMINE",41.763808203,-87.716404994
"2963","none",2021-11-14 08:50:00,8,"ON SCENE",2,30,"SLEET/HAIL","DAYLIGHT","WET","PARKED MOTOR VEHICLE","ONE-WAY","EQUIPMENT - VEHICLE CONDITION",41.752637977,-87.674565596
"2964","none",2021-11-14 08:45:00,8,"ON SCENE",2,40,"RAIN","DAYLIGHT","WET","SIDESWIPE SAME DIRECTION","DIVIDED - W/MEDIAN BARRIER","WEATHER",41.900958919,-87.619928174
"2965","none",2021-11-14 08:30:00,8,"ON SCENE",2,35,"RAIN","DAYLIGHT","WET","PARKED MOTOR VEHICLE","NOT DIVIDED","UNABLE TO DETERMINE",41.670543281,-87.630250358
"2966","none",2021-11-14 08:30:00,8,"NOT ON SCENE (DESK REPORT)",2,25,"RAIN","DAYLIGHT","WET","PARKED MOTOR VEHICLE","NOT DIVIDED","UNABLE TO DETERMINE",41.763430273,-87.715169678
"2967","injuries",2021-11-14 08:14:00,8,"ON SCENE",3,30,"RAIN","DAYLIGHT","WET","REAR END","NOT DIVIDED","FAILING TO REDUCE SPEED TO AVOID CRASH",41.886265797,-87.737898333
"2968","none",2021-11-14 08:00:00,8,"UNKNOWN",2,30,"CLEAR","DAYLIGHT","DRY","PARKED MOTOR VEHICLE","ONE-WAY","UNABLE TO DETERMINE",41.796898718,-87.688860562
"2969","none",2021-11-14 08:00:00,8,"ON SCENE",2,30,"CLOUDY/OVERCAST","UNKNOWN","UNKNOWN","PARKED MOTOR VEHICLE","NOT DIVIDED","UNABLE TO DETERMINE",41.882024309,-87.736707146
"2970","none",2021-11-14 08:00:00,8,"NOT ON SCENE (DESK REPORT)",2,20,"CLEAR","DAYLIGHT","DRY","PARKED MOTOR VEHICLE","ONE-WAY","UNABLE TO DETERMINE",41.780380727,-87.705455521
"2971","none",2021-11-14 08:00:00,8,"ON SCENE",2,20,"FREEZING RAIN/DRIZZLE","DAYLIGHT","WET","PARKED MOTOR VEHICLE","ONE-WAY","UNABLE TO DETERMINE",41.901013633,-87.717573959
"2972","none",2021-11-14 08:00:00,8,"ON SCENE",1,30,"RAIN","DAYLIGHT","WET","OTHER OBJECT","NOT DIVIDED","UNABLE TO DETERMINE",41.750849435,-87.624555707
"2973","none",2021-11-14 08:00:00,8,"NOT ON SCENE (DESK REPORT)",2,30,"CLEAR","DAYLIGHT","DRY","SIDESWIPE OPPOSITE DIRECTION","NOT DIVIDED","NOT APPLICABLE",41.931125427,-87.783408404
"2974","injuries",2021-11-14 07:51:00,7,"ON SCENE",1,25,"RAIN","DAYLIGHT","WET","FIXED OBJECT","DIVIDED - W/MEDIAN BARRIER","ROAD ENGINEERING/SURFACE/MARKING DEFECTS",41.899322279,-87.618738433
"2975","none",2021-11-14 07:50:00,7,"ON SCENE",2,30,"UNKNOWN","UNKNOWN","UNKNOWN","PARKED MOTOR VEHICLE","NOT DIVIDED","UNABLE TO DETERMINE",41.80520006,-87.655308763
"2976","none",2021-11-14 07:50:00,7,"NOT ON SCENE (DESK REPORT)",2,30,"UNKNOWN","UNKNOWN","UNKNOWN","ANGLE","ONE-WAY","UNABLE TO DETERMINE",41.910471113,-87.717634607
"2977","none",2021-11-14 07:00:00,7,"ON SCENE",2,30,"RAIN","DAYLIGHT","WET","PARKED MOTOR VEHICLE","ONE-WAY","DISTRACTION - FROM OUTSIDE VEHICLE",41.773601135,-87.588941978
"2978","none",2021-11-14 06:48:00,6,"ON SCENE",1,30,"SNOW","DAYLIGHT","WET","FIXED OBJECT","FOUR WAY","FAILING TO REDUCE SPEED TO AVOID CRASH",41.715221236,-87.643105271
"2979","none",2021-11-14 06:10:00,6,"ON SCENE",1,30,"CLEAR","DARKNESS, LIGHTED ROAD","WET","FIXED OBJECT","DIVIDED - W/MEDIAN BARRIER","PHYSICAL CONDITION OF DRIVER",41.976460809,-87.657922372
"2980","none",2021-11-14 06:00:00,6,"NOT ON SCENE (DESK REPORT)",3,30,"CLEAR","DAWN","WET","PARKED MOTOR VEHICLE","ONE-WAY","UNABLE TO DETERMINE",41.919915606,-87.73290962
"2981","none",2021-11-14 06:00:00,6,"ON SCENE",2,30,"RAIN","DAYLIGHT","WET","PARKED MOTOR VEHICLE","ONE-WAY","IMPROPER LANE USAGE",41.751742414,-87.57247294
"2982","none",2021-11-14 05:45:00,5,"ON SCENE",1,35,"CLEAR","DAWN","DRY","FIXED OBJECT","NOT DIVIDED","UNABLE TO DETERMINE",41.983903828,-87.655257456
"2983","none",2021-11-14 05:30:00,5,"ON SCENE",1,30,"RAIN","DAWN","WET","OTHER OBJECT","OTHER","UNABLE TO DETERMINE",41.88027517,-87.769843951
"2984","none",2021-11-14 05:30:00,5,"ON SCENE",2,45,"CLEAR","DARKNESS","DRY","REAR END","NOT DIVIDED","UNABLE TO DETERMINE",41.880982208,-87.617104651
"2985","none",2021-11-14 05:05:00,5,"NOT ON SCENE (DESK REPORT)",2,30,"RAIN","DARKNESS, LIGHTED ROAD","WET","REAR END","NOT DIVIDED","UNABLE TO DETERMINE",41.924215797,-87.756210755
"2986","injuries",2021-11-14 05:00:00,5,"ON SCENE",2,30,"RAIN","DARKNESS, LIGHTED ROAD","WET","ANGLE","NOT DIVIDED","DISREGARDING STOP SIGN",41.768392247,-87.670130865
"2987","none",2021-11-14 05:00:00,5,"NOT ON SCENE (DESK REPORT)",2,30,"CLEAR","DARKNESS","DRY","HEAD ON","DIVIDED - W/MEDIAN (NOT RAISED)","IMPROPER LANE USAGE",41.764896965,-87.57641986
"2988","none",2021-11-14 04:55:00,4,"NOT ON SCENE (DESK REPORT)",2,30,"CLEAR","DARKNESS","DRY","REAR END","DIVIDED - W/MEDIAN (NOT RAISED)","FOLLOWING TOO CLOSELY",41.857530859,-87.644928607
"2989","none",2021-11-14 04:48:00,4,"ON SCENE",1,15,"CLEAR","DARKNESS, LIGHTED ROAD","WET","FIXED OBJECT","FOUR WAY","UNABLE TO DETERMINE",41.879689052,-87.72793955
"2990","none",2021-11-14 04:48:00,4,"NOT ON SCENE (DESK REPORT)",2,30,"SLEET/HAIL","DARKNESS, LIGHTED ROAD","WET","REAR END","NOT DIVIDED","FOLLOWING TOO CLOSELY",41.916953706,-87.753437306
"2991","none",2021-11-14 04:45:00,4,"ON SCENE",2,25,"CLEAR","DARKNESS, LIGHTED ROAD","DRY","ANGLE","NOT DIVIDED","UNABLE TO DETERMINE",41.899280192,-87.708884114
"2992","injuries",2021-11-14 04:40:00,4,"ON SCENE",2,30,"FREEZING RAIN/DRIZZLE","DARKNESS, LIGHTED ROAD","WET","ANGLE","FOUR WAY","UNABLE TO DETERMINE",41.764859382,-87.663940176
"2993","none",2021-11-14 04:30:00,4,"ON SCENE",1,25,"CLEAR","DARKNESS, LIGHTED ROAD","DRY","FIXED OBJECT","DIVIDED - W/MEDIAN BARRIER","DRIVING SKILLS/KNOWLEDGE/EXPERIENCE",41.900958919,-87.619928174
"2994","injuries",2021-11-14 04:28:00,4,"UNKNOWN",2,30,"FREEZING RAIN/DRIZZLE","DARKNESS, LIGHTED ROAD","WET","ANGLE","T-INTERSECTION","UNABLE TO DETERMINE",41.921353984,-87.779309727
"2995","none",2021-11-14 04:15:00,4,"ON SCENE",2,30,"FREEZING RAIN/DRIZZLE","DARKNESS, LIGHTED ROAD","WET","FIXED OBJECT","DIVIDED - W/MEDIAN (NOT RAISED)","WEATHER",41.779631077,-87.645469769
"2996","none",2021-11-14 04:10:00,4,"NOT ON SCENE (DESK REPORT)",2,30,"UNKNOWN","UNKNOWN","UNKNOWN","ANGLE","NOT DIVIDED","UNABLE TO DETERMINE",41.89917749,-87.711704106
"2997","injuries",2021-11-14 04:08:00,4,"ON SCENE",1,35,"CLEAR","DAYLIGHT","DRY","FIXED OBJECT","NOT DIVIDED","UNABLE TO DETERMINE",41.92440954,-87.741879956
"2998","none",2021-11-14 04:00:00,4,"ON SCENE",3,25,"RAIN","DARKNESS, LIGHTED ROAD","WET","PARKED MOTOR VEHICLE","NOT DIVIDED","IMPROPER LANE USAGE",41.853590338,-87.670835415
"2999","none",2021-11-14 04:00:00,4,"UNKNOWN",3,30,"RAIN","DARKNESS","WET","PARKED MOTOR VEHICLE","NOT DIVIDED","DISTRACTION - FROM INSIDE VEHICLE",41.657931253,-87.615917401
"3000","none",2021-11-14 04:00:00,4,"ON SCENE",2,25,"CLEAR","DARKNESS, LIGHTED ROAD","UNKNOWN","TURNING","NOT DIVIDED","FAILING TO YIELD RIGHT-OF-WAY",41.768677007,-87.662768755
"3001","none",2021-11-14 03:55:00,3,"UNKNOWN",2,30,"FREEZING RAIN/DRIZZLE","DARKNESS, LIGHTED ROAD","WET","PARKED MOTOR VEHICLE","NOT DIVIDED","FAILING TO REDUCE SPEED TO AVOID CRASH",41.896641228,-87.638688944
"3002","injuries",2021-11-14 03:53:00,3,"ON SCENE",2,30,"SNOW","DARKNESS, LIGHTED ROAD","WET","PEDESTRIAN","FOUR WAY","FAILING TO REDUCE SPEED TO AVOID CRASH",41.786654178,-87.664539158
"3003","none",2021-11-14 03:48:00,3,"ON SCENE",2,30,"RAIN","DARKNESS, LIGHTED ROAD","WET","ANGLE","ROUNDABOUT","UNABLE TO DETERMINE",41.870984539,-87.713251296
"3004","none",2021-11-14 03:45:00,3,"NOT ON SCENE (DESK REPORT)",2,30,"CLEAR","DAWN","DRY","REAR END","NOT DIVIDED","UNABLE TO DETERMINE",41.685958215,-87.603425032
"3005","injuries",2021-11-14 03:35:00,3,"ON SCENE",2,35,"OTHER","DARKNESS, LIGHTED ROAD","WET","HEAD ON","NOT DIVIDED","DRIVING ON WRONG SIDE/WRONG WAY",41.779901596,-87.623556097
"3006","none",2021-11-14 03:32:00,3,"UNKNOWN",2,30,"CLEAR","DARKNESS, LIGHTED ROAD","WET","TURNING","DIVIDED - W/MEDIAN (NOT RAISED)","UNABLE TO DETERMINE",41.887125369,-87.75546739
"3007","none",2021-11-14 03:30:00,3,"UNKNOWN",2,30,"CLEAR","DAWN","DRY","REAR END","ONE-WAY","NOT APPLICABLE",41.893297437,-87.634188275
"3008","none",2021-11-14 03:25:00,3,"UNKNOWN",2,30,"CLEAR","DARKNESS, LIGHTED ROAD","DRY","REAR TO SIDE","NOT DIVIDED","IMPROPER BACKING",41.908171346,-87.651686232
"3009","none",2021-11-14 03:16:00,3,"ON SCENE",3,30,"CLEAR","DARKNESS, LIGHTED ROAD","WET","ANGLE","NOT DIVIDED","DISREGARDING TRAFFIC SIGNALS",41.946740032,-87.707875489
"3010","injuries",2021-11-14 03:07:00,3,"ON SCENE",1,30,"RAIN","DARKNESS, LIGHTED ROAD","WET","FIXED OBJECT","RAMP","UNABLE TO DETERMINE",41.750852096,-87.624463832
"3011","injuries",2021-11-14 03:00:00,3,"NOT ON SCENE (DESK REPORT)",3,35,"CLEAR","DARKNESS, LIGHTED ROAD","DRY","REAR END","DIVIDED - W/MEDIAN (NOT RAISED)","FOLLOWING TOO CLOSELY",41.748583478,-87.653833843
"3012","injuries",2021-11-14 02:52:00,2,"ON SCENE",2,30,"CLEAR","DARKNESS, LIGHTED ROAD","WET","OTHER OBJECT","NOT DIVIDED","DISREGARDING TRAFFIC SIGNALS",41.816148586,-87.616925661
"3013","injuries",2021-11-14 02:51:00,2,"ON SCENE",2,35,"CLEAR","DARKNESS, LIGHTED ROAD","WET","REAR END","DIVIDED - W/MEDIAN BARRIER","FOLLOWING TOO CLOSELY",41.779680761,-87.575066734
"3014","none",2021-11-14 02:45:00,2,"NOT ON SCENE (DESK REPORT)",2,30,"UNKNOWN","DARKNESS, LIGHTED ROAD","UNKNOWN","PARKED MOTOR VEHICLE","DIVIDED - W/MEDIAN (NOT RAISED)","UNABLE TO DETERMINE",41.909801819,-87.634814812
"3015","injuries",2021-11-14 02:42:00,2,"NOT ON SCENE (DESK REPORT)",2,30,"RAIN","DARKNESS, LIGHTED ROAD","WET","SIDESWIPE SAME DIRECTION","ONE-WAY","DRIVING SKILLS/KNOWLEDGE/EXPERIENCE",41.690346065,-87.660556031
"3016","injuries",2021-11-14 02:35:00,2,"ON SCENE",2,30,"RAIN","DARKNESS, LIGHTED ROAD","WET","ANGLE","DIVIDED - W/MEDIAN (NOT RAISED)","DISREGARDING STOP SIGN",41.796725989,-87.756564745
"3017","injuries",2021-11-14 02:30:00,2,"NOT ON SCENE (DESK REPORT)",1,45,"RAIN","DARKNESS, LIGHTED ROAD","WET","FIXED OBJECT","DIVIDED - W/MEDIAN BARRIER","FAILING TO REDUCE SPEED TO AVOID CRASH",41.825397179,-87.600161707
"3018","none",2021-11-14 02:24:00,2,"ON SCENE",2,30,"CLEAR","DARKNESS, LIGHTED ROAD","DRY","ANGLE","FOUR WAY","UNABLE TO DETERMINE",41.902399523,-87.736288168
"3019","none",2021-11-14 02:23:00,2,"ON SCENE",2,25,"CLEAR","DARKNESS, LIGHTED ROAD","WET","PARKED MOTOR VEHICLE","ONE-WAY","UNABLE TO DETERMINE",41.974430459,-87.845051736
"3020","none",2021-11-14 02:19:00,2,"ON SCENE",2,30,"CLEAR","DARKNESS, LIGHTED ROAD","DRY","PARKED MOTOR VEHICLE","PARKING LOT","IMPROPER BACKING",41.940980812,-87.68781207
"3021","none",2021-11-14 02:18:00,2,"ON SCENE",2,30,"RAIN","DARKNESS, LIGHTED ROAD","WET","REAR END","NOT DIVIDED","FOLLOWING TOO CLOSELY",41.746947566,-87.653787889
"3022","none",2021-11-14 02:15:00,2,"ON SCENE",1,30,"CLEAR","DARKNESS, LIGHTED ROAD","WET","FIXED OBJECT","DRIVEWAY","NOT APPLICABLE",41.663786408,-87.591554741
"3023","none",2021-11-14 02:05:00,2,"NOT ON SCENE (DESK REPORT)",2,30,"CLEAR","DARKNESS, LIGHTED ROAD","DRY","REAR END","NOT DIVIDED","FOLLOWING TOO CLOSELY",41.846766611,-87.617175778
"3024","none",2021-11-14 02:00:00,2,"ON SCENE",2,30,"SNOW","DARKNESS","WET","SIDESWIPE SAME DIRECTION","RAMP","IMPROPER OVERTAKING/PASSING",41.791809494,-87.630281836
"3025","none",2021-11-14 02:00:00,2,"UNKNOWN",2,25,"UNKNOWN","UNKNOWN","UNKNOWN","PARKED MOTOR VEHICLE","ONE-WAY","UNABLE TO DETERMINE",41.921972667,-87.737855062
"3026","none",2021-11-14 02:00:00,2,"ON SCENE",2,30,"CLEAR","DAYLIGHT","DRY","PARKED MOTOR VEHICLE","ONE-WAY","UNABLE TO DETERMINE",41.802528935,-87.59036114
"3027","injuries",2021-11-14 01:58:00,1,"ON SCENE",2,30,"RAIN","DARKNESS, LIGHTED ROAD","WET","ANGLE","NOT DIVIDED","FAILING TO YIELD RIGHT-OF-WAY",41.87515478,-87.673755882
"3028","none",2021-11-14 01:50:00,1,"ON SCENE",3,20,"CLEAR","DARKNESS, LIGHTED ROAD","WET","PARKED MOTOR VEHICLE","ONE-WAY","IMPROPER LANE USAGE",41.799624364,-87.750126676
"3029","injuries",2021-11-14 01:45:00,1,"UNKNOWN",2,30,"RAIN","DARKNESS","WET","TURNING","FOUR WAY","FAILING TO YIELD RIGHT-OF-WAY",41.871961502,-87.744975196
"3030","none",2021-11-14 01:40:00,1,"NOT ON SCENE (DESK REPORT)",2,35,"CLEAR","DARKNESS, LIGHTED ROAD","DRY","TURNING","DIVIDED - W/MEDIAN (NOT RAISED)","IMPROPER TURNING/NO SIGNAL",41.910931661,-87.654232649
"3031","none",2021-11-14 01:35:00,1,"ON SCENE",1,30,"RAIN","DARKNESS, LIGHTED ROAD","WET","FIXED OBJECT","NOT DIVIDED","ANIMAL",41.796547417,-87.587181889
"3032","none",2021-11-14 01:33:00,1,"ON SCENE",3,30,"SNOW","DARKNESS, LIGHTED ROAD","WET","PARKED MOTOR VEHICLE","NOT DIVIDED","UNABLE TO DETERMINE",41.94243301,-87.746816511
"3033","none",2021-11-14 01:31:00,1,"ON SCENE",1,20,"CLEAR","DARKNESS, LIGHTED ROAD","WET","FIXED OBJECT","NOT DIVIDED","UNABLE TO DETERMINE",41.685384389,-87.605710651
"3034","none",2021-11-14 01:30:00,1,"ON SCENE",2,30,"CLEAR","DARKNESS, LIGHTED ROAD","WET","PARKED MOTOR VEHICLE","NOT DIVIDED","UNABLE TO DETERMINE",41.749259879,-87.700085018
"3035","none",2021-11-14 01:20:00,1,"ON SCENE",2,30,"FREEZING RAIN/DRIZZLE","DARKNESS, LIGHTED ROAD","WET","PARKED MOTOR VEHICLE","NOT DIVIDED","UNABLE TO DETERMINE",41.699241381,-87.539937133
"3036","injuries",2021-11-14 01:19:00,1,"ON SCENE",3,30,"RAIN","DARKNESS, LIGHTED ROAD","WET","TURNING","FOUR WAY","IMPROPER TURNING/NO SIGNAL",41.764845573,-87.741764837
"3037","none",2021-11-14 01:17:00,1,"ON SCENE",2,25,"SNOW","DARKNESS, LIGHTED ROAD","WET","SIDESWIPE SAME DIRECTION","NOT DIVIDED","UNABLE TO DETERMINE",41.941686142,-87.649211253
"3038","none",2021-11-14 01:02:00,1,"ON SCENE",2,30,"RAIN","DARKNESS, LIGHTED ROAD","WET","REAR END","CENTER TURN LANE","FOLLOWING TOO CLOSELY",41.785643324,-87.741485778
"3039","none",2021-11-14 01:00:00,1,"ON SCENE",2,25,"CLOUDY/OVERCAST","DARKNESS, LIGHTED ROAD","WET","PARKED MOTOR VEHICLE","ONE-WAY","UNABLE TO DETERMINE",41.849773725,-87.713574976
"3040","none",2021-11-14 01:00:00,1,"ON SCENE",2,25,"UNKNOWN","UNKNOWN","UNKNOWN","PARKED MOTOR VEHICLE","ONE-WAY","UNABLE TO DETERMINE",41.919126217,-87.780281692
"3041","none",2021-11-14 01:00:00,1,"NOT ON SCENE (DESK REPORT)",2,30,"UNKNOWN","UNKNOWN","UNKNOWN","TURNING","NOT DIVIDED","UNABLE TO DETERMINE",41.786067359,-87.710800151
"3042","none",2021-11-14 01:00:00,1,"ON SCENE",2,30,"RAIN","DAYLIGHT","WET","PARKED MOTOR VEHICLE","NOT DIVIDED","UNABLE TO DETERMINE",41.762285642,-87.715134734
"3043","none",2021-11-14 01:00:00,1,"ON SCENE",2,30,"RAIN","DARKNESS","WET","PARKED MOTOR VEHICLE","NOT DIVIDED","UNABLE TO DETERMINE",41.786417987,-87.801145281
"3044","injuries",2021-11-14 00:56:00,0,"ON SCENE",2,35,"RAIN","DARKNESS, LIGHTED ROAD","WET","REAR END","DIVIDED - W/MEDIAN (NOT RAISED)","FOLLOWING TOO CLOSELY",41.864002596,-87.623932049
"3045","none",2021-11-14 00:55:00,0,"ON SCENE",2,30,"FREEZING RAIN/DRIZZLE","DARKNESS, LIGHTED ROAD","WET","SIDESWIPE SAME DIRECTION","DIVIDED - W/MEDIAN (NOT RAISED)","UNABLE TO DETERMINE",41.715266943,-87.642899618
"3046","none",2021-11-14 00:50:00,0,"ON SCENE",1,30,"SNOW","DARKNESS, LIGHTED ROAD","SNOW OR SLUSH","FIXED OBJECT","NOT DIVIDED","TEXTING",41.684215066,-87.710744681
"3047","injuries",2021-11-14 00:50:00,0,"ON SCENE",4,30,"RAIN","DARKNESS, LIGHTED ROAD","WET","REAR END","NOT DIVIDED","FAILING TO REDUCE SPEED TO AVOID CRASH",41.685558086,-87.610785846
"3048","none",2021-11-14 00:40:00,0,"ON SCENE",2,30,"SNOW","UNKNOWN","WET","REAR END","UNKNOWN","UNABLE TO DETERMINE",41.722813265,-87.538103489
"3049","none",2021-11-14 00:30:00,0,"ON SCENE",2,30,"SLEET/HAIL","DARKNESS, LIGHTED ROAD","WET","REAR END","NOT DIVIDED","FOLLOWING TOO CLOSELY",41.924091854,-87.647080836
"3050","none",2021-11-14 00:30:00,0,"ON SCENE",2,30,"CLOUDY/OVERCAST","DARKNESS, LIGHTED ROAD","WET","ANGLE","ALLEY","FAILING TO REDUCE SPEED TO AVOID CRASH",41.68633745,-87.623054596
"3051","none",2021-11-14 00:25:00,0,"NOT ON SCENE (DESK REPORT)",2,30,"FREEZING RAIN/DRIZZLE","DARKNESS, LIGHTED ROAD","WET","ANGLE","FOUR WAY","UNABLE TO DETERMINE",41.856941455,-87.725054914
"3052","none",2021-11-14 00:20:00,0,"ON SCENE",2,35,"SNOW","DARKNESS, LIGHTED ROAD","WET","ANGLE","DIVIDED - W/MEDIAN BARRIER","FAILING TO YIELD RIGHT-OF-WAY",41.867387914,-87.620491034
"3053","none",2021-11-14 00:05:00,0,"NOT ON SCENE (DESK REPORT)",2,30,"CLEAR","DARKNESS, LIGHTED ROAD","DRY","PARKED MOTOR VEHICLE","ONE-WAY","UNABLE TO DETERMINE",41.900778491,-87.721432472
"3054","none",2021-11-14 00:01:00,0,"NOT ON SCENE (DESK REPORT)",1,30,"CLEAR","DARKNESS, LIGHTED ROAD","OTHER","FIXED OBJECT","ONE-WAY","ROAD CONSTRUCTION/MAINTENANCE",41.937060233,-87.750990571
"3055","none",2021-11-14 00:01:00,0,"ON SCENE",2,30,"UNKNOWN","DARKNESS, LIGHTED ROAD","UNKNOWN","PARKED MOTOR VEHICLE","ONE-WAY","UNABLE TO DETERMINE",41.894455152,-87.770276091
"3056","none",2021-11-14 00:00:00,0,"ON SCENE",2,25,"RAIN","UNKNOWN","WET","PARKED MOTOR VEHICLE","ONE-WAY","UNABLE TO DETERMINE",41.956040692,-87.747845082
"3057","none",2021-11-14 00:00:00,0,"ON SCENE",1,30,"SNOW","DARKNESS, LIGHTED ROAD","SNOW OR SLUSH","FIXED OBJECT","NOT DIVIDED","DISTRACTION - FROM OUTSIDE VEHICLE",41.663275503,-87.637959977
"3058","injuries",2021-11-13 23:59:00,23,"ON SCENE",2,45,"RAIN","DARKNESS, LIGHTED ROAD","WET","REAR END","DIVIDED - W/MEDIAN BARRIER","WEATHER",41.799569399,-87.58154906
"3059","none",2021-11-13 23:48:00,23,"ON SCENE",1,35,"FREEZING RAIN/DRIZZLE","DARKNESS, LIGHTED ROAD","WET","OTHER NONCOLLISION","DIVIDED - W/MEDIAN (NOT RAISED)","NOT APPLICABLE",41.765210476,-87.636974448
"3060","none",2021-11-13 23:45:00,23,"ON SCENE",2,30,"OTHER","DARKNESS, LIGHTED ROAD","WET","PARKED MOTOR VEHICLE","NOT DIVIDED","UNABLE TO DETERMINE",41.993963616,-87.691443731
"3061","none",2021-11-13 23:40:00,23,"ON SCENE",2,20,"FREEZING RAIN/DRIZZLE","DARKNESS","WET","PARKED MOTOR VEHICLE","ONE-WAY","UNABLE TO DETERMINE",41.918400979,-87.752428254
"3062","none",2021-11-13 23:33:00,23,"ON SCENE",2,30,"FREEZING RAIN/DRIZZLE","DARKNESS, LIGHTED ROAD","WET","PARKED MOTOR VEHICLE","ONE-WAY","NOT APPLICABLE",41.739730802,-87.638214571
"3063","none",2021-11-13 23:30:00,23,"ON SCENE",3,30,"FREEZING RAIN/DRIZZLE","DARKNESS, LIGHTED ROAD","WET","ANGLE","FOUR WAY","FAILING TO YIELD RIGHT-OF-WAY",41.931352871,-87.768740112
"3064","none",2021-11-13 23:20:00,23,"ON SCENE",2,35,"CLEAR","DARKNESS, LIGHTED ROAD","WET","ANGLE","NOT DIVIDED","FAILING TO YIELD RIGHT-OF-WAY",41.713759419,-87.537748473
"3065","none",2021-11-13 23:15:00,23,"ON SCENE",2,30,"SLEET/HAIL","DARKNESS, LIGHTED ROAD","WET","REAR END","DIVIDED - W/MEDIAN (NOT RAISED)","FOLLOWING TOO CLOSELY",41.895714916,-87.70145487
"3066","none",2021-11-13 23:15:00,23,"NOT ON SCENE (DESK REPORT)",2,30,"UNKNOWN","UNKNOWN","UNKNOWN","SIDESWIPE SAME DIRECTION","NOT DIVIDED","UNABLE TO DETERMINE",41.750342062,-87.673002391
"3067","none",2021-11-13 23:15:00,23,"NOT ON SCENE (DESK REPORT)",2,30,"UNKNOWN","DARKNESS, LIGHTED ROAD","UNKNOWN","SIDESWIPE SAME DIRECTION","DIVIDED - W/MEDIAN (NOT RAISED)","UNABLE TO DETERMINE",41.968938389,-87.657931648
"3068","none",2021-11-13 23:00:00,23,"ON SCENE",2,30,"UNKNOWN","DARKNESS","UNKNOWN","TURNING","NOT DIVIDED","UNABLE TO DETERMINE",41.965475275,-87.654935605