"","injuries","crash_date","crash_hour","report_type","num_units","posted_speed_limit","weather_condition","lighting_condition","roadway_surface_cond","first_crash_type","trafficway_type","prim_contributory_cause","latitude","longitude"
"3069","none",2021-11-13 23:00:00,23,"NOT ON SCENE (DESK REPORT)",2,30,"RAIN","DARKNESS, LIGHTED ROAD","WET","REAR END","NOT DIVIDED","NOT APPLICABLE",41.878310135,-87.617575903
"3070","none",2021-11-13 22:56:00,22,"ON SCENE",2,30,"SNOW","DARKNESS, LIGHTED ROAD","WET","TURNING","DIVIDED - W/MEDIAN (NOT RAISED)","FAILING TO YIELD RIGHT-OF-WAY",41.904708205,-87.706996667
"3071","injuries",2021-11-13 22:55:00,22,"ON SCENE",2,30,"CLEAR","DARKNESS, LIGHTED ROAD","WET","PEDESTRIAN","PARKING LOT","UNABLE TO DETERMINE",41.823515203,-87.633075001
"3072","none",2021-11-13 22:45:00,22,"NOT ON SCENE (DESK REPORT)",2,35,"UNKNOWN","UNKNOWN","UNKNOWN","PARKED MOTOR VEHICLE","UNKNOWN","UNABLE TO DETERMINE",41.874339901,-87.735365359
"3073","none",2021-11-13 22:40:00,22,"NOT ON SCENE (DESK REPORT)",2,25,"UNKNOWN","DARKNESS, LIGHTED ROAD","UNKNOWN","TURNING","NOT DIVIDED","NOT APPLICABLE",41.722375907,-87.575499903
"3074","none",2021-11-13 22:36:00,22,"ON SCENE",2,30,"CLEAR","DARKNESS, LIGHTED ROAD","DRY","TURNING","NOT DIVIDED","FAILING TO YIELD RIGHT-OF-WAY",41.94707937,-87.669007299
"3075","injuries",2021-11-13 22:30:00,22,"ON SCENE",1,30,"SNOW","DARKNESS, LIGHTED ROAD","WET","FIXED OBJECT","NOT DIVIDED","NOT APPLICABLE",41.762244188,-87.593385486
"3076","injuries",2021-11-13 22:30:00,22,"ON SCENE",2,30,"RAIN","DARKNESS, LIGHTED ROAD","WET","ANGLE","FOUR WAY","DISREGARDING STOP SIGN",41.859959882,-87.651008955
"3077","none",2021-11-13 22:30:00,22,"NOT ON SCENE (DESK REPORT)",2,30,"CLEAR","DARKNESS","DRY","PARKED MOTOR VEHICLE","NOT DIVIDED","NOT APPLICABLE",41.821878601,-87.700228585
"3078","none",2021-11-13 22:30:00,22,"NOT ON SCENE (DESK REPORT)",2,30,"SNOW","DARKNESS","WET","REAR END","NOT DIVIDED","FOLLOWING TOO CLOSELY",41.895248307,-87.738516456
"3079","none",2021-11-13 22:30:00,22,"NOT ON SCENE (DESK REPORT)",2,15,"CLEAR","DARKNESS, LIGHTED ROAD","DRY","REAR TO REAR","PARKING LOT","UNABLE TO DETERMINE",41.793632715,-87.801433272
"3080","none",2021-11-13 22:30:00,22,"NOT ON SCENE (DESK REPORT)",2,25,"CLEAR","DARKNESS, LIGHTED ROAD","WET","SIDESWIPE SAME DIRECTION","NOT DIVIDED","UNABLE TO DETERMINE",41.700026344,-87.620161102
"3081","none",2021-11-13 22:30:00,22,"ON SCENE",2,30,"RAIN","DARKNESS, LIGHTED ROAD","WET","PARKED MOTOR VEHICLE","ONE-WAY","UNABLE TO DETERMINE",41.692493661,-87.687472336
"3082","none",2021-11-13 22:30:00,22,"ON SCENE",2,30,"SNOW","DARKNESS, LIGHTED ROAD","WET","TURNING","FOUR WAY","FAILING TO YIELD RIGHT-OF-WAY",41.69994412,-87.619799536
"3083","none",2021-11-13 22:16:00,22,"ON SCENE",4,30,"CLEAR","DARKNESS, LIGHTED ROAD","DRY","PARKED MOTOR VEHICLE","NOT DIVIDED","UNABLE TO DETERMINE",41.954027942,-87.708234967
"3084","injuries",2021-11-13 22:15:00,22,"ON SCENE",2,30,"RAIN","DARKNESS, LIGHTED ROAD","WET","REAR END","DIVIDED - W/MEDIAN (NOT RAISED)","FOLLOWING TOO CLOSELY",41.818178097,-87.743611856
"3085","none",2021-11-13 22:05:00,22,"ON SCENE",2,10,"CLEAR","UNKNOWN","DRY","PARKED MOTOR VEHICLE","UNKNOWN","DRIVING SKILLS/KNOWLEDGE/EXPERIENCE",41.899010546,-87.629673819
"3086","none",2021-11-13 22:00:00,22,"NOT ON SCENE (DESK REPORT)",2,30,"CLEAR","DARKNESS, LIGHTED ROAD","WET","PARKED MOTOR VEHICLE","NOT DIVIDED","IMPROPER OVERTAKING/PASSING",41.748626786,-87.664637142
"3087","none",2021-11-13 21:49:00,21,"ON SCENE",2,40,"CLEAR","DARKNESS, LIGHTED ROAD","DRY","TURNING","T-INTERSECTION","DISREGARDING TRAFFIC SIGNALS",41.878310135,-87.617575903
"3088","none",2021-11-13 21:45:00,21,"NOT ON SCENE (DESK REPORT)",2,25,"CLEAR","DAWN","DRY","REAR END","NOT DIVIDED","UNABLE TO DETERMINE",41.877173856,-87.720784141
"3089","injuries",2021-11-13 21:40:00,21,"ON SCENE",2,35,"SNOW","DARKNESS, LIGHTED ROAD","WET","REAR END","NOT DIVIDED","FAILING TO REDUCE SPEED TO AVOID CRASH",41.690717497,-87.739586302
"3090","injuries",2021-11-13 21:31:00,21,"ON SCENE",2,35,"CLEAR","DARKNESS, LIGHTED ROAD","DRY","SIDESWIPE SAME DIRECTION","NOT DIVIDED","UNABLE TO DETERMINE",41.882363833,-87.764091224
"3091","none",2021-11-13 21:30:00,21,"ON SCENE",2,30,"UNKNOWN","DARKNESS, LIGHTED ROAD","WET","ANGLE","DIVIDED - W/MEDIAN BARRIER","DISREGARDING STOP SIGN",41.868001985,-87.720325076
"3092","none",2021-11-13 21:30:00,21,"NOT ON SCENE (DESK REPORT)",1,30,"CLEAR","DARKNESS","DRY","OTHER OBJECT","NOT DIVIDED","ROAD ENGINEERING/SURFACE/MARKING DEFECTS",41.765265724,-87.634810527
"3093","none",2021-11-13 21:18:00,21,"ON SCENE",2,15,"CLEAR","DAYLIGHT","DRY","TURNING","OTHER","UNABLE TO DETERMINE",41.873521027,-87.710562898
"3094","none",2021-11-13 21:15:00,21,"NOT ON SCENE (DESK REPORT)",2,30,"CLEAR","DARKNESS, LIGHTED ROAD","DRY","SIDESWIPE SAME DIRECTION","NOT DIVIDED","IMPROPER LANE USAGE",41.875259826,-87.624396674
"3095","none",2021-11-13 21:08:00,21,"ON SCENE",2,30,"CLEAR","DARKNESS, LIGHTED ROAD","DRY","ANGLE","DIVIDED - W/MEDIAN (NOT RAISED)","UNABLE TO DETERMINE",41.915870182,-87.687486588
"3096","none",2021-11-13 21:00:00,21,"ON SCENE",2,30,"RAIN","DARKNESS","WET","PARKED MOTOR VEHICLE","NOT DIVIDED","UNABLE TO DETERMINE",41.870774228,-87.712548713
"3097","none",2021-11-13 21:00:00,21,"ON SCENE",2,20,"UNKNOWN","DARKNESS, LIGHTED ROAD","UNKNOWN","PARKED MOTOR VEHICLE","ONE-WAY","NOT APPLICABLE",41.780437447,-87.782441208
"3098","none",2021-11-13 21:00:00,21,"NOT ON SCENE (DESK REPORT)",2,30,"CLEAR","DARKNESS","DRY","TURNING","NOT DIVIDED","IMPROPER TURNING/NO SIGNAL",41.744581196,-87.552902021
"3099","none",2021-11-13 20:55:00,20,"ON SCENE",2,30,"SNOW","DARKNESS, LIGHTED ROAD","WET","PARKED MOTOR VEHICLE","NOT DIVIDED","UNABLE TO DETERMINE",41.929489575,-87.644011017
"3100","none",2021-11-13 20:50:00,20,"ON SCENE",2,30,"CLEAR","DARKNESS, LIGHTED ROAD","UNKNOWN","REAR END","DIVIDED - W/MEDIAN (NOT RAISED)","UNABLE TO DETERMINE",41.833679811,-87.675221364
"3101","none",2021-11-13 20:50:00,20,"NOT ON SCENE (DESK REPORT)",2,30,"CLEAR","DAYLIGHT","DRY","PARKED MOTOR VEHICLE","OTHER","NOT APPLICABLE",41.789329323,-87.741645644
"3102","none",2021-11-13 20:43:00,20,"ON SCENE",2,30,"CLEAR","DARKNESS, LIGHTED ROAD","DRY","PARKED MOTOR VEHICLE","OTHER","UNABLE TO DETERMINE",41.941702364,-87.833944388
"3103","none",2021-11-13 20:35:00,20,"NOT ON SCENE (DESK REPORT)",2,30,"CLEAR","DARKNESS, LIGHTED ROAD","DRY","ANGLE","DIVIDED - W/MEDIAN BARRIER","FAILING TO YIELD RIGHT-OF-WAY",41.888432092,-87.624424687
"3104","none",2021-11-13 20:30:00,20,"ON SCENE",1,30,"CLEAR","DARKNESS, LIGHTED ROAD","DRY","FIXED OBJECT","NOT DIVIDED","ROAD ENGINEERING/SURFACE/MARKING DEFECTS",41.746180116,-87.643764499
"3105","none",2021-11-13 20:20:00,20,"NOT ON SCENE (DESK REPORT)",2,30,"CLEAR","DARKNESS","DRY","TURNING","NOT DIVIDED","DISREGARDING TRAFFIC SIGNALS",41.744369301,-87.566270711
"3106","none",2021-11-13 20:09:00,20,"ON SCENE",3,30,"CLEAR","DARKNESS, LIGHTED ROAD","DRY","PARKED MOTOR VEHICLE","ONE-WAY","DISTRACTION - FROM INSIDE VEHICLE",41.942381986,-87.641323977
"3107","none",2021-11-13 20:00:00,20,"ON SCENE",2,30,"CLEAR","DARKNESS, LIGHTED ROAD","DRY","SIDESWIPE SAME DIRECTION","DIVIDED - W/MEDIAN (NOT RAISED)","IMPROPER OVERTAKING/PASSING",41.891675634,-87.635651389
"3108","none",2021-11-13 20:00:00,20,"ON SCENE",2,30,"UNKNOWN","UNKNOWN","UNKNOWN","PARKED MOTOR VEHICLE","NOT DIVIDED","UNABLE TO DETERMINE",41.702753407,-87.620572041
"3109","none",2021-11-13 20:00:00,20,"NOT ON SCENE (DESK REPORT)",2,30,"CLEAR","DARKNESS","DRY","SIDESWIPE SAME DIRECTION","UNKNOWN","UNABLE TO DETERMINE",41.79464233,-87.631843416
"3110","none",2021-11-13 19:50:00,19,"ON SCENE",2,30,"CLEAR","DARKNESS, LIGHTED ROAD","DRY","ANGLE","FOUR WAY","DISREGARDING STOP SIGN",41.926828817,-87.756098697
"3111","none",2021-11-13 19:45:00,19,"ON SCENE",2,10,"CLOUDY/OVERCAST","DARKNESS, LIGHTED ROAD","UNKNOWN","PARKED MOTOR VEHICLE","PARKING LOT","FAILING TO REDUCE SPEED TO AVOID CRASH",41.874890159,-87.706097579
"3112","none",2021-11-13 19:45:00,19,"NOT ON SCENE (DESK REPORT)",2,30,"CLEAR","DUSK","DRY","ANGLE","NOT DIVIDED","FAILING TO YIELD RIGHT-OF-WAY",41.748731431,-87.643838892
"3113","none",2021-11-13 19:40:00,19,"ON SCENE",2,20,"CLEAR","DARKNESS, LIGHTED ROAD","DRY","PARKED MOTOR VEHICLE","NOT DIVIDED","IMPROPER TURNING/NO SIGNAL",41.95857766,-87.713208399
"3114","none",2021-11-13 19:37:00,19,"ON SCENE",2,30,"CLEAR","DARKNESS, LIGHTED ROAD","DRY","REAR END","NOT DIVIDED","UNABLE TO DETERMINE",41.848475048,-87.646361918
"3115","none",2021-11-13 19:34:00,19,"NOT ON SCENE (DESK REPORT)",2,20,"CLOUDY/OVERCAST","DARKNESS, LIGHTED ROAD","DRY","PARKED MOTOR VEHICLE","ONE-WAY","DRIVING SKILLS/KNOWLEDGE/EXPERIENCE",41.75247532,-87.563672825
"3116","none",2021-11-13 19:32:00,19,"NOT ON SCENE (DESK REPORT)",2,30,"CLEAR","DARKNESS, LIGHTED ROAD","DRY","SIDESWIPE SAME DIRECTION","DIVIDED - W/MEDIAN (NOT RAISED)","UNABLE TO DETERMINE",41.918041999,-87.66804074
"3117","none",2021-11-13 19:30:00,19,"ON SCENE",2,30,"CLEAR","DARKNESS","DRY","PARKED MOTOR VEHICLE","PARKING LOT","UNABLE TO DETERMINE",41.866532872,-87.702162905
"3118","none",2021-11-13 19:30:00,19,"NOT ON SCENE (DESK REPORT)",2,30,"CLEAR","DARKNESS, LIGHTED ROAD","DRY","PARKED MOTOR VEHICLE","DIVIDED - W/MEDIAN (NOT RAISED)","DRIVING SKILLS/KNOWLEDGE/EXPERIENCE",41.865721649,-87.659236303
"3119","none",2021-11-13 19:18:00,19,"NOT ON SCENE (DESK REPORT)",2,20,"CLEAR","DARKNESS, LIGHTED ROAD","DRY","PARKED MOTOR VEHICLE","NOT DIVIDED","UNABLE TO DETERMINE",41.911224672,-87.638567787
"3120","none",2021-11-13 19:14:00,19,"NOT ON SCENE (DESK REPORT)",2,30,"CLEAR","DARKNESS, LIGHTED ROAD","DRY","TURNING","NOT DIVIDED","UNABLE TO DETERMINE",41.743504558,-87.636662798
"3121","none",2021-11-13 19:14:00,19,"ON SCENE",2,30,"CLEAR","DARKNESS, LIGHTED ROAD","DRY","REAR END","NOT DIVIDED","UNABLE TO DETERMINE",41.88472224,-87.637212432
"3122","injuries",2021-11-13 19:10:00,19,"ON SCENE",2,30,"CLEAR","DARKNESS, LIGHTED ROAD","DRY","ANGLE","FOUR WAY","DISREGARDING TRAFFIC SIGNALS",41.759368396,-87.663785716
"3123","injuries",2021-11-13 19:00:00,19,"NOT ON SCENE (DESK REPORT)",1,30,"OTHER","UNKNOWN","OTHER","FIXED OBJECT","OTHER","NOT APPLICABLE",41.876460927,-87.666707651
"3124","none",2021-11-13 19:00:00,19,"NOT ON SCENE (DESK REPORT)",2,35,"CLEAR","DARKNESS, LIGHTED ROAD","DRY","TURNING","NOT DIVIDED","IMPROPER TURNING/NO SIGNAL",41.735763584,-87.702177562
"3125","none",2021-11-13 18:56:00,18,"ON SCENE",2,25,"CLEAR","DARKNESS, LIGHTED ROAD","DRY","PEDESTRIAN","T-INTERSECTION","UNABLE TO DETERMINE",41.772944865,-87.622751203
"3126","injuries",2021-11-13 18:53:00,18,"ON SCENE",2,45,"CLEAR","DARKNESS, LIGHTED ROAD","DRY","PEDESTRIAN","NOT DIVIDED","VISION OBSCURED (SIGNS, TREE LIMBS, BUILDINGS, ETC.)",41.793869012,-87.645294902
"3127","injuries",2021-11-13 18:51:00,18,"UNKNOWN",2,30,"CLEAR","DARKNESS, LIGHTED ROAD","DRY","HEAD ON","NOT DIVIDED","IMPROPER OVERTAKING/PASSING",41.914060196,-87.746027734
"3128","none",2021-11-13 18:50:00,18,"ON SCENE",2,30,"CLEAR","DARKNESS, LIGHTED ROAD","DRY","TURNING","NOT DIVIDED","FAILING TO YIELD RIGHT-OF-WAY",41.830595328,-87.665423764
"3129","injuries",2021-11-13 18:50:00,18,"ON SCENE",2,30,"CLEAR","DARKNESS, LIGHTED ROAD","DRY","PEDESTRIAN","DIVIDED - W/MEDIAN BARRIER","DISREGARDING TRAFFIC SIGNALS",41.88796387,-87.622277761
"3130","none",2021-11-13 18:45:00,18,"NOT ON SCENE (DESK REPORT)",2,30,"CLEAR","DARKNESS","WET","SIDESWIPE SAME DIRECTION","NOT DIVIDED","IMPROPER OVERTAKING/PASSING",41.796972246,-87.645373708
"3131","none",2021-11-13 18:43:00,18,"NOT ON SCENE (DESK REPORT)",2,20,"CLEAR","DARKNESS, LIGHTED ROAD","DRY","ANGLE","DIVIDED - W/MEDIAN (NOT RAISED)","UNABLE TO DETERMINE",41.876850226,-87.745293891
"3132","none",2021-11-13 18:40:00,18,"NOT ON SCENE (DESK REPORT)",2,30,"CLEAR","DARKNESS, LIGHTED ROAD","DRY","TURNING","NOT DIVIDED","UNABLE TO DETERMINE",41.79608688,-87.64505684
"3133","none",2021-11-13 18:40:00,18,"ON SCENE",2,10,"CLEAR","DARKNESS, LIGHTED ROAD","DRY","PARKED MOTOR VEHICLE","PARKING LOT","FAILING TO YIELD RIGHT-OF-WAY",41.789112548,-87.703579727
"3134","injuries",2021-11-13 18:35:00,18,"ON SCENE",2,35,"CLEAR","DARKNESS, LIGHTED ROAD","DRY","TURNING","FOUR WAY","FAILING TO YIELD RIGHT-OF-WAY",41.785777292,-87.727787677
"3135","none",2021-11-13 18:30:00,18,"NOT ON SCENE (DESK REPORT)",2,30,"CLEAR","DARKNESS","DRY","ANGLE","NOT DIVIDED","NOT APPLICABLE",41.78495121,-87.781684004
"3136","none",2021-11-13 18:30:00,18,"NOT ON SCENE (DESK REPORT)",2,35,"CLEAR","DAYLIGHT","DRY","ANGLE","NOT DIVIDED","NOT APPLICABLE",41.876850226,-87.745293891
"3137","none",2021-11-13 18:30:00,18,"NOT ON SCENE (DESK REPORT)",2,30,"CLEAR","DARKNESS, LIGHTED ROAD","DRY","PARKED MOTOR VEHICLE","NOT DIVIDED","IMPROPER BACKING",41.793049664,-87.728213748
"3138","none",2021-11-13 18:24:00,18,"ON SCENE",2,30,"CLEAR","DARKNESS","DRY","PARKED MOTOR VEHICLE","PARKING LOT","UNABLE TO DETERMINE",41.899175494,-87.695960273
"3139","none",2021-11-13 18:16:00,18,"NOT ON SCENE (DESK REPORT)",2,30,"CLEAR","DARKNESS, LIGHTED ROAD","DRY","REAR END","NOT DIVIDED","FOLLOWING TOO CLOSELY",41.771044801,-87.741905632
"3140","none",2021-11-13 18:10:00,18,"ON SCENE",2,25,"CLEAR","DUSK","DRY","SIDESWIPE SAME DIRECTION","DIVIDED - W/MEDIAN (NOT RAISED)","IMPROPER OVERTAKING/PASSING",41.889036138,-87.701582605
"3141","none",2021-11-13 18:00:00,18,"NOT ON SCENE (DESK REPORT)",2,20,"CLEAR","DARKNESS, LIGHTED ROAD","DRY","TURNING","NOT DIVIDED","UNABLE TO DETERMINE",41.889173407,-87.631205433
"3142","none",2021-11-13 18:00:00,18,"NOT ON SCENE (DESK REPORT)",2,30,"CLEAR","DAYLIGHT","DRY","PARKED MOTOR VEHICLE","ONE-WAY","DRIVING SKILLS/KNOWLEDGE/EXPERIENCE",41.899181937,-87.627005077
"3143","none",2021-11-13 17:50:00,17,"NOT ON SCENE (DESK REPORT)",2,30,"CLEAR","DARKNESS, LIGHTED ROAD","DRY","ANGLE","T-INTERSECTION","FAILING TO YIELD RIGHT-OF-WAY",41.99417292,-87.692274394
"3144","injuries",2021-11-13 17:47:00,17,"ON SCENE",3,30,"CLEAR","DARKNESS, LIGHTED ROAD","DRY","PARKED MOTOR VEHICLE","ONE-WAY","PHYSICAL CONDITION OF DRIVER",41.838569568,-87.728272586
"3145","none",2021-11-13 17:45:00,17,"NOT ON SCENE (DESK REPORT)",3,25,"CLEAR","DARKNESS, LIGHTED ROAD","DRY","SIDESWIPE SAME DIRECTION","ONE-WAY","UNABLE TO DETERMINE",41.874906113,-87.759161907
"3146","none",2021-11-13 17:45:00,17,"NOT ON SCENE (DESK REPORT)",2,30,"CLEAR","DARKNESS, LIGHTED ROAD","DRY","TURNING","T-INTERSECTION","FOLLOWING TOO CLOSELY",41.89182349,-87.62531771
"3147","none",2021-11-13 17:40:00,17,"NOT ON SCENE (DESK REPORT)",1,30,"CLOUDY/OVERCAST","DARKNESS, LIGHTED ROAD","DRY","OTHER NONCOLLISION","DIVIDED - W/MEDIAN (NOT RAISED)","NOT APPLICABLE",41.746180116,-87.643764499
"3148","none",2021-11-13 17:40:00,17,"NOT ON SCENE (DESK REPORT)",2,30,"CLEAR","DARKNESS, LIGHTED ROAD","DRY","PEDESTRIAN","FOUR WAY","FAILING TO YIELD RIGHT-OF-WAY",41.798006185,-87.589204412
"3149","none",2021-11-13 17:35:00,17,"ON SCENE",3,30,"CLEAR","DARKNESS, LIGHTED ROAD","DRY","PARKED MOTOR VEHICLE","DIVIDED - W/MEDIAN (NOT RAISED)","UNDER THE INFLUENCE OF ALCOHOL/DRUGS (USE WHEN ARREST IS EFFECTED)",41.943109566,-87.678103635
"3150","injuries",2021-11-13 17:30:00,17,"NOT ON SCENE (DESK REPORT)",2,30,"CLEAR","DUSK","UNKNOWN","PEDALCYCLIST","NOT DIVIDED","IMPROPER OVERTAKING/PASSING",41.888938716,-87.642945978
"3151","none",2021-11-13 17:30:00,17,"NOT ON SCENE (DESK REPORT)",2,30,"CLEAR","DAYLIGHT","DRY","PARKED MOTOR VEHICLE","NOT DIVIDED","FAILING TO REDUCE SPEED TO AVOID CRASH",41.796572845,-87.786671397
"3152","none",2021-11-13 17:30:00,17,"NOT ON SCENE (DESK REPORT)",2,30,"CLEAR","DUSK","DRY","REAR END","NOT DIVIDED","FOLLOWING TOO CLOSELY",41.867080279,-87.644325249
"3153","none",2021-11-13 17:30:00,17,"NOT ON SCENE (DESK REPORT)",2,35,"CLEAR","DAYLIGHT","DRY","SIDESWIPE SAME DIRECTION","NOT DIVIDED","UNABLE TO DETERMINE",41.93893395,-87.746998689
"3154","none",2021-11-13 17:30:00,17,"NOT ON SCENE (DESK REPORT)",2,30,"CLEAR","DARKNESS, LIGHTED ROAD","DRY","TURNING","FOUR WAY","IMPROPER TURNING/NO SIGNAL",41.873321654,-87.620684199
"3155","none",2021-11-13 17:29:00,17,"NOT ON SCENE (DESK REPORT)",2,30,"UNKNOWN","UNKNOWN","UNKNOWN","PARKED MOTOR VEHICLE","NOT DIVIDED","IMPROPER BACKING",41.847582039,-87.686971379
"3156","none",2021-11-13 17:22:00,17,"NOT ON SCENE (DESK REPORT)",2,20,"UNKNOWN","UNKNOWN","UNKNOWN","REAR END","NOT DIVIDED","UNABLE TO DETERMINE",41.992189993,-87.659463231
"3157","none",2021-11-13 17:20:00,17,"ON SCENE",2,30,"CLEAR","DARKNESS","DRY","TURNING","DIVIDED - W/MEDIAN (NOT RAISED)","FOLLOWING TOO CLOSELY",41.962392714,-87.728012185
"3158","none",2021-11-13 17:20:00,17,"ON SCENE",2,30,"CLEAR","DARKNESS, LIGHTED ROAD","DRY","PARKED MOTOR VEHICLE","OTHER","UNABLE TO DETERMINE",41.849288955,-87.69471826
"3159","none",2021-11-13 17:20:00,17,"NOT ON SCENE (DESK REPORT)",2,30,"UNKNOWN","UNKNOWN","UNKNOWN","REAR END","UNKNOWN","UNABLE TO DETERMINE",41.960740079,-87.754698985
"3160","none",2021-11-13 17:20:00,17,"ON SCENE",2,30,"CLEAR","DARKNESS, LIGHTED ROAD","DRY","PARKED MOTOR VEHICLE","NOT DIVIDED","OPERATING VEHICLE IN ERRATIC, RECKLESS, CARELESS, NEGLIGENT OR AGGRESSIVE MANNER",41.772408052,-87.717550287
"3161","none",2021-11-13 17:15:00,17,"ON SCENE",2,30,"CLEAR","DARKNESS","DRY","REAR TO SIDE","PARKING LOT","NOT APPLICABLE",41.786623678,-87.665575292
"3162","injuries",2021-11-13 17:14:00,17,"ON SCENE",2,30,"CLEAR","DARKNESS, LIGHTED ROAD","DRY","PARKED MOTOR VEHICLE","DIVIDED - W/MEDIAN BARRIER","UNABLE TO DETERMINE",41.656993355,-87.597953217
"3163","none",2021-11-13 17:00:00,17,"NOT ON SCENE (DESK REPORT)",1,10,"CLEAR","DARKNESS, LIGHTED ROAD","DRY","FIXED OBJECT","PARKING LOT","UNABLE TO DETERMINE",41.962234812,-87.727713718
"3164","none",2021-11-13 17:00:00,17,"ON SCENE",3,30,"CLOUDY/OVERCAST","DARKNESS, LIGHTED ROAD","DRY","PARKED MOTOR VEHICLE","Y-INTERSECTION","DISTRACTION - FROM INSIDE VEHICLE",41.846624626,-87.647430612
"3165","none",2021-11-13 16:45:00,16,"ON SCENE",2,30,"CLEAR","DAWN","DRY","REAR END","NOT DIVIDED","FOLLOWING TOO CLOSELY",41.945799267,-87.764233507
"3166","none",2021-11-13 16:45:00,16,"NOT ON SCENE (DESK REPORT)",2,30,"CLEAR","DARKNESS","DRY","REAR END","NOT DIVIDED","FOLLOWING TOO CLOSELY",41.712465314,-87.534712193
"3167","none",2021-11-13 16:45:00,16,"ON SCENE",2,30,"CLEAR","DARKNESS, LIGHTED ROAD","DRY","TURNING","NOT DIVIDED","FAILING TO YIELD RIGHT-OF-WAY",41.867286165,-87.630580968
"3168","none",2021-11-13 16:30:00,16,"NOT ON SCENE (DESK REPORT)",2,20,"CLEAR","DAYLIGHT","DRY","PARKED MOTOR VEHICLE","ALLEY","IMPROPER TURNING/NO SIGNAL",41.933177208,-87.659363574
"3169","none",2021-11-13 16:00:00,16,"NOT ON SCENE (DESK REPORT)",2,30,"CLEAR","DAYLIGHT","DRY","REAR END","DIVIDED - W/MEDIAN (NOT RAISED)","UNABLE TO DETERMINE",41.945153931,-87.807061173
"3170","none",2021-11-13 16:00:00,16,"NOT ON SCENE (DESK REPORT)",2,30,"CLEAR","DARKNESS, LIGHTED ROAD","DRY","PARKED MOTOR VEHICLE","PARKING LOT","FOLLOWING TOO CLOSELY",41.771325865,-87.722721377
"3171","injuries",2021-11-13 15:56:00,15,"NOT ON SCENE (DESK REPORT)",2,20,"CLEAR","DAYLIGHT","DRY","PARKED MOTOR VEHICLE","DIVIDED - W/MEDIAN (NOT RAISED)","UNABLE TO DETERMINE",41.982177646,-87.696551054
"3172","none",2021-11-13 15:55:00,15,"NOT ON SCENE (DESK REPORT)",2,30,"RAIN","DAWN","WET","REAR END","NOT DIVIDED","UNABLE TO DETERMINE",41.722257273,-87.585275565
"3173","none",2021-11-13 15:41:00,15,"ON SCENE",2,30,"CLEAR","DAYLIGHT","DRY","TURNING","DIVIDED - W/MEDIAN BARRIER","IMPROPER OVERTAKING/PASSING",41.882219384,-87.624417302
"3174","none",2021-11-13 15:30:00,15,"NOT ON SCENE (DESK REPORT)",2,25,"CLEAR","DAYLIGHT","UNKNOWN","REAR END","NOT DIVIDED","UNABLE TO DETERMINE",41.931254722,-87.775517484
"3175","none",2021-11-13 15:30:00,15,"ON SCENE",2,30,"CLEAR","DUSK","DRY","REAR END","NOT DIVIDED","FOLLOWING TOO CLOSELY",41.923311618,-87.648832945
"3176","none",2021-11-13 15:30:00,15,"NOT ON SCENE (DESK REPORT)",2,30,"CLEAR","DAYLIGHT","DRY","SIDESWIPE SAME DIRECTION","NOT DIVIDED","UNABLE TO DETERMINE",41.925234529,-87.669232544
"3177","none",2021-11-13 15:30:00,15,"NOT ON SCENE (DESK REPORT)",2,30,"CLEAR","DAYLIGHT","DRY","REAR END","NOT DIVIDED","FOLLOWING TOO CLOSELY",41.924827494,-87.746467644
"3178","none",2021-11-13 15:21:00,15,"ON SCENE",2,40,"CLEAR","DAYLIGHT","DRY","SIDESWIPE SAME DIRECTION","DIVIDED - W/MEDIAN BARRIER","IMPROPER OVERTAKING/PASSING",41.896826606,-87.616504039
"3179","none",2021-11-13 15:15:00,15,"ON SCENE",2,35,"CLEAR","DAYLIGHT","DRY","TURNING","DIVIDED - W/MEDIAN (NOT RAISED)","IMPROPER TURNING/NO SIGNAL",41.898869733,-87.729734507
"3180","none",2021-11-13 15:15:00,15,"ON SCENE",2,30,"CLEAR","DAYLIGHT","DRY","SIDESWIPE SAME DIRECTION","DIVIDED - W/MEDIAN (NOT RAISED)","OPERATING VEHICLE IN ERRATIC, RECKLESS, CARELESS, NEGLIGENT OR AGGRESSIVE MANNER",41.851132006,-87.668693024
"3181","none",2021-11-13 15:15:00,15,"NOT ON SCENE (DESK REPORT)",2,30,"CLEAR","DAYLIGHT","DRY","REAR END","NOT DIVIDED","UNABLE TO DETERMINE",41.73641095,-87.624087134
"3182","none",2021-11-13 15:15:00,15,"NOT ON SCENE (DESK REPORT)",2,30,"CLEAR","DAYLIGHT","DRY","SIDESWIPE SAME DIRECTION","NOT DIVIDED","UNABLE TO DETERMINE",41.882068545,-87.61750739
"3183","none",2021-11-13 15:10:00,15,"NOT ON SCENE (DESK REPORT)",3,30,"CLEAR","DAYLIGHT","DRY","REAR END","DIVIDED - W/MEDIAN (NOT RAISED)","UNABLE TO DETERMINE",41.917507593,-87.726425665