"","injuries","crash_date","crash_hour","report_type","num_units","posted_speed_limit","weather_condition","lighting_condition","roadway_surface_cond","first_crash_type","trafficway_type","prim_contributory_cause","latitude","longitude"
"3418","none",2021-11-12 19:10:00,19,"NOT ON SCENE (DESK REPORT)",2,30,"SNOW","DARKNESS, LIGHTED ROAD","DRY","REAR END","NOT DIVIDED","FOLLOWING TOO CLOSELY",41.744584677,-87.576005625
"3419","injuries",2021-11-12 19:08:00,19,"ON SCENE",3,30,"RAIN","DARKNESS, LIGHTED ROAD","WET","REAR END","T-INTERSECTION","DRIVING SKILLS/KNOWLEDGE/EXPERIENCE",41.790547124,-87.586549613
"3420","none",2021-11-12 19:08:00,19,"ON SCENE",2,30,"CLEAR","DARKNESS, LIGHTED ROAD","DRY","REAR END","DIVIDED - W/MEDIAN (NOT RAISED)","FOLLOWING TOO CLOSELY",41.935093958,-87.668346025
"3421","none",2021-11-12 19:00:00,19,"NOT ON SCENE (DESK REPORT)",2,30,"CLEAR","DARKNESS","WET","TURNING","NOT DIVIDED","UNABLE TO DETERMINE",41.968273994,-87.735057466
"3422","none",2021-11-12 19:00:00,19,"NOT ON SCENE (DESK REPORT)",2,30,"CLEAR","DARKNESS, LIGHTED ROAD","DRY","ANGLE","FOUR WAY","FAILING TO YIELD RIGHT-OF-WAY",41.917889599,-87.676467969
"3423","none",2021-11-12 18:56:00,18,"NOT ON SCENE (DESK REPORT)",2,30,"CLEAR","DARKNESS, LIGHTED ROAD","DRY","ANGLE","OTHER","FAILING TO REDUCE SPEED TO AVOID CRASH",41.807431235,-87.750636751
"3424","none",2021-11-12 18:53:00,18,"ON SCENE",2,30,"RAIN","DARKNESS, LIGHTED ROAD","WET","REAR END","NOT DIVIDED","UNABLE TO DETERMINE",41.793459266,-87.713936924
"3425","none",2021-11-12 18:51:00,18,"NOT ON SCENE (DESK REPORT)",2,30,"UNKNOWN","UNKNOWN","UNKNOWN","ANGLE","FOUR WAY","FAILING TO YIELD RIGHT-OF-WAY",41.807633771,-87.750557469
"3426","none",2021-11-12 18:45:00,18,"ON SCENE",2,30,"CLEAR","DARKNESS, LIGHTED ROAD","DRY","ANGLE","NOT DIVIDED","UNABLE TO DETERMINE",41.997361956,-87.660633043
"3427","none",2021-11-12 18:45:00,18,"NOT ON SCENE (DESK REPORT)",3,30,"UNKNOWN","UNKNOWN","UNKNOWN","REAR END","NOT DIVIDED","UNABLE TO DETERMINE",41.932799322,-87.639421498
"3428","none",2021-11-12 18:44:00,18,"NOT ON SCENE (DESK REPORT)",2,30,"RAIN","DARKNESS","WET","TURNING","DIVIDED - W/MEDIAN (NOT RAISED)","IMPROPER OVERTAKING/PASSING",41.822666559,-87.607001533
"3429","none",2021-11-12 18:40:00,18,"ON SCENE",2,25,"RAIN","DARKNESS, LIGHTED ROAD","WET","SIDESWIPE OPPOSITE DIRECTION","T-INTERSECTION","IMPROPER LANE USAGE",41.781422308,-87.771693469
"3430","none",2021-11-12 18:30:00,18,"NOT ON SCENE (DESK REPORT)",2,30,"CLEAR","DARKNESS","DRY","SIDESWIPE SAME DIRECTION","NOT DIVIDED","UNABLE TO DETERMINE",41.885689616,-87.647621732
"3431","none",2021-11-12 18:30:00,18,"NOT ON SCENE (DESK REPORT)",2,30,"CLEAR","DARKNESS, LIGHTED ROAD","DRY","SIDESWIPE SAME DIRECTION","FIVE POINT, OR MORE","FAILING TO YIELD RIGHT-OF-WAY",41.932398107,-87.677871036
"3432","none",2021-11-12 18:30:00,18,"ON SCENE",2,20,"RAIN","DARKNESS","WET","PARKED MOTOR VEHICLE","ONE-WAY","NOT APPLICABLE",41.93611589,-87.724087683
"3433","none",2021-11-12 18:30:00,18,"NOT ON SCENE (DESK REPORT)",2,20,"CLEAR","DARKNESS, LIGHTED ROAD","DRY","SIDESWIPE SAME DIRECTION","ONE-WAY","FAILING TO YIELD RIGHT-OF-WAY",41.943615474,-87.681035737
"3434","none",2021-11-12 18:25:00,18,"UNKNOWN",3,30,"RAIN","DARKNESS","WET","PARKED MOTOR VEHICLE","NOT DIVIDED","UNABLE TO DETERMINE",41.772927489,-87.611688472
"3435","none",2021-11-12 18:22:00,18,"ON SCENE",2,30,"CLEAR","DARKNESS, LIGHTED ROAD","DRY","ANGLE","NOT DIVIDED","UNABLE TO DETERMINE",41.957006494,-87.751515114
"3436","none",2021-11-12 18:20:00,18,"NOT ON SCENE (DESK REPORT)",3,25,"UNKNOWN","DARKNESS, LIGHTED ROAD","UNKNOWN","REAR END","NOT DIVIDED","UNABLE TO DETERMINE",41.930833915,-87.789133788
"3437","none",2021-11-12 18:20:00,18,"NOT ON SCENE (DESK REPORT)",2,20,"CLEAR","DARKNESS, LIGHTED ROAD","DRY","SIDESWIPE SAME DIRECTION","ONE-WAY","FAILING TO YIELD RIGHT-OF-WAY",41.714240501,-87.651464396
"3438","injuries",2021-11-12 18:20:00,18,"ON SCENE",2,30,"RAIN","DARKNESS","WET","TURNING","FOUR WAY","UNABLE TO DETERMINE",41.775220087,-87.586436626
"3439","none",2021-11-12 18:16:00,18,"ON SCENE",2,30,"RAIN","DARKNESS, LIGHTED ROAD","WET","TURNING","DIVIDED - W/MEDIAN (NOT RAISED)","FAILING TO YIELD RIGHT-OF-WAY",41.749650917,-87.703514334
"3440","none",2021-11-12 18:15:00,18,"NOT ON SCENE (DESK REPORT)",2,30,"RAIN","DARKNESS, LIGHTED ROAD","WET","REAR END","DIVIDED - W/MEDIAN (NOT RAISED)","FAILING TO REDUCE SPEED TO AVOID CRASH",41.885855091,-87.725961505
"3441","none",2021-11-12 18:10:00,18,"ON SCENE",2,35,"CLOUDY/OVERCAST","DARKNESS, LIGHTED ROAD","WET","TURNING","FOUR WAY","DISREGARDING STOP SIGN",41.692190976,-87.652253913
"3442","none",2021-11-12 18:00:00,18,"NOT ON SCENE (DESK REPORT)",2,30,"UNKNOWN","UNKNOWN","UNKNOWN","PARKED MOTOR VEHICLE","NOT DIVIDED","UNABLE TO DETERMINE",41.813607096,-87.638210334
"3443","none",2021-11-12 18:00:00,18,"ON SCENE",2,30,"CLEAR","DUSK","DRY","SIDESWIPE SAME DIRECTION","NOT DIVIDED","UNABLE TO DETERMINE",41.882849888,-87.711107324
"3444","none",2021-11-12 18:00:00,18,"NOT ON SCENE (DESK REPORT)",2,30,"CLEAR","DARKNESS, LIGHTED ROAD","WET","TURNING","NOT DIVIDED","FAILING TO YIELD RIGHT-OF-WAY",41.930553447,-87.643648785
"3445","none",2021-11-12 18:00:00,18,"NOT ON SCENE (DESK REPORT)",2,30,"FREEZING RAIN/DRIZZLE","DARKNESS, LIGHTED ROAD","WET","REAR END","NOT DIVIDED","FAILING TO REDUCE SPEED TO AVOID CRASH",41.93908154,-87.736326959
"3446","none",2021-11-12 18:00:00,18,"NOT ON SCENE (DESK REPORT)",2,30,"CLEAR","DARKNESS","WET","REAR END","NOT DIVIDED","FOLLOWING TOO CLOSELY",41.968045507,-87.755076401
"3447","none",2021-11-12 18:00:00,18,"NOT ON SCENE (DESK REPORT)",2,30,"CLEAR","DARKNESS, LIGHTED ROAD","DRY","PARKED MOTOR VEHICLE","NOT DIVIDED","UNABLE TO DETERMINE",41.853005808,-87.674449782
"3448","none",2021-11-12 18:00:00,18,"NOT ON SCENE (DESK REPORT)",2,30,"CLOUDY/OVERCAST","DAYLIGHT","DRY","REAR END","NOT DIVIDED","FOLLOWING TOO CLOSELY",41.960428073,-87.779406596
"3449","none",2021-11-12 18:00:00,18,"NOT ON SCENE (DESK REPORT)",2,30,"UNKNOWN","DARKNESS, LIGHTED ROAD","DRY","PARKED MOTOR VEHICLE","ONE-WAY","UNABLE TO DETERMINE",41.682723736,-87.638405428
"3450","none",2021-11-12 18:00:00,18,"NOT ON SCENE (DESK REPORT)",2,30,"UNKNOWN","UNKNOWN","UNKNOWN","PARKED MOTOR VEHICLE","NOT DIVIDED","UNABLE TO DETERMINE",42.019419787,-87.689184189
"3451","none",2021-11-12 17:55:00,17,"NOT ON SCENE (DESK REPORT)",2,30,"CLEAR","DARKNESS, LIGHTED ROAD","DRY","REAR END","NOT DIVIDED","FOLLOWING TOO CLOSELY",41.760710194,-87.56194603
"3452","none",2021-11-12 17:54:00,17,"ON SCENE",2,30,"RAIN","DAYLIGHT","WET","ANGLE","NOT DIVIDED","UNABLE TO DETERMINE",41.874190013,-87.67406257
"3453","injuries",2021-11-12 17:50:00,17,"ON SCENE",2,30,"RAIN","DARKNESS, LIGHTED ROAD","WET","PEDESTRIAN","DIVIDED - W/MEDIAN (NOT RAISED)","UNABLE TO DETERMINE",41.925036971,-87.66851499
"3454","none",2021-11-12 17:50:00,17,"NOT ON SCENE (DESK REPORT)",2,30,"CLEAR","DAYLIGHT","WET","SIDESWIPE SAME DIRECTION","NOT DIVIDED","UNABLE TO DETERMINE",41.832144031,-87.724395923
"3455","injuries",2021-11-12 17:50:00,17,"ON SCENE",2,35,"FREEZING RAIN/DRIZZLE","DUSK","WET","TURNING","FIVE POINT, OR MORE","IMPROPER TURNING/NO SIGNAL",41.744493833,-87.576003561
"3456","none",2021-11-12 17:50:00,17,"ON SCENE",2,30,"RAIN","DARKNESS, LIGHTED ROAD","WET","ANGLE","FOUR WAY","FAILING TO YIELD RIGHT-OF-WAY",41.881926248,-87.698620096
"3457","none",2021-11-12 17:45:00,17,"NOT ON SCENE (DESK REPORT)",2,30,"CLOUDY/OVERCAST","DAYLIGHT","WET","TURNING","NOT DIVIDED","IMPROPER TURNING/NO SIGNAL",41.986606956,-87.787813116
"3458","none",2021-11-12 17:40:00,17,"ON SCENE",2,30,"SNOW","DARKNESS","WET","REAR END","NOT DIVIDED","FOLLOWING TOO CLOSELY",41.77757543,-87.625428959
"3459","none",2021-11-12 17:40:00,17,"NOT ON SCENE (DESK REPORT)",2,30,"CLEAR","DARKNESS, LIGHTED ROAD","DRY","REAR END","DIVIDED - W/MEDIAN (NOT RAISED)","FOLLOWING TOO CLOSELY",41.892365986,-87.647752824
"3460","none",2021-11-12 17:37:00,17,"ON SCENE",3,30,"CLEAR","DARKNESS, LIGHTED ROAD","WET","TURNING","FOUR WAY","FAILING TO REDUCE SPEED TO AVOID CRASH",41.830695335,-87.646250916
"3461","injuries",2021-11-12 17:31:00,17,"ON SCENE",4,30,"RAIN","DARKNESS, LIGHTED ROAD","WET","ANGLE","FOUR WAY","FAILING TO REDUCE SPEED TO AVOID CRASH",41.801257492,-87.684281116
"3462","none",2021-11-12 17:30:00,17,"ON SCENE",2,30,"RAIN","DARKNESS, LIGHTED ROAD","WET","PEDESTRIAN","DIVIDED - W/MEDIAN (NOT RAISED)","WEATHER",41.970303722,-87.713563119
"3463","injuries",2021-11-12 17:30:00,17,"NOT ON SCENE (DESK REPORT)",3,30,"SNOW","DARKNESS, LIGHTED ROAD","WET","REAR END","NOT DIVIDED","UNABLE TO DETERMINE",41.918728556,-87.707162963
"3464","none",2021-11-12 17:30:00,17,"NOT ON SCENE (DESK REPORT)",2,30,"CLEAR","DAYLIGHT","WET","REAR END","NOT DIVIDED","NOT APPLICABLE",41.925395009,-87.658930183
"3465","none",2021-11-12 17:29:00,17,"NOT ON SCENE (DESK REPORT)",2,20,"OTHER","DARKNESS, LIGHTED ROAD","WET","ANGLE","ONE-WAY","UNABLE TO DETERMINE",41.968518059,-87.711070493
"3466","none",2021-11-12 17:20:00,17,"ON SCENE",3,25,"RAIN","DARKNESS, LIGHTED ROAD","WET","ANGLE","FOUR WAY","DISREGARDING STOP SIGN",41.944628661,-87.725048073
"3467","none",2021-11-12 17:20:00,17,"ON SCENE",2,30,"CLEAR","DARKNESS, LIGHTED ROAD","WET","ANGLE","T-INTERSECTION","FAILING TO YIELD RIGHT-OF-WAY",41.939257907,-87.64448747
"3468","injuries",2021-11-12 17:20:00,17,"ON SCENE",4,30,"RAIN","DARKNESS, LIGHTED ROAD","WET","TURNING","NOT DIVIDED","OPERATING VEHICLE IN ERRATIC, RECKLESS, CARELESS, NEGLIGENT OR AGGRESSIVE MANNER",42.005076123,-87.69021903
"3469","injuries",2021-11-12 17:15:00,17,"ON SCENE",2,25,"CLEAR","DAWN","WET","PEDESTRIAN","NOT DIVIDED","UNABLE TO DETERMINE",41.897297594,-87.656410664
"3470","none",2021-11-12 17:15:00,17,"ON SCENE",2,30,"RAIN","DUSK","WET","PARKED MOTOR VEHICLE","ONE-WAY","UNABLE TO DETERMINE",41.755034841,-87.584134566
"3471","none",2021-11-12 17:15:00,17,"NOT ON SCENE (DESK REPORT)",2,30,"RAIN","DARKNESS, LIGHTED ROAD","WET","TURNING","NOT DIVIDED","IMPROPER TURNING/NO SIGNAL",42.007899736,-87.672904016
"3472","none",2021-11-12 17:15:00,17,"NOT ON SCENE (DESK REPORT)",2,30,"SNOW","DAYLIGHT","WET","REAR END","NOT DIVIDED","FOLLOWING TOO CLOSELY",41.758111148,-87.663760781
"3473","none",2021-11-12 17:10:00,17,"ON SCENE",2,25,"RAIN","DUSK","WET","TURNING","NOT DIVIDED","UNABLE TO DETERMINE",41.884351478,-87.696442561
"3474","injuries",2021-11-12 17:10:00,17,"ON SCENE",3,30,"FREEZING RAIN/DRIZZLE","DARKNESS, LIGHTED ROAD","WET","PARKED MOTOR VEHICLE","NOT DIVIDED","FAILING TO YIELD RIGHT-OF-WAY",41.801349673,-87.726372767
"3475","none",2021-11-12 17:10:00,17,"ON SCENE",2,30,"SNOW","DARKNESS, LIGHTED ROAD","WET","REAR END","NOT DIVIDED","FOLLOWING TOO CLOSELY",41.866562709,-87.701034773
"3476","none",2021-11-12 17:10:00,17,"NOT ON SCENE (DESK REPORT)",2,25,"UNKNOWN","DARKNESS, LIGHTED ROAD","UNKNOWN","REAR END","NOT DIVIDED","UNABLE TO DETERMINE",41.916956726,-87.752808472
"3477","injuries",2021-11-12 17:10:00,17,"ON SCENE",2,30,"CLEAR","DARKNESS, LIGHTED ROAD","UNKNOWN","PEDESTRIAN","UNKNOWN","UNABLE TO DETERMINE",41.8883501,-87.716255442
"3478","none",2021-11-12 17:04:00,17,"ON SCENE",2,30,"RAIN","DARKNESS, LIGHTED ROAD","WET","ANGLE","DIVIDED - W/MEDIAN (NOT RAISED)","WEATHER",41.941317901,-87.675877857
"3479","injuries",2021-11-12 17:03:00,17,"ON SCENE",1,35,"RAIN","DARKNESS","WET","FIXED OBJECT","Y-INTERSECTION","DISTRACTION - OTHER ELECTRONIC DEVICE (NAVIGATION DEVICE, DVD PLAYER, ETC.)",41.686286772,-87.602155043
"3480","none",2021-11-12 17:02:00,17,"ON SCENE",2,30,"RAIN","DARKNESS, LIGHTED ROAD","WET","TURNING","NOT DIVIDED","FAILING TO REDUCE SPEED TO AVOID CRASH",41.894059023,-87.63726188
"3481","none",2021-11-12 17:00:00,17,"ON SCENE",3,30,"SNOW","DUSK","WET","REAR END","NOT DIVIDED","WEATHER",41.863261797,-87.73502544
"3482","injuries",2021-11-12 17:00:00,17,"ON SCENE",3,30,"OTHER","DARKNESS, LIGHTED ROAD","WET","ANGLE","NOT DIVIDED","UNABLE TO DETERMINE",41.751663446,-87.585364616
"3483","none",2021-11-12 17:00:00,17,"NOT ON SCENE (DESK REPORT)",2,30,"SNOW","DARKNESS, LIGHTED ROAD","WET","REAR END","NOT DIVIDED","FOLLOWING TOO CLOSELY",41.691770606,-87.540254247
"3484","none",2021-11-12 17:00:00,17,"NOT ON SCENE (DESK REPORT)",2,30,"CLEAR","DAYLIGHT","WET","TURNING","DIVIDED - W/MEDIAN BARRIER","IMPROPER TURNING/NO SIGNAL",41.878680672,-87.676725524
"3485","none",2021-11-12 17:00:00,17,"NOT ON SCENE (DESK REPORT)",2,15,"CLEAR","DAYLIGHT","DRY","PARKED MOTOR VEHICLE","PARKING LOT","UNABLE TO DETERMINE",41.722263198,-87.582917635
"3486","none",2021-11-12 16:59:00,16,"ON SCENE",2,30,"RAIN","DARKNESS","WET","TURNING","UNKNOWN","IMPROPER TURNING/NO SIGNAL",41.882164167,-87.624514274
"3487","none",2021-11-12 16:52:00,16,"ON SCENE",2,30,"UNKNOWN","UNKNOWN","UNKNOWN","PARKED MOTOR VEHICLE","ONE-WAY","UNABLE TO DETERMINE",41.882048527,-87.701431337
"3488","none",2021-11-12 16:50:00,16,"ON SCENE",2,30,"RAIN","DARKNESS","DRY","SIDESWIPE SAME DIRECTION","TRAFFIC ROUTE","UNABLE TO DETERMINE",41.791420282,-87.580147769
"3489","none",2021-11-12 16:49:00,16,"ON SCENE",2,0,"RAIN","DARKNESS","WET","PARKED MOTOR VEHICLE","OTHER","UNABLE TO DETERMINE",41.721770854,-87.628520638
"3490","none",2021-11-12 16:45:00,16,"ON SCENE",2,24,"RAIN","DARKNESS, LIGHTED ROAD","WET","PARKED MOTOR VEHICLE","NOT DIVIDED","UNABLE TO DETERMINE",41.795335975,-87.701314964
"3491","injuries",2021-11-12 16:41:00,16,"ON SCENE",2,30,"FREEZING RAIN/DRIZZLE","DARKNESS, LIGHTED ROAD","DRY","PEDESTRIAN","DIVIDED - W/MEDIAN BARRIER","UNABLE TO DETERMINE",41.899971669,-87.624011941
"3492","none",2021-11-12 16:39:00,16,"ON SCENE",2,30,"RAIN","DUSK","WET","REAR END","DIVIDED - W/MEDIAN (NOT RAISED)","UNABLE TO DETERMINE",41.878815013,-87.70099844
"3493","none",2021-11-12 16:35:00,16,"ON SCENE",3,30,"CLEAR","DARKNESS, LIGHTED ROAD","DRY","REAR END","DIVIDED - W/MEDIAN BARRIER","FOLLOWING TOO CLOSELY",41.957352359,-87.668988751
"3494","none",2021-11-12 16:35:00,16,"ON SCENE",3,15,"RAIN","DARKNESS, LIGHTED ROAD","WET","PEDESTRIAN","PARKING LOT","FAILING TO YIELD RIGHT-OF-WAY",41.823983252,-87.616853891
"3495","none",2021-11-12 16:33:00,16,"NOT ON SCENE (DESK REPORT)",2,30,"CLEAR","DARKNESS, LIGHTED ROAD","WET","SIDESWIPE SAME DIRECTION","NOT DIVIDED","IMPROPER OVERTAKING/PASSING",41.923697859,-87.796497277
"3496","none",2021-11-12 16:30:00,16,"NOT ON SCENE (DESK REPORT)",2,30,"RAIN","DARKNESS","WET","REAR END","NOT DIVIDED","UNABLE TO DETERMINE",41.919675109,-87.648710422
"3497","none",2021-11-12 16:30:00,16,"ON SCENE",2,35,"RAIN","UNKNOWN","WET","TURNING","FIVE POINT, OR MORE","UNABLE TO DETERMINE",41.751611523,-87.585592284
"3498","none",2021-11-12 16:30:00,16,"NOT ON SCENE (DESK REPORT)",2,30,"CLEAR","DAYLIGHT","DRY","REAR END","DIVIDED - W/MEDIAN (NOT RAISED)","NOT APPLICABLE",41.895608706,-87.641579165
"3499","none",2021-11-12 16:30:00,16,"ON SCENE",2,30,"SNOW","DARKNESS, LIGHTED ROAD","WET","REAR END","NOT DIVIDED","WEATHER",41.992582288,-87.765691981
"3500","injuries",2021-11-12 16:30:00,16,"NOT ON SCENE (DESK REPORT)",2,30,"UNKNOWN","DUSK","UNKNOWN","REAR END","DIVIDED - W/MEDIAN (NOT RAISED)","UNABLE TO DETERMINE",41.777854815,-87.644883127
"3501","none",2021-11-12 16:30:00,16,"NOT ON SCENE (DESK REPORT)",2,30,"UNKNOWN","UNKNOWN","UNKNOWN","REAR END","NOT DIVIDED","FOLLOWING TOO CLOSELY",41.778636469,-87.722906356
"3502","none",2021-11-12 16:27:00,16,"ON SCENE",2,35,"SLEET/HAIL","DARKNESS","WET","REAR END","DIVIDED - W/MEDIAN (NOT RAISED)","WEATHER",41.818354145,-87.723803008
"3503","none",2021-11-12 16:25:00,16,"ON SCENE",2,30,"RAIN","DARKNESS, LIGHTED ROAD","WET","HEAD ON","FOUR WAY","UNABLE TO DETERMINE",42.007831608,-87.661795573
"3504","none",2021-11-12 16:24:00,16,"ON SCENE",1,30,"CLEAR","DUSK","WET","OTHER OBJECT","DIVIDED - W/MEDIAN BARRIER","FAILING TO REDUCE SPEED TO AVOID CRASH",41.72151657,-87.630970075
"3505","none",2021-11-12 16:23:00,16,"NOT ON SCENE (DESK REPORT)",2,30,"UNKNOWN","UNKNOWN","UNKNOWN","REAR END","UNKNOWN","UNABLE TO DETERMINE",41.951394957,-87.812151797
"3506","none",2021-11-12 16:20:00,16,"ON SCENE",2,30,"RAIN","DAYLIGHT","WET","REAR END","NOT DIVIDED","WEATHER",41.750506038,-87.645816083
"3507","none",2021-11-12 16:20:00,16,"ON SCENE",2,30,"CLEAR","DAYLIGHT","WET","SIDESWIPE SAME DIRECTION","NOT DIVIDED","UNABLE TO DETERMINE",41.765311361,-87.644477477
"3508","none",2021-11-12 16:12:00,16,"ON SCENE",2,25,"UNKNOWN","DARKNESS, LIGHTED ROAD","UNKNOWN","SIDESWIPE SAME DIRECTION","ONE-WAY","UNABLE TO DETERMINE",41.939884237,-87.700436972
"3509","none",2021-11-12 16:12:00,16,"ON SCENE",3,30,"FREEZING RAIN/DRIZZLE","DAYLIGHT","DRY","REAR END","DIVIDED - W/MEDIAN BARRIER","UNABLE TO DETERMINE",41.743504558,-87.636662798
"3510","none",2021-11-12 16:10:00,16,"NOT ON SCENE (DESK REPORT)",2,30,"CLEAR","DAYLIGHT","DRY","REAR END","NOT DIVIDED","FOLLOWING TOO CLOSELY",41.907773343,-87.633194948
"3511","none",2021-11-12 16:05:00,16,"ON SCENE",1,30,"RAIN","DAWN","WET","FIXED OBJECT","DIVIDED - W/MEDIAN BARRIER","FAILING TO REDUCE SPEED TO AVOID CRASH",41.851382897,-87.729448606
"3512","none",2021-11-12 16:00:00,16,"NOT ON SCENE (DESK REPORT)",2,30,"CLEAR","DUSK","WET","SIDESWIPE SAME DIRECTION","DIVIDED - W/MEDIAN BARRIER","IMPROPER OVERTAKING/PASSING",41.817680117,-87.665333633
"3513","none",2021-11-12 16:00:00,16,"ON SCENE",2,30,"SNOW","DUSK","SNOW OR SLUSH","ANGLE","NOT DIVIDED","UNABLE TO DETERMINE",41.938088477,-87.81052648
"3514","none",2021-11-12 16:00:00,16,"NOT ON SCENE (DESK REPORT)",2,20,"CLEAR","DAYLIGHT","DRY","PARKED MOTOR VEHICLE","NOT DIVIDED","UNABLE TO DETERMINE",41.974609511,-87.808800176
"3515","none",2021-11-12 16:00:00,16,"NOT ON SCENE (DESK REPORT)",2,30,"UNKNOWN","UNKNOWN","WET","TURNING","NOT DIVIDED","IMPROPER OVERTAKING/PASSING",41.780519487,-87.664392859
"3516","none",2021-11-12 16:00:00,16,"NOT ON SCENE (DESK REPORT)",2,30,"SNOW","DAYLIGHT","WET","REAR END","DIVIDED - W/MEDIAN (NOT RAISED)","UNABLE TO DETERMINE",41.772770039,-87.62034858
"3517","none",2021-11-12 15:58:00,15,"ON SCENE",1,30,"SNOW","DAYLIGHT","WET","FIXED OBJECT","NOT DIVIDED","WEATHER",41.968496266,-87.689749481
"3518","none",2021-11-12 15:57:00,15,"ON SCENE",2,30,"CLEAR","DARKNESS, LIGHTED ROAD","DRY","TURNING","DIVIDED - W/MEDIAN (NOT RAISED)","IMPROPER TURNING/NO SIGNAL",41.885858426,-87.730837445
"3519","none",2021-11-12 15:55:00,15,"NOT ON SCENE (DESK REPORT)",2,25,"CLEAR","DAYLIGHT","DRY","PARKED MOTOR VEHICLE","ONE-WAY","UNABLE TO DETERMINE",41.99110192,-87.6796928
"3520","none",2021-11-12 15:55:00,15,"NOT ON SCENE (DESK REPORT)",2,20,"RAIN","DAYLIGHT","WET","TURNING","NOT DIVIDED","WEATHER",41.99798375,-87.681420448
"3521","injuries",2021-11-12 15:55:00,15,"NOT ON SCENE (DESK REPORT)",2,30,"CLEAR","DAYLIGHT","WET","REAR END","NOT DIVIDED","NOT APPLICABLE",41.789530633,-87.723207174
"3522","none",2021-11-12 15:54:00,15,"ON SCENE",2,30,"FREEZING RAIN/DRIZZLE","DARKNESS, LIGHTED ROAD","WET","REAR END","DIVIDED - W/MEDIAN (NOT RAISED)","UNABLE TO DETERMINE",41.882108995,-87.729426832
"3523","none",2021-11-12 15:50:00,15,"NOT ON SCENE (DESK REPORT)",2,30,"CLEAR","DARKNESS","DRY","ANGLE","NOT DIVIDED","DRIVING SKILLS/KNOWLEDGE/EXPERIENCE",41.946824879,-87.693212913
"3524","injuries",2021-11-12 15:50:00,15,"ON SCENE",2,35,"CLOUDY/OVERCAST","DAYLIGHT","WET","ANGLE","DIVIDED - W/MEDIAN (NOT RAISED)","FAILING TO YIELD RIGHT-OF-WAY",41.750182355,-87.673278857
"3525","none",2021-11-12 15:49:00,15,"ON SCENE",2,30,"RAIN","DUSK","WET","REAR END","DIVIDED - W/MEDIAN (NOT RAISED)","FAILING TO REDUCE SPEED TO AVOID CRASH",41.877261578,-87.71592242
"3526","none",2021-11-12 15:45:00,15,"NOT ON SCENE (DESK REPORT)",2,10,"SNOW","DAYLIGHT","WET","PARKED MOTOR VEHICLE","PARKING LOT","DRIVING SKILLS/KNOWLEDGE/EXPERIENCE",41.696232528,-87.595806197
"3527","none",2021-11-12 15:45:00,15,"NOT ON SCENE (DESK REPORT)",2,30,"RAIN","DAYLIGHT","WET","SIDESWIPE SAME DIRECTION","NOT DIVIDED","UNABLE TO DETERMINE",41.854984276,-87.724702842
"3528","none",2021-11-12 15:45:00,15,"NOT ON SCENE (DESK REPORT)",2,30,"RAIN","DAYLIGHT","WET","TURNING","NOT DIVIDED","FAILING TO YIELD RIGHT-OF-WAY",41.866501191,-87.686157599
"3529","none",2021-11-12 15:30:00,15,"NOT ON SCENE (DESK REPORT)",2,30,"RAIN","DAYLIGHT","WET","PARKED MOTOR VEHICLE","NOT DIVIDED","IMPROPER OVERTAKING/PASSING",41.793908942,-87.703714746
"3530","none",2021-11-12 15:30:00,15,"NOT ON SCENE (DESK REPORT)",2,30,"RAIN","DAYLIGHT","WET","REAR END","NOT DIVIDED","UNABLE TO DETERMINE",41.76622187,-87.566289207
"3531","none",2021-11-12 15:30:00,15,"NOT ON SCENE (DESK REPORT)",2,30,"SNOW","DAYLIGHT","WET","REAR END","FOUR WAY","FOLLOWING TOO CLOSELY",41.816309099,-87.631168227
"3532","none",2021-11-12 15:30:00,15,"NOT ON SCENE (DESK REPORT)",2,30,"RAIN","DAWN","WET","TURNING","NOT DIVIDED","FAILING TO YIELD RIGHT-OF-WAY",41.97532746,-87.757918119
"3533","none",2021-11-12 15:25:00,15,"NOT ON SCENE (DESK REPORT)",2,30,"UNKNOWN","DAYLIGHT","UNKNOWN","REAR END","NOT DIVIDED","UNABLE TO DETERMINE",41.861040713,-87.711757533
"3534","none",2021-11-12 15:20:00,15,"NOT ON SCENE (DESK REPORT)",2,30,"CLEAR","DAYLIGHT","WET","SIDESWIPE SAME DIRECTION","ONE-WAY","UNABLE TO DETERMINE",41.777391512,-87.640658483
"3535","none",2021-11-12 15:20:00,15,"NOT ON SCENE (DESK REPORT)",2,10,"CLEAR","DAYLIGHT","DRY","PARKED MOTOR VEHICLE","PARKING LOT","UNABLE TO DETERMINE",41.874081989,-87.667222759