"","injuries","crash_date","crash_hour","report_type","num_units","posted_speed_limit","weather_condition","lighting_condition","roadway_surface_cond","first_crash_type","trafficway_type","prim_contributory_cause","latitude","longitude"
"3536","none",2021-11-12 15:19:00,15,"NOT ON SCENE (DESK REPORT)",2,30,"SNOW","DAYLIGHT","WET","REAR END","FOUR WAY","FOLLOWING TOO CLOSELY",41.755926794,-87.654025215
"3537","none",2021-11-12 15:16:00,15,"ON SCENE",1,30,"CLEAR","DAYLIGHT","WET","FIXED OBJECT","DIVIDED - W/MEDIAN (NOT RAISED)","NOT APPLICABLE",41.814020616,-87.660914013
"3538","none",2021-11-12 15:14:00,15,"NOT ON SCENE (DESK REPORT)",2,30,"CLEAR","DAYLIGHT","DRY","SIDESWIPE SAME DIRECTION","NOT DIVIDED","IMPROPER OVERTAKING/PASSING",41.737094153,-87.580759686
"3539","none",2021-11-12 15:10:00,15,"NOT ON SCENE (DESK REPORT)",2,45,"CLOUDY/OVERCAST","DAYLIGHT","WET","PARKED MOTOR VEHICLE","NOT DIVIDED","DRIVING SKILLS/KNOWLEDGE/EXPERIENCE",41.770165733,-87.664109328
"3540","none",2021-11-12 15:05:00,15,"ON SCENE",2,30,"CLOUDY/OVERCAST","DAYLIGHT","WET","REAR END","DIVIDED - W/MEDIAN (NOT RAISED)","FOLLOWING TOO CLOSELY",41.914029106,-87.687463256
"3541","none",2021-11-12 15:01:00,15,"ON SCENE",2,30,"BLOWING SNOW","DAYLIGHT","WET","TURNING","CENTER TURN LANE","FAILING TO YIELD RIGHT-OF-WAY",41.900801649,-87.624272468
"3542","none",2021-11-12 15:00:00,15,"ON SCENE",3,30,"RAIN","DAYLIGHT","WET","PARKED MOTOR VEHICLE","NOT DIVIDED","UNABLE TO DETERMINE",41.917243974,-87.729063716
"3543","none",2021-11-12 15:00:00,15,"ON SCENE",2,30,"RAIN","DAYLIGHT","WET","TURNING","NOT DIVIDED","UNABLE TO DETERMINE",41.997018918,-87.806947715
"3544","none",2021-11-12 15:00:00,15,"NOT ON SCENE (DESK REPORT)",2,30,"SNOW","DAYLIGHT","WET","PARKED MOTOR VEHICLE","ONE-WAY","UNABLE TO DETERMINE",41.997431095,-87.692167721
"3545","none",2021-11-12 15:00:00,15,"UNKNOWN",2,30,"SNOW","DAYLIGHT","WET","REAR END","NOT DIVIDED","UNABLE TO DETERMINE",41.896647417,-87.638204121
"3546","none",2021-11-12 15:00:00,15,"NOT ON SCENE (DESK REPORT)",3,30,"SNOW","DAYLIGHT","WET","REAR END","NOT DIVIDED","DRIVING SKILLS/KNOWLEDGE/EXPERIENCE",41.774467699,-87.615631932
"3547","none",2021-11-12 15:00:00,15,"NOT ON SCENE (DESK REPORT)",2,30,"SNOW","DAYLIGHT","WET","SIDESWIPE SAME DIRECTION","NOT DIVIDED","UNABLE TO DETERMINE",41.892330639,-87.637200466
"3548","none",2021-11-12 15:00:00,15,"NOT ON SCENE (DESK REPORT)",2,30,"CLEAR","DAYLIGHT","DRY","PARKED MOTOR VEHICLE","UNKNOWN","UNABLE TO DETERMINE",41.810048525,-87.61946564
"3549","none",2021-11-12 15:00:00,15,"NOT ON SCENE (DESK REPORT)",2,10,"SLEET/HAIL","DAYLIGHT","SNOW OR SLUSH","PARKED MOTOR VEHICLE","PARKING LOT","UNABLE TO DETERMINE",41.691676034,-87.700978023
"3550","none",2021-11-12 14:58:00,14,"NOT ON SCENE (DESK REPORT)",2,30,"SNOW","DAYLIGHT","WET","REAR END","NOT DIVIDED","NOT APPLICABLE",41.758727998,-87.741535662
"3551","injuries",2021-11-12 14:57:00,14,"ON SCENE",2,30,"FREEZING RAIN/DRIZZLE","DAYLIGHT","WET","REAR END","DIVIDED - W/MEDIAN BARRIER","FAILING TO REDUCE SPEED TO AVOID CRASH",41.960642724,-87.745068808
"3552","none",2021-11-12 14:55:00,14,"ON SCENE",2,15,"SNOW","DAYLIGHT","DRY","ANGLE","NOT DIVIDED","FAILING TO YIELD RIGHT-OF-WAY",41.777397847,-87.768884516
"3553","none",2021-11-12 14:51:00,14,"ON SCENE",4,30,"FREEZING RAIN/DRIZZLE","DAYLIGHT","WET","REAR END","NOT DIVIDED","FAILING TO REDUCE SPEED TO AVOID CRASH",41.952633448,-87.798767742
"3554","none",2021-11-12 14:50:00,14,"NOT ON SCENE (DESK REPORT)",2,30,"FREEZING RAIN/DRIZZLE","DAYLIGHT","WET","PARKED MOTOR VEHICLE","NOT DIVIDED","UNABLE TO DETERMINE",41.711575634,-87.662758061
"3555","injuries",2021-11-12 14:49:00,14,"ON SCENE",3,30,"SNOW","DAYLIGHT","WET","ANGLE","NOT DIVIDED","NOT APPLICABLE",41.766922435,-87.644602447
"3556","none",2021-11-12 14:46:00,14,"NOT ON SCENE (DESK REPORT)",2,30,"RAIN","DAYLIGHT","WET","REAR END","NOT DIVIDED","UNABLE TO DETERMINE",41.692406484,-87.647367536
"3557","none",2021-11-12 14:45:00,14,"NOT ON SCENE (DESK REPORT)",2,30,"RAIN","DAYLIGHT","WET","TURNING","DIVIDED - W/MEDIAN (NOT RAISED)","FAILING TO YIELD RIGHT-OF-WAY",41.985479188,-87.659978842
"3558","none",2021-11-12 14:45:00,14,"NOT ON SCENE (DESK REPORT)",2,30,"CLEAR","DAYLIGHT","DRY","ANGLE","PARKING LOT","UNABLE TO DETERMINE",41.848539187,-87.675416984
"3559","none",2021-11-12 14:42:00,14,"ON SCENE",2,30,"RAIN","DAYLIGHT","WET","TURNING","NOT DIVIDED","UNABLE TO DETERMINE",41.885073992,-87.647307903
"3560","none",2021-11-12 14:40:00,14,"NOT ON SCENE (DESK REPORT)",2,30,"CLEAR","DAYLIGHT","WET","TURNING","NOT DIVIDED","FAILING TO YIELD RIGHT-OF-WAY",41.876804355,-87.654685775
"3561","none",2021-11-12 14:40:00,14,"NOT ON SCENE (DESK REPORT)",2,30,"CLEAR","DAYLIGHT","DRY","TURNING","FOUR WAY","FAILING TO YIELD RIGHT-OF-WAY",41.883165736,-87.647551653
"3562","none",2021-11-12 14:35:00,14,"NOT ON SCENE (DESK REPORT)",2,35,"SNOW","DAYLIGHT","WET","ANGLE","FOUR WAY","IMPROPER OVERTAKING/PASSING",41.778309376,-87.742894419
"3563","none",2021-11-12 14:30:00,14,"NOT ON SCENE (DESK REPORT)",2,30,"CLEAR","DAYLIGHT","DRY","SIDESWIPE SAME DIRECTION","NOT DIVIDED","UNABLE TO DETERMINE",41.866940064,-87.666532428
"3564","none",2021-11-12 14:30:00,14,"NOT ON SCENE (DESK REPORT)",2,25,"CLOUDY/OVERCAST","DAYLIGHT","WET","ANGLE","FOUR WAY","UNABLE TO DETERMINE",41.878677655,-87.747524562
"3565","none",2021-11-12 14:30:00,14,"NOT ON SCENE (DESK REPORT)",2,30,"RAIN","DAYLIGHT","WET","TURNING","NOT DIVIDED","NOT APPLICABLE",41.77833539,-87.742436494
"3566","none",2021-11-12 14:30:00,14,"NOT ON SCENE (DESK REPORT)",2,30,"CLEAR","DAYLIGHT","DRY","REAR END","NOT DIVIDED","FOLLOWING TOO CLOSELY",41.925488813,-87.639616983
"3567","none",2021-11-12 14:30:00,14,"NOT ON SCENE (DESK REPORT)",2,30,"UNKNOWN","UNKNOWN","UNKNOWN","SIDESWIPE SAME DIRECTION","UNKNOWN INTERSECTION TYPE","UNABLE TO DETERMINE",41.928999687,-87.687024336
"3568","none",2021-11-12 14:25:00,14,"NOT ON SCENE (DESK REPORT)",2,40,"CLEAR","DAYLIGHT","DRY","SIDESWIPE SAME DIRECTION","DIVIDED - W/MEDIAN BARRIER","UNABLE TO DETERMINE",41.867889391,-87.618806348
"3569","injuries",2021-11-12 14:22:00,14,"ON SCENE",2,40,"RAIN","DAYLIGHT","WET","REAR END","DIVIDED - W/MEDIAN BARRIER","FAILING TO REDUCE SPEED TO AVOID CRASH",41.896804972,-87.617027423
"3570","none",2021-11-12 14:20:00,14,"NOT ON SCENE (DESK REPORT)",2,20,"RAIN","DAYLIGHT","WET","REAR END","NOT DIVIDED","NOT APPLICABLE",41.892445015,-87.624238026
"3571","none",2021-11-12 14:20:00,14,"NOT ON SCENE (DESK REPORT)",2,25,"CLOUDY/OVERCAST","DAYLIGHT","WET","PARKED MOTOR VEHICLE","DIVIDED - W/MEDIAN (NOT RAISED)","UNABLE TO DETERMINE",41.8696647,-87.743993314
"3572","none",2021-11-12 14:15:00,14,"NOT ON SCENE (DESK REPORT)",2,30,"CLOUDY/OVERCAST","DAYLIGHT","DRY","TURNING","NOT DIVIDED","UNABLE TO DETERMINE",41.880730449,-87.734594761
"3573","none",2021-11-12 14:14:00,14,"NOT ON SCENE (DESK REPORT)",2,20,"CLEAR","DAYLIGHT","DRY","REAR END","ONE-WAY","UNABLE TO DETERMINE",41.737891476,-87.625633723
"3574","none",2021-11-12 14:00:00,14,"NOT ON SCENE (DESK REPORT)",3,30,"CLEAR","DAYLIGHT","DRY","REAR END","DIVIDED - W/MEDIAN (NOT RAISED)","FOLLOWING TOO CLOSELY",41.794835342,-87.620676969
"3575","none",2021-11-12 13:55:00,13,"ON SCENE",2,30,"SLEET/HAIL","DAYLIGHT","WET","ANGLE","NOT DIVIDED","IMPROPER OVERTAKING/PASSING",41.807622302,-87.723431484
"3576","none",2021-11-12 13:54:00,13,"NOT ON SCENE (DESK REPORT)",2,30,"CLOUDY/OVERCAST","DAYLIGHT","SNOW OR SLUSH","TURNING","FOUR WAY","IMPROPER TURNING/NO SIGNAL",41.76579077,-87.663966886
"3577","none",2021-11-12 13:50:00,13,"NOT ON SCENE (DESK REPORT)",2,25,"UNKNOWN","DAYLIGHT","UNKNOWN","TURNING","FOUR WAY","IMPROPER TURNING/NO SIGNAL",41.997823159,-87.689738822
"3578","none",2021-11-12 13:50:00,13,"ON SCENE",2,15,"SNOW","DAYLIGHT","WET","PARKED MOTOR VEHICLE","ONE-WAY","IMPROPER BACKING",41.771751571,-87.618494525
"3579","none",2021-11-12 13:49:00,13,"ON SCENE",2,30,"SLEET/HAIL","DAYLIGHT","WET","TURNING","DIVIDED - W/MEDIAN (NOT RAISED)","UNABLE TO DETERMINE",41.992361602,-87.689854775
"3580","none",2021-11-12 13:45:00,13,"ON SCENE",2,25,"RAIN","DAYLIGHT","WET","PARKED MOTOR VEHICLE","DIVIDED - W/MEDIAN BARRIER","FAILING TO REDUCE SPEED TO AVOID CRASH",41.721679497,-87.635135577
"3581","none",2021-11-12 13:44:00,13,"ON SCENE",2,30,"RAIN","DAYLIGHT","WET","SIDESWIPE SAME DIRECTION","DIVIDED - W/MEDIAN (NOT RAISED)","IMPROPER LANE USAGE",41.808957634,-87.634801852
"3582","none",2021-11-12 13:30:00,13,"ON SCENE",1,15,"UNKNOWN","DAYLIGHT","UNKNOWN","FIXED OBJECT","OTHER","NOT APPLICABLE",41.703121957,-87.525124847
"3583","none",2021-11-12 13:30:00,13,"NOT ON SCENE (DESK REPORT)",2,35,"CLEAR","DAYLIGHT","DRY","TURNING","DIVIDED - W/MEDIAN (NOT RAISED)","IMPROPER TURNING/NO SIGNAL",41.867468034,-87.631313656
"3584","injuries",2021-11-12 13:30:00,13,"NOT ON SCENE (DESK REPORT)",2,30,"SNOW","DAYLIGHT","WET","REAR END","DIVIDED - W/MEDIAN (NOT RAISED)","UNABLE TO DETERMINE",41.887203478,-87.715933226
"3585","none",2021-11-12 13:30:00,13,"NOT ON SCENE (DESK REPORT)",3,30,"RAIN","DAYLIGHT","WET","REAR END","NOT DIVIDED","UNABLE TO DETERMINE",41.896367298,-87.64286725
"3586","none",2021-11-12 13:30:00,13,"NOT ON SCENE (DESK REPORT)",2,30,"CLEAR","DAYLIGHT","DRY","REAR END","NOT DIVIDED","UNABLE TO DETERMINE",41.878423173,-87.755141449
"3587","none",2021-11-12 13:27:00,13,"ON SCENE",4,30,"RAIN","UNKNOWN","WET","PARKED MOTOR VEHICLE","NOT DIVIDED","UNABLE TO DETERMINE",41.768581508,-87.671139643
"3588","none",2021-11-12 13:25:00,13,"NOT ON SCENE (DESK REPORT)",2,30,"CLEAR","DAYLIGHT","DRY","SIDESWIPE SAME DIRECTION","NOT DIVIDED","FAILING TO YIELD RIGHT-OF-WAY",41.983118646,-87.713683039
"3589","none",2021-11-12 13:25:00,13,"NOT ON SCENE (DESK REPORT)",2,30,"SNOW","DAYLIGHT","SNOW OR SLUSH","TURNING","NOT DIVIDED","UNABLE TO DETERMINE",41.735764261,-87.672798199
"3590","none",2021-11-12 13:25:00,13,"NOT ON SCENE (DESK REPORT)",2,25,"RAIN","DAYLIGHT","WET","PARKED MOTOR VEHICLE","NOT DIVIDED","UNABLE TO DETERMINE",41.693824619,-87.666716332
"3591","none",2021-11-12 13:15:00,13,"NOT ON SCENE (DESK REPORT)",2,25,"UNKNOWN","DAYLIGHT","UNKNOWN","ANGLE","NOT DIVIDED","UNABLE TO DETERMINE",41.938569432,-87.758982916
"3592","none",2021-11-12 13:15:00,13,"NOT ON SCENE (DESK REPORT)",2,30,"CLEAR","DAYLIGHT","WET","REAR END","NOT DIVIDED","UNABLE TO DETERMINE",41.903969211,-87.633070711
"3593","injuries",2021-11-12 13:15:00,13,"NOT ON SCENE (DESK REPORT)",2,30,"UNKNOWN","DAYLIGHT","WET","ANGLE","NOT DIVIDED","FAILING TO YIELD RIGHT-OF-WAY",41.821150248,-87.655674798
"3594","none",2021-11-12 13:15:00,13,"ON SCENE",2,30,"RAIN","DAYLIGHT","WET","ANGLE","NOT DIVIDED","FAILING TO YIELD RIGHT-OF-WAY",41.765236408,-87.636037879
"3595","none",2021-11-12 13:13:00,13,"ON SCENE",2,30,"SLEET/HAIL","DAYLIGHT","WET","REAR END","FOUR WAY","FOLLOWING TOO CLOSELY",41.663173271,-87.636763079
"3596","none",2021-11-12 13:12:00,13,"ON SCENE",2,30,"RAIN","DAYLIGHT","WET","REAR END","DIVIDED - W/MEDIAN BARRIER","FOLLOWING TOO CLOSELY",41.867402434,-87.620427605
"3597","none",2021-11-12 13:10:00,13,"UNKNOWN",7,35,"CLOUDY/OVERCAST","DAYLIGHT","DRY","SIDESWIPE SAME DIRECTION","DIVIDED - W/MEDIAN BARRIER","IMPROPER LANE USAGE",41.896804972,-87.617027423
"3598","none",2021-11-12 13:09:00,13,"ON SCENE",3,30,"CLOUDY/OVERCAST","DAYLIGHT","WET","REAR END","NOT DIVIDED","UNABLE TO DETERMINE",41.880750119,-87.732904633
"3599","none",2021-11-12 13:00:00,13,"NOT ON SCENE (DESK REPORT)",2,30,"RAIN","DUSK","WET","TURNING","OTHER","IMPROPER BACKING",41.932453229,-87.673302767
"3600","injuries",2021-11-12 12:58:00,12,"ON SCENE",2,30,"RAIN","DAYLIGHT","WET","REAR END","NOT DIVIDED","EQUIPMENT - VEHICLE CONDITION",41.788409518,-87.605947847
"3601","none",2021-11-12 12:45:00,12,"ON SCENE",1,25,"RAIN","DAYLIGHT","WET","FIXED OBJECT","OTHER","WEATHER",41.900958919,-87.619928174
"3602","injuries",2021-11-12 12:45:00,12,"ON SCENE",2,35,"SNOW","DAYLIGHT","WET","TURNING","NOT DIVIDED","FAILING TO YIELD RIGHT-OF-WAY",41.705717429,-87.681745746
"3603","none",2021-11-12 12:40:00,12,"NOT ON SCENE (DESK REPORT)",2,20,"CLEAR","DAYLIGHT","DRY","PARKED MOTOR VEHICLE","ONE-WAY","UNABLE TO DETERMINE",41.967341766,-87.683855642
"3604","none",2021-11-12 12:37:00,12,"NOT ON SCENE (DESK REPORT)",2,30,"CLEAR","DAYLIGHT","DRY","SIDESWIPE SAME DIRECTION","UNKNOWN","UNABLE TO DETERMINE",41.917444659,-87.689791778
"3605","none",2021-11-12 12:37:00,12,"NOT ON SCENE (DESK REPORT)",2,25,"RAIN","DAYLIGHT","WET","SIDESWIPE SAME DIRECTION","NOT DIVIDED","FAILING TO YIELD RIGHT-OF-WAY",41.921092837,-87.713706049
"3606","none",2021-11-12 12:31:00,12,"NOT ON SCENE (DESK REPORT)",2,30,"CLEAR","DAYLIGHT","DRY","PARKED MOTOR VEHICLE","DIVIDED - W/MEDIAN (NOT RAISED)","IMPROPER LANE USAGE",41.975864236,-87.707679552
"3607","injuries",2021-11-12 12:30:00,12,"NOT ON SCENE (DESK REPORT)",2,30,"UNKNOWN","DAYLIGHT","UNKNOWN","ANGLE","NOT DIVIDED","UNABLE TO DETERMINE",41.945077805,-87.668664336
"3608","none",2021-11-12 12:30:00,12,"NOT ON SCENE (DESK REPORT)",2,30,"CLEAR","DAYLIGHT","DRY","ANGLE","NOT DIVIDED","UNABLE TO DETERMINE",41.876671628,-87.654626239
"3609","none",2021-11-12 12:30:00,12,"NOT ON SCENE (DESK REPORT)",2,15,"CLEAR","DAYLIGHT","DRY","PARKED MOTOR VEHICLE","PARKING LOT","UNABLE TO DETERMINE",41.774693459,-87.615636822
"3610","none",2021-11-12 12:22:00,12,"ON SCENE",2,30,"RAIN","DAYLIGHT","WET","PARKED MOTOR VEHICLE","NOT DIVIDED","IMPROPER OVERTAKING/PASSING",41.815343869,-87.720872859
"3611","none",2021-11-12 12:20:00,12,"NOT ON SCENE (DESK REPORT)",2,30,"UNKNOWN","UNKNOWN","UNKNOWN","TURNING","UNKNOWN","UNABLE TO DETERMINE",41.938997046,-87.766661793
"3612","none",2021-11-12 12:15:00,12,"ON SCENE",2,30,"FREEZING RAIN/DRIZZLE","DAYLIGHT","SNOW OR SLUSH","ANGLE","NOT DIVIDED","DISREGARDING STOP SIGN",41.686236597,-87.610757514
"3613","none",2021-11-12 12:15:00,12,"NOT ON SCENE (DESK REPORT)",2,30,"CLOUDY/OVERCAST","DAYLIGHT","WET","REAR END","DIVIDED - W/MEDIAN (NOT RAISED)","UNABLE TO DETERMINE",41.909390862,-87.755847519
"3614","injuries",2021-11-12 12:15:00,12,"ON SCENE",3,25,"RAIN","DAYLIGHT","WET","TURNING","NOT DIVIDED","FAILING TO YIELD RIGHT-OF-WAY",41.932866154,-87.697488598
"3615","none",2021-11-12 12:15:00,12,"ON SCENE",2,30,"RAIN","DAYLIGHT","WET","REAR END","DIVIDED - W/MEDIAN (NOT RAISED)","UNABLE TO DETERMINE",41.779182601,-87.675598753
"3616","none",2021-11-12 12:10:00,12,"NOT ON SCENE (DESK REPORT)",2,30,"CLEAR","DAYLIGHT","DRY","PARKED MOTOR VEHICLE","ONE-WAY","UNABLE TO DETERMINE",41.729157753,-87.632736786
"3617","none",2021-11-12 12:00:00,12,"ON SCENE",2,20,"CLEAR","DAYLIGHT","DRY","PARKED MOTOR VEHICLE","ONE-WAY","IMPROPER BACKING",41.975421308,-87.653095638
"3618","none",2021-11-12 12:00:00,12,"NOT ON SCENE (DESK REPORT)",2,30,"RAIN","DAYLIGHT","WET","SIDESWIPE SAME DIRECTION","NOT DIVIDED","UNABLE TO DETERMINE",41.815778427,-87.66529289
"3619","none",2021-11-12 12:00:00,12,"NOT ON SCENE (DESK REPORT)",2,30,"RAIN","DAYLIGHT","WET","SIDESWIPE SAME DIRECTION","NOT DIVIDED","UNABLE TO DETERMINE",41.890939838,-87.660166987
"3620","none",2021-11-12 12:00:00,12,"NOT ON SCENE (DESK REPORT)",2,30,"RAIN","DAYLIGHT","DRY","REAR END","NOT DIVIDED","UNABLE TO DETERMINE",41.814554271,-87.703721299
"3621","none",2021-11-12 12:00:00,12,"ON SCENE",1,30,"RAIN","DARKNESS","UNKNOWN","FIXED OBJECT","ONE-WAY","UNABLE TO DETERMINE",41.764527568,-87.686971594
"3622","none",2021-11-12 12:00:00,12,"ON SCENE",3,30,"SLEET/HAIL","DAYLIGHT","WET","REAR END","NOT DIVIDED","WEATHER",41.774985633,-87.610618296
"3623","none",2021-11-12 12:00:00,12,"ON SCENE",2,30,"SNOW","DAYLIGHT","WET","ANGLE","FOUR WAY","FAILING TO YIELD RIGHT-OF-WAY",41.917519538,-87.697348539
"3624","none",2021-11-12 12:00:00,12,"NOT ON SCENE (DESK REPORT)",2,30,"RAIN","DAYLIGHT","WET","PARKED MOTOR VEHICLE","NOT DIVIDED","IMPROPER LANE USAGE",41.751253438,-87.613489104
"3625","injuries",2021-11-12 12:00:00,12,"ON SCENE",2,30,"RAIN","DAYLIGHT","WET","PEDESTRIAN","NOT DIVIDED","FAILING TO YIELD RIGHT-OF-WAY",41.786353571,-87.585181119
"3626","none",2021-11-12 12:00:00,12,"NOT ON SCENE (DESK REPORT)",2,35,"CLEAR","DAYLIGHT","DRY","TURNING","DIVIDED - W/MEDIAN (NOT RAISED)","IMPROPER TURNING/NO SIGNAL",41.756736099,-87.593070955
"3627","none",2021-11-12 12:00:00,12,"NOT ON SCENE (DESK REPORT)",2,35,"UNKNOWN","DAYLIGHT","UNKNOWN","SIDESWIPE SAME DIRECTION","DIVIDED - W/MEDIAN BARRIER","IMPROPER LANE USAGE",41.876938012,-87.624436618
"3628","none",2021-11-12 11:55:00,11,"ON SCENE",2,15,"CLEAR","DAYLIGHT","DRY","FIXED OBJECT","ALLEY","IMPROPER BACKING",41.702633178,-87.683848577
"3629","none",2021-11-12 11:50:00,11,"UNKNOWN",2,30,"FREEZING RAIN/DRIZZLE","DAYLIGHT","WET","SIDESWIPE SAME DIRECTION","NOT DIVIDED","UNABLE TO DETERMINE",41.931358562,-87.768384185
"3630","none",2021-11-12 11:50:00,11,"NOT ON SCENE (DESK REPORT)",2,25,"CLOUDY/OVERCAST","DAYLIGHT","DRY","TURNING","NOT DIVIDED","UNABLE TO DETERMINE",41.985641095,-87.655388544
"3631","none",2021-11-12 11:45:00,11,"ON SCENE",4,10,"RAIN","DAYLIGHT","WET","PARKED MOTOR VEHICLE","PARKING LOT","UNABLE TO DETERMINE",41.780121721,-87.664383263
"3632","none",2021-11-12 11:38:00,11,"ON SCENE",2,30,"CLEAR","DAYLIGHT","DRY","PARKED MOTOR VEHICLE","NOT DIVIDED","NOT APPLICABLE",41.984971747,-87.669709223
"3633","none",2021-11-12 11:35:00,11,"ON SCENE",2,30,"RAIN","DAYLIGHT","WET","REAR END","NOT DIVIDED","UNABLE TO DETERMINE",41.806597123,-87.674492256
"3634","injuries",2021-11-12 11:34:00,11,"ON SCENE",4,30,"RAIN","DAYLIGHT","WET","ANGLE","FOUR WAY","DISREGARDING TRAFFIC SIGNALS",41.779424663,-87.673968213
"3635","none",2021-11-12 11:30:00,11,"NOT ON SCENE (DESK REPORT)",2,20,"CLEAR","DAYLIGHT","DRY","PARKED MOTOR VEHICLE","NOT DIVIDED","NOT APPLICABLE",41.897758382,-87.6196621
"3636","none",2021-11-12 11:30:00,11,"NOT ON SCENE (DESK REPORT)",2,30,"RAIN","DAYLIGHT","WET","REAR END","NOT DIVIDED","FAILING TO REDUCE SPEED TO AVOID CRASH",41.893958763,-87.647841188
"3637","injuries",2021-11-12 11:25:00,11,"ON SCENE",2,30,"RAIN","DAYLIGHT","WET","ANGLE","FOUR WAY","DISREGARDING TRAFFIC SIGNALS",41.765344255,-87.624823099
"3638","injuries",2021-11-12 11:19:00,11,"ON SCENE",2,30,"RAIN","DAYLIGHT","WET","REAR END","NOT DIVIDED","DISTRACTION - FROM INSIDE VEHICLE",41.685556581,-87.610930649
"3639","none",2021-11-12 11:15:00,11,"NOT ON SCENE (DESK REPORT)",2,25,"CLOUDY/OVERCAST","DAYLIGHT","WET","ANGLE","ONE-WAY","UNABLE TO DETERMINE",41.877256407,-87.749155099
"3640","none",2021-11-12 11:10:00,11,"NOT ON SCENE (DESK REPORT)",2,25,"CLEAR","DAYLIGHT","DRY","SIDESWIPE SAME DIRECTION","NOT DIVIDED","UNABLE TO DETERMINE",41.983520143,-87.668913023
"3641","none",2021-11-12 11:05:00,11,"ON SCENE",2,30,"RAIN","DAYLIGHT","WET","REAR END","NOT DIVIDED","NOT APPLICABLE",41.983628221,-87.787868634
"3642","none",2021-11-12 11:00:00,11,"NOT ON SCENE (DESK REPORT)",2,30,"RAIN","DAYLIGHT","WET","REAR END","NOT DIVIDED","UNABLE TO DETERMINE",41.857978812,-87.646853256
"3643","none",2021-11-12 11:00:00,11,"NOT ON SCENE (DESK REPORT)",2,25,"CLEAR","DAYLIGHT","DRY","FIXED OBJECT","ALLEY","IMPROPER BACKING",41.828551481,-87.68565644
"3644","none",2021-11-12 10:50:00,10,"NOT ON SCENE (DESK REPORT)",2,15,"CLEAR","DAYLIGHT","DRY","ANGLE","PARKING LOT","FAILING TO YIELD RIGHT-OF-WAY",41.806854983,-87.742983968
"3645","injuries",2021-11-12 10:45:00,10,"ON SCENE",2,30,"RAIN","DAYLIGHT","WET","REAR END","ONE-WAY","FOLLOWING TOO CLOSELY",41.867248261,-87.645328478
"3646","none",2021-11-12 10:40:00,10,"ON SCENE",2,30,"RAIN","DAYLIGHT","WET","TURNING","FOUR WAY","IMPROPER LANE USAGE",41.884412697,-87.624302399
"3647","none",2021-11-12 10:37:00,10,"ON SCENE",2,30,"CLEAR","DAYLIGHT","WET","ANGLE","FOUR WAY","FAILING TO YIELD RIGHT-OF-WAY",41.854190765,-87.625675128
"3648","none",2021-11-12 10:30:00,10,"NOT ON SCENE (DESK REPORT)",2,30,"CLEAR","DAYLIGHT","DRY","SIDESWIPE SAME DIRECTION","DIVIDED - W/MEDIAN (NOT RAISED)","IMPROPER LANE USAGE",41.923961268,-87.746145801
"3649","none",2021-11-12 10:30:00,10,"NOT ON SCENE (DESK REPORT)",2,30,"CLEAR","DAYLIGHT","DRY","REAR END","T-INTERSECTION","FAILING TO YIELD RIGHT-OF-WAY",41.876943094,-87.624142954
"3650","none",2021-11-12 10:30:00,10,"NOT ON SCENE (DESK REPORT)",2,35,"CLEAR","DAYLIGHT","DRY","REAR END","DIVIDED - W/MEDIAN BARRIER","FOLLOWING TOO CLOSELY",41.975257338,-87.747841434
"3651","none",2021-11-12 10:20:00,10,"NOT ON SCENE (DESK REPORT)",2,30,"CLEAR","DAYLIGHT","DRY","SIDESWIPE SAME DIRECTION","DIVIDED - W/MEDIAN (NOT RAISED)","IMPROPER LANE USAGE",41.898362851,-87.746028482
"3652","injuries",2021-11-12 10:20:00,10,"ON SCENE",3,30,"RAIN","DAYLIGHT","WET","REAR END","DIVIDED - W/MEDIAN (NOT RAISED)","FOLLOWING TOO CLOSELY",41.91021036,-87.687279356
"3653","none",2021-11-12 10:15:00,10,"ON SCENE",2,30,"CLEAR","DAYLIGHT","DRY","ANGLE","DIVIDED - W/MEDIAN (NOT RAISED)","DISREGARDING TRAFFIC SIGNALS",41.743466975,-87.643895892
"3654","none",2021-11-12 10:15:00,10,"ON SCENE",2,30,"CLEAR","DAYLIGHT","DRY","PARKED MOTOR VEHICLE","DIVIDED - W/MEDIAN (NOT RAISED)","NOT APPLICABLE",41.817250784,-87.698859845
"3655","none",2021-11-12 10:10:00,10,"ON SCENE",1,20,"CLEAR","DAYLIGHT","DRY","FIXED OBJECT","NOT DIVIDED","UNABLE TO DETERMINE",41.796489455,-87.800243518