"","injuries","crash_date","crash_hour","report_type","num_units","posted_speed_limit","weather_condition","lighting_condition","roadway_surface_cond","first_crash_type","trafficway_type","prim_contributory_cause","latitude","longitude"
"3656","none",2021-11-12 10:06:00,10,"ON SCENE",2,30,"RAIN","DAYLIGHT","WET","FIXED OBJECT","NOT DIVIDED","VISION OBSCURED (SIGNS, TREE LIMBS, BUILDINGS, ETC.)",41.864559311,-87.6407805
"3657","none",2021-11-12 10:03:00,10,"ON SCENE",3,30,"RAIN","DAYLIGHT","WET","SIDESWIPE OPPOSITE DIRECTION","NOT DIVIDED","IMPROPER LANE USAGE",41.89686904,-87.622494191
"3658","none",2021-11-12 10:03:00,10,"ON SCENE",1,30,"CLOUDY/OVERCAST","DAYLIGHT","DRY","OTHER OBJECT","ONE-WAY","UNABLE TO DETERMINE",41.905781089,-87.696061739
"3659","injuries",2021-11-12 10:00:00,10,"ON SCENE",1,30,"CLOUDY/OVERCAST","DAYLIGHT","DRY","FIXED OBJECT","ONE-WAY","DRIVING SKILLS/KNOWLEDGE/EXPERIENCE",42.010027411,-87.687872042
"3660","none",2021-11-12 10:00:00,10,"ON SCENE",2,30,"CLEAR","DAYLIGHT","WET","REAR END","NOT DIVIDED","DRIVING SKILLS/KNOWLEDGE/EXPERIENCE",41.750678465,-87.648951431
"3661","none",2021-11-12 09:56:00,9,"NOT ON SCENE (DESK REPORT)",2,30,"CLEAR","DAYLIGHT","DRY","SIDESWIPE SAME DIRECTION","NOT DIVIDED","IMPROPER LANE USAGE",41.975396189,-87.679530161
"3662","none",2021-11-12 09:55:00,9,"ON SCENE",2,30,"CLEAR","DAYLIGHT","DRY","REAR END","NOT DIVIDED","FAILING TO REDUCE SPEED TO AVOID CRASH",41.93905353,-87.721542095
"3663","none",2021-11-12 09:46:00,9,"ON SCENE",2,30,"CLEAR","DAYLIGHT","DRY","PARKED MOTOR VEHICLE","DIVIDED - W/MEDIAN (NOT RAISED)","UNABLE TO DETERMINE",41.815778427,-87.66529289
"3664","none",2021-11-12 09:30:00,9,"NOT ON SCENE (DESK REPORT)",2,30,"CLEAR","DAYLIGHT","UNKNOWN","SIDESWIPE SAME DIRECTION","DIVIDED - W/MEDIAN BARRIER","IMPROPER LANE USAGE",41.763491056,-87.586406645
"3665","none",2021-11-12 09:15:00,9,"NOT ON SCENE (DESK REPORT)",2,30,"UNKNOWN","UNKNOWN","UNKNOWN","SIDESWIPE SAME DIRECTION","ONE-WAY","UNABLE TO DETERMINE",41.89308814,-87.633416552
"3666","none",2021-11-12 09:00:00,9,"ON SCENE",2,30,"CLEAR","DAYLIGHT","WET","PARKED MOTOR VEHICLE","NOT DIVIDED","IMPROPER TURNING/NO SIGNAL",41.813349996,-87.721200268
"3667","none",2021-11-12 09:00:00,9,"ON SCENE",2,30,"CLEAR","DAYLIGHT","DRY","TURNING","FOUR WAY","FOLLOWING TOO CLOSELY",41.913092643,-87.765781246
"3668","none",2021-11-12 09:00:00,9,"NOT ON SCENE (DESK REPORT)",2,30,"CLOUDY/OVERCAST","DAYLIGHT","DRY","SIDESWIPE SAME DIRECTION","ONE-WAY","IMPROPER OVERTAKING/PASSING",41.892637896,-87.625341406
"3669","none",2021-11-12 09:00:00,9,"NOT ON SCENE (DESK REPORT)",2,30,"CLEAR","DAYLIGHT","UNKNOWN","PARKED MOTOR VEHICLE","ONE-WAY","UNABLE TO DETERMINE",41.94970636,-87.711721086
"3670","none",2021-11-12 09:00:00,9,"NOT ON SCENE (DESK REPORT)",2,35,"CLEAR","DAYLIGHT","DRY","PARKED MOTOR VEHICLE","DIVIDED - W/MEDIAN (NOT RAISED)","IMPROPER OVERTAKING/PASSING",41.80899931,-87.643998584
"3671","none",2021-11-12 08:52:00,8,"NOT ON SCENE (DESK REPORT)",2,30,"UNKNOWN","UNKNOWN","UNKNOWN","PARKED MOTOR VEHICLE","PARKING LOT","UNABLE TO DETERMINE",41.952314929,-87.747139676
"3672","none",2021-11-12 08:50:00,8,"ON SCENE",2,30,"CLEAR","DAYLIGHT","DRY","REAR END","CENTER TURN LANE","DISTRACTION - FROM INSIDE VEHICLE",41.975257338,-87.747841434
"3673","none",2021-11-12 08:50:00,8,"NOT ON SCENE (DESK REPORT)",2,30,"CLEAR","DAYLIGHT","DRY","SIDESWIPE SAME DIRECTION","DIVIDED - W/MEDIAN (NOT RAISED)","UNABLE TO DETERMINE",41.876460927,-87.666707651
"3674","none",2021-11-12 08:50:00,8,"ON SCENE",2,30,"CLEAR","DAYLIGHT","DRY","REAR END","DIVIDED - W/MEDIAN (NOT RAISED)","EQUIPMENT - VEHICLE CONDITION",41.770670935,-87.741895604
"3675","none",2021-11-12 08:28:00,8,"NOT ON SCENE (DESK REPORT)",2,30,"CLEAR","DAYLIGHT","DRY","TURNING","NOT DIVIDED","FAILING TO REDUCE SPEED TO AVOID CRASH",41.960805894,-87.747395997
"3676","none",2021-11-12 08:25:00,8,"NOT ON SCENE (DESK REPORT)",2,30,"CLEAR","DAYLIGHT","DRY","SIDESWIPE SAME DIRECTION","DIVIDED - W/MEDIAN (NOT RAISED)","IMPROPER LANE USAGE",41.986761625,-87.701518515
"3677","none",2021-11-12 08:24:00,8,"ON SCENE",2,30,"CLEAR","DAYLIGHT","DRY","SIDESWIPE SAME DIRECTION","DIVIDED - W/MEDIAN (NOT RAISED)","NOT APPLICABLE",41.910707676,-87.654535816
"3678","none",2021-11-12 08:20:00,8,"ON SCENE",2,30,"CLEAR","DAYLIGHT","DRY","SIDESWIPE SAME DIRECTION","DIVIDED - W/MEDIAN (NOT RAISED)","IMPROPER OVERTAKING/PASSING",41.912853503,-87.805754097
"3679","none",2021-11-12 08:20:00,8,"NOT ON SCENE (DESK REPORT)",2,45,"CLEAR","DAYLIGHT","DRY","REAR END","FOUR WAY","FAILING TO REDUCE SPEED TO AVOID CRASH",41.791533917,-87.580208735
"3680","none",2021-11-12 08:15:00,8,"ON SCENE",2,30,"CLEAR","DAYLIGHT","DRY","TURNING","T-INTERSECTION","UNABLE TO DETERMINE",41.825869949,-87.684781794
"3681","none",2021-11-12 08:15:00,8,"NOT ON SCENE (DESK REPORT)",2,30,"CLEAR","DAYLIGHT","DRY","REAR END","DIVIDED - W/MEDIAN (NOT RAISED)","UNABLE TO DETERMINE",41.893337737,-87.631244496
"3682","none",2021-11-12 08:09:00,8,"ON SCENE",2,30,"CLOUDY/OVERCAST","DAYLIGHT","DRY","FIXED OBJECT","NOT DIVIDED","DRIVING SKILLS/KNOWLEDGE/EXPERIENCE",41.79105318,-87.628572536
"3683","injuries",2021-11-12 08:03:00,8,"ON SCENE",2,30,"CLEAR","DAYLIGHT","DRY","TURNING","NOT DIVIDED","UNABLE TO DETERMINE",41.8445843,-87.695359843
"3684","none",2021-11-12 07:55:00,7,"NOT ON SCENE (DESK REPORT)",2,30,"CLEAR","DAYLIGHT","UNKNOWN","REAR END","NOT DIVIDED","IMPROPER BACKING",41.755294857,-87.551787596
"3685","injuries",2021-11-12 07:55:00,7,"ON SCENE",2,40,"CLEAR","DAYLIGHT","WET","TURNING","FOUR WAY","IMPROPER TURNING/NO SIGNAL",41.751460603,-87.585971993
"3686","none",2021-11-12 07:52:00,7,"ON SCENE",2,35,"CLEAR","DAYLIGHT","DRY","ANGLE","NOT DIVIDED","DISREGARDING TRAFFIC SIGNALS",41.945829788,-87.78149738
"3687","none",2021-11-12 07:46:00,7,"NOT ON SCENE (DESK REPORT)",2,25,"RAIN","DAYLIGHT","DRY","REAR END","NOT DIVIDED","UNABLE TO DETERMINE",41.954920077,-87.732659113
"3688","none",2021-11-12 07:42:00,7,"ON SCENE",2,30,"RAIN","DAYLIGHT","DRY","REAR END","NOT DIVIDED","DISTRACTION - FROM INSIDE VEHICLE",41.99049313,-87.70919219
"3689","none",2021-11-12 07:40:00,7,"NOT ON SCENE (DESK REPORT)",2,30,"CLEAR","DAYLIGHT","DRY","REAR END","NOT DIVIDED","FOLLOWING TOO CLOSELY",41.809063955,-87.640559981
"3690","none",2021-11-12 07:39:00,7,"ON SCENE",2,30,"CLEAR","DAYLIGHT","DRY","PARKED MOTOR VEHICLE","DIVIDED - W/MEDIAN (NOT RAISED)","IMPROPER TURNING/NO SIGNAL",41.961298989,-87.707794681
"3691","none",2021-11-12 07:30:00,7,"NOT ON SCENE (DESK REPORT)",2,30,"CLEAR","DAYLIGHT","DRY","SIDESWIPE SAME DIRECTION","DIVIDED - W/MEDIAN (NOT RAISED)","FAILING TO YIELD RIGHT-OF-WAY",41.977550671,-87.679594569
"3692","none",2021-11-12 07:30:00,7,"NOT ON SCENE (DESK REPORT)",2,30,"CLEAR","DAYLIGHT","DRY","REAR END","NOT DIVIDED","UNABLE TO DETERMINE",41.947220382,-87.661454869
"3693","none",2021-11-12 07:30:00,7,"ON SCENE",2,30,"CLEAR","DAYLIGHT","DRY","PARKED MOTOR VEHICLE","NOT DIVIDED","UNABLE TO DETERMINE",41.782127994,-87.58635519
"3694","none",2021-11-12 07:20:00,7,"ON SCENE",2,30,"CLEAR","DAYLIGHT","WET","SIDESWIPE SAME DIRECTION","DIVIDED - W/MEDIAN (NOT RAISED)","UNABLE TO DETERMINE",41.980059766,-87.66011824
"3695","none",2021-11-12 07:15:00,7,"ON SCENE",1,30,"CLEAR","DAYLIGHT","WET","OTHER OBJECT","DIVIDED - W/MEDIAN (NOT RAISED)","DRIVING SKILLS/KNOWLEDGE/EXPERIENCE",41.792956108,-87.740461743
"3696","injuries",2021-11-12 07:05:00,7,"ON SCENE",1,35,"RAIN","DAYLIGHT","WET","FIXED OBJECT","DIVIDED - W/MEDIAN BARRIER","UNABLE TO DETERMINE",41.902318859,-87.624333039
"3697","none",2021-11-12 07:00:00,7,"ON SCENE",2,20,"CLEAR","DAYLIGHT","DRY","PARKED MOTOR VEHICLE","PARKING LOT","IMPROPER BACKING",41.953122452,-87.762884776
"3698","none",2021-11-12 06:40:00,6,"NOT ON SCENE (DESK REPORT)",2,30,"CLEAR","DAYLIGHT","DRY","ANGLE","ALLEY","UNABLE TO DETERMINE",41.744253316,-87.670712907
"3699","none",2021-11-12 06:30:00,6,"ON SCENE",2,35,"CLOUDY/OVERCAST","DAYLIGHT","WET","ANGLE","T-INTERSECTION","UNABLE TO DETERMINE",41.941625865,-87.7282299
"3700","none",2021-11-12 06:30:00,6,"NOT ON SCENE (DESK REPORT)",2,30,"UNKNOWN","UNKNOWN","UNKNOWN","PARKED MOTOR VEHICLE","ONE-WAY","UNABLE TO DETERMINE",41.927005626,-87.754522482
"3701","none",2021-11-12 06:15:00,6,"ON SCENE",2,30,"CLEAR","DAYLIGHT","DRY","PARKED MOTOR VEHICLE","ONE-WAY","UNABLE TO DETERMINE",41.741018721,-87.542918745
"3702","none",2021-11-12 06:15:00,6,"NOT ON SCENE (DESK REPORT)",2,30,"CLEAR","DAYLIGHT","DRY","REAR END","FOUR WAY","UNABLE TO DETERMINE",41.660422811,-87.586391793
"3703","none",2021-11-12 06:14:00,6,"ON SCENE",2,30,"CLEAR","DAYLIGHT","DRY","TURNING","NOT DIVIDED","IMPROPER TURNING/NO SIGNAL",42.013095214,-87.663755992
"3704","injuries",2021-11-12 06:01:00,6,"ON SCENE",2,35,"CLEAR","DUSK","WET","REAR END","NOT DIVIDED","FAILING TO REDUCE SPEED TO AVOID CRASH",41.894761647,-87.745652942
"3705","injuries",2021-11-12 05:50:00,5,"ON SCENE",2,30,"CLOUDY/OVERCAST","DAWN","WET","TURNING","NOT DIVIDED","UNABLE TO DETERMINE",41.764007749,-87.722499108
"3706","injuries",2021-11-12 05:40:00,5,"ON SCENE",2,30,"RAIN","DAWN","ICE","ANGLE","FOUR WAY","DISREGARDING TRAFFIC SIGNALS",41.899307334,-87.706494763
"3707","none",2021-11-12 05:40:00,5,"ON SCENE",2,30,"CLOUDY/OVERCAST","DARKNESS, LIGHTED ROAD","DRY","ANGLE","Y-INTERSECTION","FAILING TO YIELD RIGHT-OF-WAY",41.906112865,-87.726610647
"3708","none",2021-11-12 05:30:00,5,"NOT ON SCENE (DESK REPORT)",2,30,"RAIN","DARKNESS, LIGHTED ROAD","WET","SIDESWIPE SAME DIRECTION","DIVIDED - W/MEDIAN (NOT RAISED)","UNABLE TO DETERMINE",41.953545372,-87.727113077
"3709","none",2021-11-12 05:10:00,5,"NOT ON SCENE (DESK REPORT)",2,30,"CLEAR","DAYLIGHT","DRY","ANGLE","ALLEY","NOT APPLICABLE",41.803472046,-87.674416687
"3710","none",2021-11-12 04:22:00,4,"ON SCENE",2,30,"CLEAR","DARKNESS, LIGHTED ROAD","DRY","TURNING","NOT DIVIDED","FAILING TO REDUCE SPEED TO AVOID CRASH",41.938870555,-87.747020562
"3711","none",2021-11-12 04:15:00,4,"NOT ON SCENE (DESK REPORT)",2,25,"CLEAR","DARKNESS, LIGHTED ROAD","DRY","SIDESWIPE SAME DIRECTION","ONE-WAY","FAILING TO YIELD RIGHT-OF-WAY",41.789329323,-87.741645644
"3712","none",2021-11-12 04:00:00,4,"ON SCENE",1,30,"CLEAR","DARKNESS, LIGHTED ROAD","DRY","FIXED OBJECT","ONE-WAY","DISREGARDING OTHER TRAFFIC SIGNS",41.725670357,-87.613174794
"3713","injuries",2021-11-12 03:39:00,3,"ON SCENE",2,35,"CLEAR","DARKNESS, LIGHTED ROAD","DRY","HEAD ON","UNKNOWN INTERSECTION TYPE","FAILING TO YIELD RIGHT-OF-WAY",41.822567567,-87.723894024
"3714","none",2021-11-12 03:00:00,3,"ON SCENE",2,30,"UNKNOWN","DARKNESS","UNKNOWN","PARKED MOTOR VEHICLE","ONE-WAY","UNABLE TO DETERMINE",41.745286668,-87.595490777
"3715","none",2021-11-12 02:52:00,2,"ON SCENE",2,35,"CLEAR","DARKNESS, LIGHTED ROAD","DRY","REAR TO FRONT","NOT DIVIDED","FAILING TO REDUCE SPEED TO AVOID CRASH",41.722240083,-87.599591671
"3716","none",2021-11-12 02:35:00,2,"ON SCENE",2,35,"CLEAR","DARKNESS, LIGHTED ROAD","DRY","SIDESWIPE SAME DIRECTION","DIVIDED - W/MEDIAN (NOT RAISED)","UNABLE TO DETERMINE",41.880856048,-87.617635892
"3717","injuries",2021-11-12 02:30:00,2,"NOT ON SCENE (DESK REPORT)",2,30,"CLEAR","DARKNESS, LIGHTED ROAD","DRY","REAR END","NOT DIVIDED","FOLLOWING TOO CLOSELY",41.931110523,-87.785753169
"3718","injuries",2021-11-12 02:20:00,2,"ON SCENE",2,30,"CLEAR","DARKNESS","DRY","REAR END","NOT DIVIDED","UNABLE TO DETERMINE",42.019276231,-87.666197388
"3719","none",2021-11-12 01:50:00,1,"ON SCENE",2,30,"CLEAR","DARKNESS, LIGHTED ROAD","UNKNOWN","PARKED MOTOR VEHICLE","NOT DIVIDED","FAILING TO REDUCE SPEED TO AVOID CRASH",41.889936269,-87.629164087
"3720","none",2021-11-12 01:25:00,1,"ON SCENE",1,35,"CLEAR","DARKNESS, LIGHTED ROAD","DRY","FIXED OBJECT","NOT DIVIDED","ROAD CONSTRUCTION/MAINTENANCE",41.755726209,-87.663424733
"3721","none",2021-11-12 01:20:00,1,"ON SCENE",1,30,"CLEAR","DARKNESS, LIGHTED ROAD","DRY","OTHER OBJECT","DIVIDED - W/MEDIAN (NOT RAISED)","DRIVING SKILLS/KNOWLEDGE/EXPERIENCE",41.954262676,-87.66287944
"3722","injuries",2021-11-12 01:00:00,1,"NOT ON SCENE (DESK REPORT)",2,30,"CLEAR","DARKNESS, LIGHTED ROAD","DRY","ANGLE","NOT DIVIDED","DISREGARDING STOP SIGN",41.872103016,-87.729040078
"3723","none",2021-11-12 01:00:00,1,"ON SCENE",2,25,"CLEAR","DARKNESS, LIGHTED ROAD","DRY","PARKED MOTOR VEHICLE","NOT DIVIDED","UNABLE TO DETERMINE",41.939197889,-87.709919598
"3724","none",2021-11-12 00:45:00,0,"ON SCENE",2,30,"CLEAR","DARKNESS, LIGHTED ROAD","DRY","REAR END","PARKING LOT","PHYSICAL CONDITION OF DRIVER",41.809628698,-87.607369738
"3725","none",2021-11-12 00:41:00,0,"ON SCENE",2,30,"RAIN","DARKNESS, LIGHTED ROAD","WET","REAR END","ONE-WAY","EQUIPMENT - VEHICLE CONDITION",41.886525906,-87.62937664
"3726","injuries",2021-11-12 00:35:00,0,"ON SCENE",1,30,"CLEAR","DARKNESS, LIGHTED ROAD","DRY","FIXED OBJECT","NOT DIVIDED","PHYSICAL CONDITION OF DRIVER",41.868981681,-87.740627551
"3727","none",2021-11-12 00:30:00,0,"ON SCENE",2,35,"CLEAR","DARKNESS, LIGHTED ROAD","DRY","ANGLE","T-INTERSECTION","DISREGARDING STOP SIGN",41.721719358,-87.632162135
"3728","none",2021-11-12 00:22:00,0,"ON SCENE",2,30,"CLEAR","DARKNESS, LIGHTED ROAD","DRY","TURNING","FOUR WAY","FAILING TO YIELD RIGHT-OF-WAY",41.836097814,-87.665850811
"3729","none",2021-11-12 00:00:00,0,"NOT ON SCENE (DESK REPORT)",2,30,"CLEAR","UNKNOWN","UNKNOWN","PARKED MOTOR VEHICLE","NOT DIVIDED","UNABLE TO DETERMINE",41.93952432,-87.772214132
"3730","none",2021-11-11 23:30:00,23,"NOT ON SCENE (DESK REPORT)",1,15,"CLEAR","DARKNESS, LIGHTED ROAD","DRY","FIXED OBJECT","PARKING LOT","DRIVING SKILLS/KNOWLEDGE/EXPERIENCE",41.77951366,-87.761633607
"3731","none",2021-11-11 23:30:00,23,"NOT ON SCENE (DESK REPORT)",2,30,"RAIN","DARKNESS, LIGHTED ROAD","WET","REAR END","PARKING LOT","UNABLE TO DETERMINE",41.896072567,-87.654617647
"3732","none",2021-11-11 23:22:00,23,"ON SCENE",2,30,"CLEAR","DARKNESS, LIGHTED ROAD","DRY","ANGLE","NOT DIVIDED","DISREGARDING STOP SIGN",41.924405941,-87.742099108
"3733","injuries",2021-11-11 23:15:00,23,"ON SCENE",2,30,"RAIN","DARKNESS, LIGHTED ROAD","WET","TURNING","NOT DIVIDED","UNABLE TO DETERMINE",41.84612636,-87.714985056
"3734","none",2021-11-11 23:15:00,23,"ON SCENE",2,45,"RAIN","DARKNESS, LIGHTED ROAD","WET","REAR END","NOT DIVIDED","DRIVING SKILLS/KNOWLEDGE/EXPERIENCE",41.98545061,-87.655134405
"3735","none",2021-11-11 23:15:00,23,"NOT ON SCENE (DESK REPORT)",2,30,"CLEAR","DARKNESS, LIGHTED ROAD","DRY","SIDESWIPE SAME DIRECTION","NOT DIVIDED","IMPROPER LANE USAGE",41.779158857,-87.697955548
"3736","none",2021-11-11 23:08:00,23,"ON SCENE",2,30,"RAIN","DARKNESS, LIGHTED ROAD","WET","SIDESWIPE OPPOSITE DIRECTION","NOT DIVIDED","UNABLE TO DETERMINE",41.846360916,-87.738479922
"3737","none",2021-11-11 23:08:00,23,"ON SCENE",2,25,"CLEAR","DARKNESS, LIGHTED ROAD","DRY","SIDESWIPE OPPOSITE DIRECTION","NOT DIVIDED","DRIVING ON WRONG SIDE/WRONG WAY",41.6631568,-87.634600626
"3738","none",2021-11-11 22:30:00,22,"NOT ON SCENE (DESK REPORT)",2,30,"CLEAR","DARKNESS, LIGHTED ROAD","DRY","SIDESWIPE SAME DIRECTION","NOT DIVIDED","DRIVING SKILLS/KNOWLEDGE/EXPERIENCE",41.779790316,-87.761939703
"3739","none",2021-11-11 22:23:00,22,"ON SCENE",2,30,"CLEAR","DARKNESS, LIGHTED ROAD","UNKNOWN","SIDESWIPE SAME DIRECTION","DIVIDED - W/MEDIAN (NOT RAISED)","IMPROPER OVERTAKING/PASSING",41.939020608,-87.72425158
"3740","none",2021-11-11 22:15:00,22,"ON SCENE",2,25,"RAIN","DARKNESS, LIGHTED ROAD","WET","SIDESWIPE OPPOSITE DIRECTION","ONE-WAY","DRIVING ON WRONG SIDE/WRONG WAY",41.942895902,-87.824208403
"3741","none",2021-11-11 22:00:00,22,"NOT ON SCENE (DESK REPORT)",2,30,"UNKNOWN","UNKNOWN","WET","PARKED MOTOR VEHICLE","NOT DIVIDED","NOT APPLICABLE",41.852687053,-87.725361345
"3742","none",2021-11-11 22:00:00,22,"NOT ON SCENE (DESK REPORT)",2,30,"CLEAR","DARKNESS, LIGHTED ROAD","DRY","SIDESWIPE OPPOSITE DIRECTION","NOT DIVIDED","UNABLE TO DETERMINE",41.744631857,-87.682864317
"3743","none",2021-11-11 21:40:00,21,"NOT ON SCENE (DESK REPORT)",2,30,"CLEAR","DARKNESS, LIGHTED ROAD","DRY","PARKED MOTOR VEHICLE","NOT DIVIDED","UNABLE TO DETERMINE",41.897841655,-87.715025199
"3744","none",2021-11-11 21:39:00,21,"NOT ON SCENE (DESK REPORT)",2,30,"CLEAR","DARKNESS, LIGHTED ROAD","DRY","TURNING","NOT DIVIDED","NOT APPLICABLE",41.714211932,-87.681709371
"3745","none",2021-11-11 21:33:00,21,"ON SCENE",3,30,"CLEAR","DARKNESS, LIGHTED ROAD","DRY","PARKED MOTOR VEHICLE","NOT DIVIDED","UNABLE TO DETERMINE",41.809000816,-87.643907792
"3746","none",2021-11-11 21:25:00,21,"NOT ON SCENE (DESK REPORT)",2,30,"CLEAR","DARKNESS, LIGHTED ROAD","DRY","REAR END","NOT DIVIDED","UNABLE TO DETERMINE",41.793614506,-87.77530251
"3747","none",2021-11-11 21:10:00,21,"ON SCENE",2,30,"CLEAR","DARKNESS, LIGHTED ROAD","DRY","SIDESWIPE OPPOSITE DIRECTION","RAMP","OPERATING VEHICLE IN ERRATIC, RECKLESS, CARELESS, NEGLIGENT OR AGGRESSIVE MANNER",41.801614184,-87.638086923
"3748","none",2021-11-11 21:08:00,21,"ON SCENE",1,30,"CLEAR","DARKNESS, LIGHTED ROAD","DRY","FIXED OBJECT","ONE-WAY","UNABLE TO DETERMINE",41.790385828,-87.658273843
"3749","none",2021-11-11 21:00:00,21,"NOT ON SCENE (DESK REPORT)",2,30,"RAIN","DARKNESS, LIGHTED ROAD","WET","ANGLE","NOT DIVIDED","UNABLE TO DETERMINE",41.873467424,-87.72051086
"3750","none",2021-11-11 21:00:00,21,"NOT ON SCENE (DESK REPORT)",2,30,"UNKNOWN","UNKNOWN","UNKNOWN","PARKED MOTOR VEHICLE","NOT DIVIDED","UNABLE TO DETERMINE",41.99663511,-87.725065023
"3751","none",2021-11-11 20:52:00,20,"ON SCENE",1,30,"CLEAR","DARKNESS","DRY","FIXED OBJECT","NOT DIVIDED","UNABLE TO DETERMINE",41.881035921,-87.633656842
"3752","none",2021-11-11 20:50:00,20,"ON SCENE",2,30,"CLEAR","DARKNESS, LIGHTED ROAD","DRY","PARKED MOTOR VEHICLE","ONE-WAY","EVASIVE ACTION DUE TO ANIMAL, OBJECT, NONMOTORIST",41.742116658,-87.565019929
"3753","none",2021-11-11 20:45:00,20,"NOT ON SCENE (DESK REPORT)",2,30,"CLEAR","DARKNESS, LIGHTED ROAD","DRY","PARKED MOTOR VEHICLE","NOT DIVIDED","DRIVING SKILLS/KNOWLEDGE/EXPERIENCE",41.939862663,-87.664546369
"3754","none",2021-11-11 20:42:00,20,"ON SCENE",2,30,"CLEAR","DARKNESS, LIGHTED ROAD","DRY","SIDESWIPE SAME DIRECTION","NOT DIVIDED","IMPROPER LANE USAGE",41.810346127,-87.665165586
"3755","none",2021-11-11 20:35:00,20,"ON SCENE",2,20,"CLEAR","DAWN","DRY","PARKED MOTOR VEHICLE","ONE-WAY","IMPROPER BACKING",41.940452113,-87.787211144
"3756","none",2021-11-11 20:30:00,20,"NOT ON SCENE (DESK REPORT)",2,30,"CLEAR","DARKNESS, LIGHTED ROAD","DRY","PARKED MOTOR VEHICLE","DIVIDED - W/MEDIAN (NOT RAISED)","IMPROPER OVERTAKING/PASSING",41.914221756,-87.771779916
"3757","none",2021-11-11 20:30:00,20,"NOT ON SCENE (DESK REPORT)",2,20,"CLEAR","DAYLIGHT","DRY","PARKED MOTOR VEHICLE","OTHER","IMPROPER BACKING",41.838212661,-87.722089424
"3758","none",2021-11-11 20:23:00,20,"ON SCENE",3,30,"CLEAR","DARKNESS, LIGHTED ROAD","DRY","SIDESWIPE SAME DIRECTION","ONE-WAY","UNABLE TO DETERMINE",41.890027918,-87.627860346
"3759","none",2021-11-11 20:21:00,20,"ON SCENE",2,25,"CLEAR","DARKNESS","DRY","ANGLE","NOT DIVIDED","UNABLE TO DETERMINE",41.92589288,-87.766204826
"3760","none",2021-11-11 20:15:00,20,"ON SCENE",2,30,"CLEAR","DARKNESS, LIGHTED ROAD","DRY","ANGLE","NOT DIVIDED","FAILING TO YIELD RIGHT-OF-WAY",41.948987377,-87.807284184
"3761","none",2021-11-11 20:14:00,20,"ON SCENE",2,30,"CLEAR","DARKNESS, LIGHTED ROAD","DRY","SIDESWIPE SAME DIRECTION","DIVIDED - W/MEDIAN (NOT RAISED)","IMPROPER LANE USAGE",41.768238477,-87.683486957
"3762","none",2021-11-11 20:03:00,20,"NOT ON SCENE (DESK REPORT)",2,30,"CLEAR","DARKNESS, LIGHTED ROAD","DRY","PARKED MOTOR VEHICLE","NOT DIVIDED","UNABLE TO DETERMINE",41.871065163,-87.705973167
"3763","none",2021-11-11 20:00:00,20,"NOT ON SCENE (DESK REPORT)",2,30,"CLEAR","DARKNESS, LIGHTED ROAD","DRY","SIDESWIPE SAME DIRECTION","DIVIDED - W/MEDIAN BARRIER","IMPROPER LANE USAGE",41.758715467,-87.586280965
"3764","none",2021-11-11 20:00:00,20,"ON SCENE",2,30,"CLEAR","DARKNESS, LIGHTED ROAD","DRY","REAR END","NOT DIVIDED","FOLLOWING TOO CLOSELY",41.85246585,-87.651493037
"3765","none",2021-11-11 19:45:00,19,"NOT ON SCENE (DESK REPORT)",2,30,"CLEAR","DARKNESS, LIGHTED ROAD","DRY","REAR END","NOT DIVIDED","UNABLE TO DETERMINE",41.876135555,-87.755055068
"3766","none",2021-11-11 19:45:00,19,"NOT ON SCENE (DESK REPORT)",2,20,"UNKNOWN","UNKNOWN","UNKNOWN","PARKED MOTOR VEHICLE","NOT DIVIDED","IMPROPER BACKING",41.66702792,-87.638076861
"3767","none",2021-11-11 19:45:00,19,"NOT ON SCENE (DESK REPORT)",2,25,"CLEAR","DUSK","DRY","SIDESWIPE SAME DIRECTION","FOUR WAY","UNABLE TO DETERMINE",41.751339705,-87.585632266
"3768","none",2021-11-11 19:30:00,19,"NOT ON SCENE (DESK REPORT)",2,30,"RAIN","DARKNESS, LIGHTED ROAD","WET","PARKED MOTOR VEHICLE","NOT DIVIDED","UNABLE TO DETERMINE",41.933161703,-87.768594188
"3769","none",2021-11-11 19:30:00,19,"NOT ON SCENE (DESK REPORT)",2,30,"CLEAR","DARKNESS","DRY","TURNING","NOT DIVIDED","UNABLE TO DETERMINE",41.793226012,-87.733024083
"3770","none",2021-11-11 19:25:00,19,"ON SCENE",2,35,"CLEAR","DARKNESS, LIGHTED ROAD","DRY","TURNING","DIVIDED - W/MEDIAN (NOT RAISED)","IMPROPER LANE USAGE",41.719022284,-87.681858434
"3771","none",2021-11-11 19:20:00,19,"ON SCENE",2,35,"CLEAR","DARKNESS, LIGHTED ROAD","DRY","REAR END","NOT DIVIDED","FOLLOWING TOO CLOSELY",41.899271733,-87.686810706
"3772","injuries",2021-11-11 19:00:00,19,"ON SCENE",3,30,"CLEAR","DARKNESS","DRY","HEAD ON","NOT DIVIDED","DRIVING ON WRONG SIDE/WRONG WAY",41.816152718,-87.665300781