"","injuries","crash_date","crash_hour","report_type","num_units","posted_speed_limit","weather_condition","lighting_condition","roadway_surface_cond","first_crash_type","trafficway_type","prim_contributory_cause","latitude","longitude"
"3773","injuries",2021-11-11 19:00:00,19,"NOT ON SCENE (DESK REPORT)",2,30,"UNKNOWN","DARKNESS, LIGHTED ROAD","UNKNOWN","PEDESTRIAN","NOT DIVIDED","UNABLE TO DETERMINE",41.932611798,-87.648940177
"3774","none",2021-11-11 19:00:00,19,"NOT ON SCENE (DESK REPORT)",2,30,"CLEAR","DARKNESS, LIGHTED ROAD","DRY","SIDESWIPE SAME DIRECTION","ONE-WAY","DRIVING SKILLS/KNOWLEDGE/EXPERIENCE",41.892134758,-87.647809457
"3775","none",2021-11-11 18:55:00,18,"UNKNOWN",2,30,"CLEAR","DARKNESS, LIGHTED ROAD","DRY","TURNING","FOUR WAY","UNABLE TO DETERMINE",41.998078724,-87.660607279
"3776","none",2021-11-11 18:46:00,18,"NOT ON SCENE (DESK REPORT)",2,30,"CLEAR","DARKNESS, LIGHTED ROAD","DRY","SIDESWIPE SAME DIRECTION","NOT DIVIDED","IMPROPER LANE USAGE",41.972702522,-87.65991573
"3777","none",2021-11-11 18:45:00,18,"NOT ON SCENE (DESK REPORT)",2,30,"CLEAR","DARKNESS","DRY","SIDESWIPE SAME DIRECTION","ONE-WAY","UNABLE TO DETERMINE",41.892778887,-87.631011203
"3778","none",2021-11-11 18:40:00,18,"NOT ON SCENE (DESK REPORT)",2,25,"UNKNOWN","UNKNOWN","UNKNOWN","ANGLE","T-INTERSECTION","UNABLE TO DETERMINE",41.769258781,-87.610522855
"3779","none",2021-11-11 18:40:00,18,"NOT ON SCENE (DESK REPORT)",2,30,"CLEAR","DARKNESS, LIGHTED ROAD","DRY","SIDESWIPE SAME DIRECTION","NOT DIVIDED","UNABLE TO DETERMINE",41.915482204,-87.724122671
"3780","injuries",2021-11-11 18:30:00,18,"NOT ON SCENE (DESK REPORT)",3,30,"CLEAR","DARKNESS, LIGHTED ROAD","DRY","REAR END","NOT DIVIDED","FOLLOWING TOO CLOSELY",41.9096867,-87.749895778
"3781","injuries",2021-11-11 18:25:00,18,"ON SCENE",2,30,"CLEAR","DARKNESS, LIGHTED ROAD","DRY","PARKED MOTOR VEHICLE","DIVIDED - W/MEDIAN (NOT RAISED)","NOT APPLICABLE",41.939196935,-87.709987666
"3782","none",2021-11-11 18:20:00,18,"ON SCENE",2,20,"CLEAR","DARKNESS, LIGHTED ROAD","DRY","TURNING","NOT DIVIDED","FAILING TO YIELD RIGHT-OF-WAY",41.943696555,-87.731628455
"3783","none",2021-11-11 18:17:00,18,"ON SCENE",2,25,"CLEAR","DARKNESS, LIGHTED ROAD","DRY","SIDESWIPE SAME DIRECTION","ONE-WAY","DISTRACTION - FROM OUTSIDE VEHICLE",41.980268001,-87.657774424
"3784","none",2021-11-11 18:15:00,18,"ON SCENE",2,30,"CLEAR","DARKNESS","DRY","PARKED MOTOR VEHICLE","NOT DIVIDED","PHYSICAL CONDITION OF DRIVER",41.907580596,-87.648344847
"3785","none",2021-11-11 18:12:00,18,"ON SCENE",2,35,"CLEAR","DARKNESS, LIGHTED ROAD","DRY","REAR END","DIVIDED - W/MEDIAN (NOT RAISED)","FOLLOWING TOO CLOSELY",41.953475486,-87.733354231
"3786","none",2021-11-11 18:10:00,18,"NOT ON SCENE (DESK REPORT)",2,30,"CLEAR","DAYLIGHT","DRY","REAR END","NOT DIVIDED","FOLLOWING TOO CLOSELY",41.808558284,-87.660164242
"3787","none",2021-11-11 18:10:00,18,"NOT ON SCENE (DESK REPORT)",2,30,"CLEAR","DARKNESS, LIGHTED ROAD","DRY","TURNING","T-INTERSECTION","NOT APPLICABLE",41.874545226,-87.637120029
"3788","none",2021-11-11 18:08:00,18,"ON SCENE",2,30,"CLEAR","DARKNESS, LIGHTED ROAD","DRY","SIDESWIPE SAME DIRECTION","NOT DIVIDED","FAILING TO YIELD RIGHT-OF-WAY",42.006410314,-87.680570378
"3789","none",2021-11-11 18:05:00,18,"NOT ON SCENE (DESK REPORT)",2,30,"CLEAR","DARKNESS","WET","ANGLE","NOT DIVIDED","NOT APPLICABLE",41.788853079,-87.718255475
"3790","none",2021-11-11 18:00:00,18,"ON SCENE",2,30,"CLEAR","DUSK","DRY","TURNING","FOUR WAY","DISREGARDING TRAFFIC SIGNALS",41.750891047,-87.625968505
"3791","none",2021-11-11 18:00:00,18,"NOT ON SCENE (DESK REPORT)",2,15,"RAIN","DARKNESS, LIGHTED ROAD","WET","PARKED MOTOR VEHICLE","PARKING LOT","DRIVING SKILLS/KNOWLEDGE/EXPERIENCE",41.736145128,-87.626917844
"3792","none",2021-11-11 17:45:00,17,"NOT ON SCENE (DESK REPORT)",2,30,"UNKNOWN","UNKNOWN","UNKNOWN","PARKED MOTOR VEHICLE","DIVIDED - W/MEDIAN (NOT RAISED)","UNABLE TO DETERMINE",42.01210812,-87.683145627
"3793","none",2021-11-11 17:40:00,17,"ON SCENE",2,30,"CLEAR","DARKNESS, LIGHTED ROAD","DRY","REAR END","NOT DIVIDED","FOLLOWING TOO CLOSELY",41.965178351,-87.665345716
"3794","none",2021-11-11 17:39:00,17,"NOT ON SCENE (DESK REPORT)",2,25,"CLEAR","DARKNESS","WET","REAR END","NOT DIVIDED","NOT APPLICABLE",41.890207617,-87.704051409
"3795","none",2021-11-11 17:37:00,17,"NOT ON SCENE (DESK REPORT)",2,30,"CLEAR","DAWN","DRY","REAR END","NOT DIVIDED","UNABLE TO DETERMINE",41.773078997,-87.600838922
"3796","injuries",2021-11-11 17:30:00,17,"ON SCENE",2,30,"CLEAR","DARKNESS, LIGHTED ROAD","DRY","ANGLE","DIVIDED - W/MEDIAN (NOT RAISED)","UNABLE TO DETERMINE",41.952356842,-87.776603355
"3797","none",2021-11-11 17:25:00,17,"ON SCENE",4,30,"RAIN","DARKNESS, LIGHTED ROAD","WET","PARKED MOTOR VEHICLE","ONE-WAY","NOT APPLICABLE",41.797166998,-87.662091541
"3798","injuries",2021-11-11 17:25:00,17,"ON SCENE",2,20,"CLEAR","DARKNESS, LIGHTED ROAD","DRY","ANGLE","NOT DIVIDED","DISREGARDING STOP SIGN",42.006838079,-87.692684993
"3799","none",2021-11-11 17:20:00,17,"NOT ON SCENE (DESK REPORT)",2,20,"CLEAR","DARKNESS, LIGHTED ROAD","DRY","ANGLE","DIVIDED - W/MEDIAN (NOT RAISED)","UNABLE TO DETERMINE",41.892917556,-87.770219334
"3800","injuries",2021-11-11 17:15:00,17,"NOT ON SCENE (DESK REPORT)",2,30,"RAIN","DARKNESS, LIGHTED ROAD","WET","REAR END","FOUR WAY","FAILING TO REDUCE SPEED TO AVOID CRASH",41.902464236,-87.745809483
"3801","none",2021-11-11 17:15:00,17,"ON SCENE",2,30,"CLEAR","DAYLIGHT","DRY","TURNING","DIVIDED - W/MEDIAN BARRIER","IMPROPER OVERTAKING/PASSING",41.937973409,-87.668718208
"3802","none",2021-11-11 17:11:00,17,"NOT ON SCENE (DESK REPORT)",1,30,"RAIN","DARKNESS, LIGHTED ROAD","WET","OTHER OBJECT","ONE-WAY","ROAD ENGINEERING/SURFACE/MARKING DEFECTS",41.771325976,-87.620118924
"3803","injuries",2021-11-11 17:10:00,17,"ON SCENE",2,30,"CLEAR","DARKNESS, LIGHTED ROAD","DRY","ANGLE","FOUR WAY","DISREGARDING TRAFFIC SIGNALS",41.884187654,-87.701411168
"3804","none",2021-11-11 17:05:00,17,"ON SCENE",2,30,"CLEAR","DARKNESS","WET","REAR END","DIVIDED - W/MEDIAN BARRIER","FAILING TO REDUCE SPEED TO AVOID CRASH",41.881314564,-87.617629213
"3805","none",2021-11-11 17:05:00,17,"NOT ON SCENE (DESK REPORT)",2,45,"CLEAR","DARKNESS, LIGHTED ROAD","UNKNOWN","SIDESWIPE SAME DIRECTION","DIVIDED - W/MEDIAN (NOT RAISED)","UNABLE TO DETERMINE",41.881029717,-87.617281566
"3806","none",2021-11-11 17:00:00,17,"ON SCENE",2,25,"CLEAR","DARKNESS, LIGHTED ROAD","DRY","ANGLE","PARKING LOT","UNABLE TO DETERMINE",41.751761553,-87.553043194
"3807","none",2021-11-11 17:00:00,17,"ON SCENE",2,30,"CLOUDY/OVERCAST","DUSK","DRY","PARKED MOTOR VEHICLE","PARKING LOT","UNABLE TO DETERMINE",41.938426741,-87.654202031
"3808","none",2021-11-11 16:56:00,16,"ON SCENE",2,20,"CLEAR","DAWN","DRY","PARKED MOTOR VEHICLE","NOT DIVIDED","IMPROPER BACKING",41.989290298,-87.80984308
"3809","none",2021-11-11 16:45:00,16,"ON SCENE",3,35,"CLEAR","DARKNESS, LIGHTED ROAD","DRY","PARKED MOTOR VEHICLE","NOT DIVIDED","PHYSICAL CONDITION OF DRIVER",41.775959649,-87.766672858
"3810","none",2021-11-11 16:45:00,16,"NOT ON SCENE (DESK REPORT)",2,20,"CLEAR","DAYLIGHT","DRY","REAR END","NOT DIVIDED","FOLLOWING TOO CLOSELY",41.86705505,-87.646147775
"3811","none",2021-11-11 16:45:00,16,"UNKNOWN",2,30,"CLEAR","DAYLIGHT","DRY","PEDESTRIAN","ONE-WAY","UNABLE TO DETERMINE",41.876993414,-87.630802483
"3812","none",2021-11-11 16:43:00,16,"ON SCENE",4,30,"CLEAR","DUSK","DRY","PARKED MOTOR VEHICLE","NOT DIVIDED","PHYSICAL CONDITION OF DRIVER",41.967317207,-87.654650935
"3813","none",2021-11-11 16:41:00,16,"ON SCENE",2,30,"CLEAR","DARKNESS","DRY","SIDESWIPE OPPOSITE DIRECTION","DIVIDED - W/MEDIAN (NOT RAISED)","IMPROPER LANE USAGE",41.758243346,-87.618220683
"3814","none",2021-11-11 16:35:00,16,"ON SCENE",2,30,"CLEAR","DUSK","DRY","REAR END","DIVIDED - W/MEDIAN (NOT RAISED)","FOLLOWING TOO CLOSELY",41.945716563,-87.766603298
"3815","none",2021-11-11 16:30:00,16,"NOT ON SCENE (DESK REPORT)",2,30,"CLEAR","DARKNESS, LIGHTED ROAD","DRY","PARKED MOTOR VEHICLE","NOT DIVIDED","UNABLE TO DETERMINE",41.881323398,-87.683162373
"3816","none",2021-11-11 16:30:00,16,"NOT ON SCENE (DESK REPORT)",2,45,"UNKNOWN","DAYLIGHT","UNKNOWN","REAR END","DIVIDED - W/MEDIAN BARRIER","FOLLOWING TOO CLOSELY",41.880856048,-87.617635892
"3817","none",2021-11-11 16:25:00,16,"ON SCENE",2,30,"CLOUDY/OVERCAST","DUSK","DRY","PARKED MOTOR VEHICLE","NOT DIVIDED","UNABLE TO DETERMINE",41.850842944,-87.638734244
"3818","injuries",2021-11-11 16:25:00,16,"ON SCENE",2,30,"CLEAR","DAWN","DRY","TURNING","DIVIDED - W/MEDIAN BARRIER","VISION OBSCURED (SIGNS, TREE LIMBS, BUILDINGS, ETC.)",41.867402434,-87.620427605
"3819","none",2021-11-11 16:20:00,16,"ON SCENE",2,20,"CLEAR","DARKNESS, LIGHTED ROAD","DRY","SIDESWIPE SAME DIRECTION","NOT DIVIDED","IMPROPER OVERTAKING/PASSING",42.002118443,-87.680419865
"3820","none",2021-11-11 16:20:00,16,"NOT ON SCENE (DESK REPORT)",2,30,"CLEAR","DAYLIGHT","DRY","REAR END","NOT DIVIDED","NOT APPLICABLE",41.875271344,-87.667524983
"3821","none",2021-11-11 16:20:00,16,"NOT ON SCENE (DESK REPORT)",2,30,"CLEAR","DAYLIGHT","DRY","SIDESWIPE SAME DIRECTION","DIVIDED - W/MEDIAN (NOT RAISED)","UNABLE TO DETERMINE",41.8992296,-87.626718241
"3822","none",2021-11-11 16:20:00,16,"ON SCENE",4,35,"CLEAR","DARKNESS, LIGHTED ROAD","DRY","PARKED MOTOR VEHICLE","NOT DIVIDED","UNABLE TO DETERMINE",41.773171171,-87.582496505
"3823","none",2021-11-11 16:15:00,16,"NOT ON SCENE (DESK REPORT)",2,30,"CLEAR","DAYLIGHT","DRY","REAR END","DIVIDED - W/MEDIAN (NOT RAISED)","FAILING TO REDUCE SPEED TO AVOID CRASH",41.85198384,-87.685785704
"3824","injuries",2021-11-11 16:15:00,16,"NOT ON SCENE (DESK REPORT)",2,30,"CLEAR","DAYLIGHT","DRY","PEDESTRIAN","PARKING LOT","UNABLE TO DETERMINE",41.743879913,-87.604883139
"3825","none",2021-11-11 16:00:00,16,"ON SCENE",3,30,"CLEAR","DARKNESS, LIGHTED ROAD","DRY","REAR END","DIVIDED - W/MEDIAN (NOT RAISED)","DISTRACTION - FROM INSIDE VEHICLE",41.932149804,-87.705127643
"3826","none",2021-11-11 16:00:00,16,"NOT ON SCENE (DESK REPORT)",2,30,"CLEAR","DAWN","DRY","ANGLE","NOT DIVIDED","FAILING TO YIELD RIGHT-OF-WAY",41.963142058,-87.836841018
"3827","none",2021-11-11 15:52:00,15,"NOT ON SCENE (DESK REPORT)",2,30,"CLEAR","DAYLIGHT","DRY","ANGLE","NOT DIVIDED","FAILING TO YIELD RIGHT-OF-WAY",41.838292534,-87.633033306
"3828","none",2021-11-11 15:50:00,15,"ON SCENE",2,20,"CLEAR","DAYLIGHT","DRY","PARKED MOTOR VEHICLE","ONE-WAY","UNABLE TO DETERMINE",41.919336577,-87.721583163
"3829","none",2021-11-11 15:46:00,15,"NOT ON SCENE (DESK REPORT)",2,25,"CLEAR","DAYLIGHT","DRY","ANGLE","DIVIDED - W/MEDIAN BARRIER","FAILING TO YIELD RIGHT-OF-WAY",41.801829631,-87.587826048
"3830","injuries",2021-11-11 15:40:00,15,"ON SCENE",2,30,"CLEAR","DAYLIGHT","DRY","REAR END","NOT DIVIDED","UNABLE TO DETERMINE",41.910448636,-87.68593864
"3831","none",2021-11-11 15:40:00,15,"NOT ON SCENE (DESK REPORT)",2,30,"UNKNOWN","DAYLIGHT","UNKNOWN","TURNING","NOT DIVIDED","IMPROPER OVERTAKING/PASSING",41.692788806,-87.62090332
"3832","none",2021-11-11 15:35:00,15,"NOT ON SCENE (DESK REPORT)",2,30,"CLEAR","DAYLIGHT","DRY","PEDESTRIAN","DIVIDED - W/MEDIAN (NOT RAISED)","NOT APPLICABLE",41.844787498,-87.71709709
"3833","none",2021-11-11 15:35:00,15,"ON SCENE",2,30,"CLEAR","DAYLIGHT","DRY","ANGLE","NOT DIVIDED","DRIVING SKILLS/KNOWLEDGE/EXPERIENCE",41.822074669,-87.691456073
"3834","none",2021-11-11 15:35:00,15,"NOT ON SCENE (DESK REPORT)",2,30,"CLEAR","DAYLIGHT","DRY","PARKED MOTOR VEHICLE","NOT DIVIDED","UNABLE TO DETERMINE",41.787942651,-87.591664284
"3835","none",2021-11-11 15:35:00,15,"NOT ON SCENE (DESK REPORT)",2,30,"CLEAR","DAYLIGHT","DRY","REAR END","NOT DIVIDED","FOLLOWING TOO CLOSELY",41.791606756,-87.607968195
"3836","injuries",2021-11-11 15:33:00,15,"ON SCENE",3,30,"RAIN","DAYLIGHT","WET","SIDESWIPE SAME DIRECTION","DIVIDED - W/MEDIAN (NOT RAISED)","FAILING TO REDUCE SPEED TO AVOID CRASH",41.806523966,-87.664767292
"3837","none",2021-11-11 15:30:00,15,"ON SCENE",2,30,"CLEAR","DUSK","DRY","ANGLE","NOT DIVIDED","UNABLE TO DETERMINE",41.838110931,-87.634248294
"3838","none",2021-11-11 15:30:00,15,"NOT ON SCENE (DESK REPORT)",2,30,"CLEAR","DAYLIGHT","DRY","TURNING","OTHER","UNABLE TO DETERMINE",41.866080956,-87.734819431
"3839","none",2021-11-11 15:25:00,15,"NOT ON SCENE (DESK REPORT)",2,20,"CLEAR","DAYLIGHT","DRY","PARKED MOTOR VEHICLE","PARKING LOT","UNABLE TO DETERMINE",41.956126201,-87.722482826
"3840","none",2021-11-11 15:25:00,15,"NOT ON SCENE (DESK REPORT)",2,15,"CLEAR","DAWN","DRY","PARKED MOTOR VEHICLE","NOT DIVIDED","NOT APPLICABLE",41.972579399,-87.780811315
"3841","none",2021-11-11 15:22:00,15,"ON SCENE",3,30,"CLEAR","DAYLIGHT","DRY","PARKED MOTOR VEHICLE","NOT DIVIDED","UNABLE TO DETERMINE",41.962545853,-87.760211866
"3842","none",2021-11-11 15:20:00,15,"ON SCENE",2,30,"CLOUDY/OVERCAST","DAYLIGHT","WET","REAR TO FRONT","DIVIDED - W/MEDIAN (NOT RAISED)","UNABLE TO DETERMINE",41.822896059,-87.683498787
"3843","injuries",2021-11-11 15:18:00,15,"ON SCENE",2,30,"CLEAR","DAYLIGHT","DRY","TURNING","PARKING LOT","UNABLE TO DETERMINE",41.877581225,-87.671502631
"3844","none",2021-11-11 15:15:00,15,"NOT ON SCENE (DESK REPORT)",2,30,"CLEAR","DAYLIGHT","DRY","REAR END","NOT DIVIDED","UNABLE TO DETERMINE",41.876821887,-87.671772959
"3845","none",2021-11-11 15:14:00,15,"ON SCENE",2,20,"CLEAR","DAYLIGHT","WET","FIXED OBJECT","NOT DIVIDED","UNABLE TO DETERMINE",41.895467889,-87.726664815
"3846","none",2021-11-11 15:05:00,15,"ON SCENE",2,30,"CLEAR","DAYLIGHT","DRY","PARKED MOTOR VEHICLE","DIVIDED - W/MEDIAN (NOT RAISED)","UNABLE TO DETERMINE",41.885642279,-87.765202216
"3847","none",2021-11-11 15:05:00,15,"NOT ON SCENE (DESK REPORT)",2,30,"CLEAR","DAYLIGHT","DRY","ANGLE","NOT DIVIDED","NOT APPLICABLE",41.792241204,-87.79286084
"3848","none",2021-11-11 15:03:00,15,"ON SCENE",2,30,"CLEAR","DAYLIGHT","DRY","REAR END","UNKNOWN","UNABLE TO DETERMINE",41.849791261,-87.675631317
"3849","none",2021-11-11 15:00:00,15,"ON SCENE",2,30,"CLEAR","DAYLIGHT","DRY","PARKED MOTOR VEHICLE","DIVIDED - W/MEDIAN (NOT RAISED)","UNABLE TO DETERMINE",41.742760741,-87.692809526
"3850","none",2021-11-11 15:00:00,15,"ON SCENE",2,30,"CLEAR","DAYLIGHT","WET","PARKED MOTOR VEHICLE","ONE-WAY","UNABLE TO DETERMINE",41.737466533,-87.577089747
"3851","none",2021-11-11 15:00:00,15,"NOT ON SCENE (DESK REPORT)",2,25,"UNKNOWN","DARKNESS, LIGHTED ROAD","UNKNOWN","REAR END","T-INTERSECTION","UNABLE TO DETERMINE",41.750854199,-87.636791593
"3852","none",2021-11-11 15:00:00,15,"NOT ON SCENE (DESK REPORT)",2,30,"UNKNOWN","UNKNOWN","UNKNOWN","REAR END","UNKNOWN","UNABLE TO DETERMINE",41.961066992,-87.654582261
"3853","none",2021-11-11 14:50:00,14,"NOT ON SCENE (DESK REPORT)",2,30,"CLEAR","DAYLIGHT","DRY","SIDESWIPE SAME DIRECTION","NOT DIVIDED","UNABLE TO DETERMINE",41.961450981,-87.654888915
"3854","none",2021-11-11 14:40:00,14,"ON SCENE",1,15,"CLEAR","DAYLIGHT","DRY","FIXED OBJECT","ALLEY","UNABLE TO DETERMINE",41.891830335,-87.769221393
"3855","none",2021-11-11 14:35:00,14,"ON SCENE",2,30,"CLEAR","DAYLIGHT","DRY","PARKED MOTOR VEHICLE","ONE-WAY","IMPROPER BACKING",41.79017097,-87.692964798
"3856","none",2021-11-11 14:30:00,14,"NOT ON SCENE (DESK REPORT)",2,30,"CLEAR","DARKNESS, LIGHTED ROAD","DRY","PARKED MOTOR VEHICLE","PARKING LOT","UNABLE TO DETERMINE",41.953531929,-87.728338182
"3857","none",2021-11-11 14:30:00,14,"ON SCENE",2,30,"CLEAR","DAYLIGHT","DRY","SIDESWIPE SAME DIRECTION","NOT DIVIDED","UNABLE TO DETERMINE",41.947156735,-87.653052435
"3858","none",2021-11-11 14:30:00,14,"NOT ON SCENE (DESK REPORT)",2,30,"CLOUDY/OVERCAST","DAYLIGHT","DRY","PARKED MOTOR VEHICLE","NOT DIVIDED","FAILING TO YIELD RIGHT-OF-WAY",41.84708182,-87.726590949
"3859","none",2021-11-11 14:30:00,14,"NOT ON SCENE (DESK REPORT)",2,30,"UNKNOWN","DAYLIGHT","UNKNOWN","SIDESWIPE SAME DIRECTION","DIVIDED - W/MEDIAN (NOT RAISED)","UNABLE TO DETERMINE",41.953292847,-87.767065708
"3860","none",2021-11-11 14:20:00,14,"NOT ON SCENE (DESK REPORT)",2,30,"CLEAR","DAYLIGHT","DRY","REAR TO FRONT","ONE-WAY","IMPROPER BACKING",41.909270941,-87.766971435
"3861","injuries",2021-11-11 14:16:00,14,"ON SCENE",2,30,"CLEAR","DAYLIGHT","DRY","PARKED MOTOR VEHICLE","TRAFFIC ROUTE","DISTRACTION - FROM OUTSIDE VEHICLE",41.659039174,-87.603484524
"3862","none",2021-11-11 14:15:00,14,"NOT ON SCENE (DESK REPORT)",2,30,"CLEAR","DAYLIGHT","DRY","TURNING","OTHER","FAILING TO YIELD RIGHT-OF-WAY",41.785929717,-87.720652388
"3863","none",2021-11-11 14:12:00,14,"ON SCENE",2,30,"CLEAR","DAYLIGHT","WET","PARKED MOTOR VEHICLE","ALLEY","IMPROPER BACKING",41.872166958,-87.629576797
"3864","injuries",2021-11-11 14:10:00,14,"ON SCENE",2,30,"CLEAR","DAYLIGHT","UNKNOWN","TURNING","CENTER TURN LANE","FOLLOWING TOO CLOSELY",41.87205936,-87.744785624
"3865","none",2021-11-11 14:04:00,14,"ON SCENE",2,30,"CLEAR","DAYLIGHT","WET","TURNING","NOT DIVIDED","UNABLE TO DETERMINE",41.857954662,-87.663189886
"3866","injuries",2021-11-11 14:00:00,14,"NOT ON SCENE (DESK REPORT)",2,30,"CLEAR","DAYLIGHT","DRY","SIDESWIPE SAME DIRECTION","NOT DIVIDED","FAILING TO YIELD RIGHT-OF-WAY",41.924508115,-87.715909224
"3867","none",2021-11-11 14:00:00,14,"NOT ON SCENE (DESK REPORT)",2,30,"CLEAR","DAYLIGHT","DRY","PARKED MOTOR VEHICLE","NOT DIVIDED","NOT APPLICABLE",41.791982567,-87.794988339
"3868","none",2021-11-11 14:00:00,14,"NOT ON SCENE (DESK REPORT)",2,20,"CLEAR","UNKNOWN","UNKNOWN","PARKED MOTOR VEHICLE","ONE-WAY","UNABLE TO DETERMINE",41.974458127,-87.651434398
"3869","none",2021-11-11 14:00:00,14,"NOT ON SCENE (DESK REPORT)",2,30,"UNKNOWN","DAYLIGHT","UNKNOWN","TURNING","FOUR WAY","UNABLE TO DETERMINE",41.751887864,-87.562660426
"3870","none",2021-11-11 13:55:00,13,"NOT ON SCENE (DESK REPORT)",2,20,"CLEAR","DAYLIGHT","DRY","PARKED MOTOR VEHICLE","NOT DIVIDED","UNABLE TO DETERMINE",41.968846695,-87.761408593
"3871","none",2021-11-11 13:45:00,13,"NOT ON SCENE (DESK REPORT)",2,30,"CLEAR","DAYLIGHT","OTHER","SIDESWIPE SAME DIRECTION","NOT DIVIDED","UNABLE TO DETERMINE",41.70529429,-87.61946226
"3872","none",2021-11-11 13:45:00,13,"ON SCENE",2,25,"RAIN","DAYLIGHT","WET","PARKED MOTOR VEHICLE","ONE-WAY","UNABLE TO DETERMINE",41.897916974,-87.643132919
"3873","none",2021-11-11 13:40:00,13,"NOT ON SCENE (DESK REPORT)",2,30,"CLOUDY/OVERCAST","DAYLIGHT","OTHER","SIDESWIPE SAME DIRECTION","ONE-WAY","IMPROPER LANE USAGE",41.88728187,-87.647669761
"3874","none",2021-11-11 13:40:00,13,"ON SCENE",2,35,"CLEAR","DAYLIGHT","DRY","PARKED MOTOR VEHICLE","DIVIDED - W/MEDIAN (NOT RAISED)","UNABLE TO DETERMINE",41.777860478,-87.664031353
"3875","none",2021-11-11 13:40:00,13,"NOT ON SCENE (DESK REPORT)",2,30,"CLEAR","DAYLIGHT","DRY","TURNING","NOT DIVIDED","NOT APPLICABLE",41.76845491,-87.664038433
"3876","none",2021-11-11 13:38:00,13,"ON SCENE",2,30,"CLEAR","DAYLIGHT","WET","SIDESWIPE SAME DIRECTION","ONE-WAY","FAILING TO YIELD RIGHT-OF-WAY",41.950327913,-87.785031835
"3877","none",2021-11-11 13:30:00,13,"NOT ON SCENE (DESK REPORT)",2,30,"CLEAR","DAYLIGHT","WET","TURNING","NOT DIVIDED","FAILING TO YIELD RIGHT-OF-WAY",41.768434293,-87.664382937
"3878","none",2021-11-11 13:30:00,13,"NOT ON SCENE (DESK REPORT)",2,30,"UNKNOWN","DAYLIGHT","DRY","PARKED MOTOR VEHICLE","DIVIDED - W/MEDIAN (NOT RAISED)","UNABLE TO DETERMINE",41.953778825,-87.649859557
"3879","none",2021-11-11 13:30:00,13,"NOT ON SCENE (DESK REPORT)",2,30,"RAIN","DAYLIGHT","WET","PARKED MOTOR VEHICLE","DIVIDED - W/MEDIAN (NOT RAISED)","UNABLE TO DETERMINE",41.857872895,-87.6546978
"3880","none",2021-11-11 13:30:00,13,"NOT ON SCENE (DESK REPORT)",2,30,"CLEAR","DAYLIGHT","UNKNOWN","REAR END","NOT DIVIDED","UNABLE TO DETERMINE",41.816354923,-87.628010448
"3881","none",2021-11-11 13:30:00,13,"NOT ON SCENE (DESK REPORT)",2,30,"CLEAR","DAYLIGHT","DRY","SIDESWIPE SAME DIRECTION","DIVIDED - W/MEDIAN BARRIER","UNABLE TO DETERMINE",41.953854049,-87.718766689
"3882","none",2021-11-11 13:22:00,13,"NOT ON SCENE (DESK REPORT)",2,30,"CLEAR","DAYLIGHT","DRY","REAR TO FRONT","ONE-WAY","UNABLE TO DETERMINE",41.733273451,-87.602112515
"3883","none",2021-11-11 13:00:00,13,"NOT ON SCENE (DESK REPORT)",2,30,"UNKNOWN","DAYLIGHT","UNKNOWN","TURNING","T-INTERSECTION","UNABLE TO DETERMINE",41.779845601,-87.578814915
"3884","none",2021-11-11 13:00:00,13,"NOT ON SCENE (DESK REPORT)",2,30,"CLEAR","DAYLIGHT","WET","REAR END","NOT DIVIDED","FOLLOWING TOO CLOSELY",41.939139842,-87.732087634
"3885","none",2021-11-11 12:45:00,12,"ON SCENE",1,35,"CLOUDY/OVERCAST","DAYLIGHT","WET","FIXED OBJECT","OTHER","UNABLE TO DETERMINE",41.666061632,-87.558461921
"3886","none",2021-11-11 12:45:00,12,"ON SCENE",1,35,"CLEAR","DAYLIGHT","DRY","FIXED OBJECT","OTHER","DRIVING SKILLS/KNOWLEDGE/EXPERIENCE",41.685523249,-87.614230127
"3887","none",2021-11-11 12:35:00,12,"ON SCENE",2,30,"CLEAR","DAYLIGHT","WET","REAR END","T-INTERSECTION","FOLLOWING TOO CLOSELY",41.808154619,-87.709854798
"3888","none",2021-11-11 12:34:00,12,"NOT ON SCENE (DESK REPORT)",2,30,"CLEAR","DAYLIGHT","DRY","PARKED MOTOR VEHICLE","NOT DIVIDED","UNABLE TO DETERMINE",41.887993114,-87.774762832
"3889","none",2021-11-11 12:33:00,12,"ON SCENE",2,30,"RAIN","DAYLIGHT","WET","REAR END","DIVIDED - W/MEDIAN (NOT RAISED)","FOLLOWING TOO CLOSELY",41.866294424,-87.705726149
"3890","none",2021-11-11 12:32:00,12,"ON SCENE",2,30,"CLOUDY/OVERCAST","DAYLIGHT","WET","SIDESWIPE SAME DIRECTION","NOT DIVIDED","IMPROPER OVERTAKING/PASSING",41.868889711,-87.639098928