"","injuries","crash_date","crash_hour","report_type","num_units","posted_speed_limit","weather_condition","lighting_condition","roadway_surface_cond","first_crash_type","trafficway_type","prim_contributory_cause","latitude","longitude"
"3891","none",2021-11-11 12:30:00,12,"NOT ON SCENE (DESK REPORT)",2,35,"CLEAR","DAYLIGHT","DRY","REAR END","NOT DIVIDED","UNABLE TO DETERMINE",41.995617717,-87.787643061
"3892","none",2021-11-11 12:28:00,12,"NOT ON SCENE (DESK REPORT)",2,30,"CLEAR","DAYLIGHT","DRY","SIDESWIPE SAME DIRECTION","NOT DIVIDED","UNABLE TO DETERMINE",41.911517865,-87.671522664
"3893","none",2021-11-11 12:25:00,12,"ON SCENE",2,30,"RAIN","DAYLIGHT","WET","SIDESWIPE SAME DIRECTION","ONE-WAY","FAILING TO YIELD RIGHT-OF-WAY",41.8760773,-87.724709518
"3894","injuries",2021-11-11 12:20:00,12,"ON SCENE",2,35,"RAIN","DAYLIGHT","WET","PEDALCYCLIST","FOUR WAY","IMPROPER TURNING/NO SIGNAL",41.883107233,-87.642551396
"3895","none",2021-11-11 12:20:00,12,"NOT ON SCENE (DESK REPORT)",2,30,"RAIN","DAYLIGHT","WET","ANGLE","FOUR WAY","FAILING TO YIELD RIGHT-OF-WAY",42.011364684,-87.67428162
"3896","injuries",2021-11-11 12:20:00,12,"ON SCENE",2,30,"RAIN","DAYLIGHT","WET","TURNING","ONE-WAY","FAILING TO YIELD RIGHT-OF-WAY",41.945133193,-87.761931172
"3897","none",2021-11-11 12:20:00,12,"ON SCENE",2,35,"RAIN","DAYLIGHT","WET","TURNING","DIVIDED - W/MEDIAN BARRIER","NOT APPLICABLE",41.793554363,-87.664637551
"3898","none",2021-11-11 12:15:00,12,"ON SCENE",2,40,"RAIN","DAYLIGHT","WET","SIDESWIPE SAME DIRECTION","DIVIDED - W/MEDIAN BARRIER","UNABLE TO DETERMINE",41.952363928,-87.64517895
"3899","injuries",2021-11-11 12:14:00,12,"ON SCENE",2,30,"CLEAR","DAYLIGHT","WET","TURNING","NOT DIVIDED","FAILING TO YIELD RIGHT-OF-WAY",41.707182175,-87.620361492
"3900","none",2021-11-11 12:10:00,12,"ON SCENE",2,30,"CLEAR","DAYLIGHT","DRY","ANGLE","NOT DIVIDED","DISREGARDING TRAFFIC SIGNALS",41.985357395,-87.660202784
"3901","injuries",2021-11-11 12:10:00,12,"ON SCENE",2,35,"RAIN","DAYLIGHT","WET","TURNING","FOUR WAY","FAILING TO YIELD RIGHT-OF-WAY",41.707222065,-87.613911605
"3902","injuries",2021-11-11 12:10:00,12,"ON SCENE",2,30,"CLEAR","DAYLIGHT","WET","TURNING","FOUR WAY","UNABLE TO DETERMINE",41.812038598,-87.684109505
"3903","none",2021-11-11 12:09:00,12,"NOT ON SCENE (DESK REPORT)",2,55,"CLOUDY/OVERCAST","DAYLIGHT","WET","SIDESWIPE SAME DIRECTION","DIVIDED - W/MEDIAN BARRIER","UNABLE TO DETERMINE",41.900752974,-87.624235
"3904","none",2021-11-11 12:05:00,12,"NOT ON SCENE (DESK REPORT)",2,30,"RAIN","DAYLIGHT","WET","REAR END","NOT DIVIDED","NOT APPLICABLE",41.677702905,-87.642058943
"3905","injuries",2021-11-11 12:05:00,12,"ON SCENE",2,30,"RAIN","DAYLIGHT","WET","TURNING","DIVIDED - W/MEDIAN (NOT RAISED)","IMPROPER TURNING/NO SIGNAL",41.911051258,-87.765712813
"3906","none",2021-11-11 12:05:00,12,"NOT ON SCENE (DESK REPORT)",2,10,"RAIN","DAYLIGHT","WET","REAR TO SIDE","PARKING LOT","IMPROPER BACKING",41.909398788,-87.653050698
"3907","none",2021-11-11 12:01:00,12,"NOT ON SCENE (DESK REPORT)",2,30,"RAIN","DAYLIGHT","WET","REAR END","NOT DIVIDED","FOLLOWING TOO CLOSELY",41.753675535,-87.663664971
"3908","none",2021-11-11 12:00:00,12,"NOT ON SCENE (DESK REPORT)",2,35,"RAIN","DAYLIGHT","DRY","REAR END","DIVIDED - W/MEDIAN (NOT RAISED)","DISTRACTION - FROM OUTSIDE VEHICLE",41.735617968,-87.682663369
"3909","none",2021-11-11 12:00:00,12,"NOT ON SCENE (DESK REPORT)",2,30,"RAIN","DAYLIGHT","WET","SIDESWIPE SAME DIRECTION","NOT DIVIDED","IMPROPER OVERTAKING/PASSING",41.833274252,-87.72412515
"3910","none",2021-11-11 12:00:00,12,"NOT ON SCENE (DESK REPORT)",1,20,"UNKNOWN","DAYLIGHT","UNKNOWN","FIXED OBJECT","NOT DIVIDED","UNABLE TO DETERMINE",41.966420515,-87.691137467
"3911","none",2021-11-11 12:00:00,12,"NOT ON SCENE (DESK REPORT)",2,10,"CLEAR","DAYLIGHT","DRY","PARKED MOTOR VEHICLE","PARKING LOT","IMPROPER OVERTAKING/PASSING",41.889333215,-87.630282472
"3912","none",2021-11-11 12:00:00,12,"NOT ON SCENE (DESK REPORT)",2,30,"CLEAR","DAYLIGHT","WET","REAR END","NOT DIVIDED","FOLLOWING TOO CLOSELY",41.749656809,-87.722064358
"3913","none",2021-11-11 11:55:00,11,"ON SCENE",2,30,"RAIN","DAYLIGHT","WET","ANGLE","DIVIDED - W/MEDIAN BARRIER","WEATHER",41.791420282,-87.580147769
"3914","none",2021-11-11 11:55:00,11,"ON SCENE",2,30,"RAIN","DAYLIGHT","WET","ANGLE","NOT DIVIDED","VISION OBSCURED (SIGNS, TREE LIMBS, BUILDINGS, ETC.)",41.895357692,-87.684532181
"3915","injuries",2021-11-11 11:55:00,11,"ON SCENE",4,30,"RAIN","DAYLIGHT","WET","SIDESWIPE SAME DIRECTION","ONE-WAY","FAILING TO REDUCE SPEED TO AVOID CRASH",41.894941529,-87.615218596
"3916","none",2021-11-11 11:53:00,11,"NOT ON SCENE (DESK REPORT)",2,30,"RAIN","DAYLIGHT","WET","TURNING","T-INTERSECTION","FAILING TO YIELD RIGHT-OF-WAY",41.869045088,-87.676461034
"3917","none",2021-11-11 11:45:00,11,"NOT ON SCENE (DESK REPORT)",2,25,"RAIN","DAYLIGHT","WET","TURNING","FOUR WAY","DISREGARDING STOP SIGN",41.71416295,-87.651889793
"3918","none",2021-11-11 11:45:00,11,"NOT ON SCENE (DESK REPORT)",2,30,"UNKNOWN","DAYLIGHT","UNKNOWN","SIDESWIPE SAME DIRECTION","DIVIDED - W/MEDIAN (NOT RAISED)","UNABLE TO DETERMINE",41.997735909,-87.69592888
"3919","none",2021-11-11 11:45:00,11,"NOT ON SCENE (DESK REPORT)",2,30,"CLEAR","DAYLIGHT","DRY","PARKED MOTOR VEHICLE","NOT DIVIDED","UNABLE TO DETERMINE",41.800575988,-87.60414151
"3920","none",2021-11-11 11:45:00,11,"NOT ON SCENE (DESK REPORT)",3,30,"RAIN","DAYLIGHT","WET","REAR END","NOT DIVIDED","FOLLOWING TOO CLOSELY",41.805608732,-87.704053094
"3921","none",2021-11-11 11:44:00,11,"ON SCENE",1,30,"CLOUDY/OVERCAST","DAYLIGHT","WET","OTHER OBJECT","NOT DIVIDED","UNABLE TO DETERMINE",42.01976471,-87.667129458
"3922","none",2021-11-11 11:40:00,11,"ON SCENE",2,30,"RAIN","DAYLIGHT","WET","TURNING","T-INTERSECTION","FAILING TO YIELD RIGHT-OF-WAY",41.896078,-87.647879689
"3923","none",2021-11-11 11:40:00,11,"NOT ON SCENE (DESK REPORT)",2,30,"CLEAR","DAYLIGHT","DRY","REAR END","NOT DIVIDED","UNABLE TO DETERMINE",41.721047709,-87.682004831
"3924","none",2021-11-11 11:37:00,11,"ON SCENE",1,30,"RAIN","DAYLIGHT","DRY","FIXED OBJECT","NOT DIVIDED","DRIVING SKILLS/KNOWLEDGE/EXPERIENCE",41.860838569,-87.661547741
"3925","none",2021-11-11 11:36:00,11,"ON SCENE",2,30,"RAIN","DAYLIGHT","WET","REAR END","DIVIDED - W/MEDIAN BARRIER","UNABLE TO DETERMINE",41.987791437,-87.702777975
"3926","none",2021-11-11 11:35:00,11,"ON SCENE",1,40,"RAIN","DAYLIGHT","WET","FIXED OBJECT","DIVIDED - W/MEDIAN BARRIER","UNABLE TO DETERMINE",41.90080611,-87.619723961
"3927","none",2021-11-11 11:30:00,11,"ON SCENE",2,30,"CLOUDY/OVERCAST","DAYLIGHT","WET","TURNING","FOUR WAY","FAILING TO YIELD RIGHT-OF-WAY",41.880804158,-87.728244422
"3928","none",2021-11-11 11:30:00,11,"NOT ON SCENE (DESK REPORT)",2,30,"CLOUDY/OVERCAST","DAYLIGHT","WET","REAR END","DIVIDED - W/MEDIAN (NOT RAISED)","UNABLE TO DETERMINE",41.882331938,-87.754991779
"3929","none",2021-11-11 11:30:00,11,"NOT ON SCENE (DESK REPORT)",2,30,"CLEAR","DAYLIGHT","DRY","REAR END","NOT DIVIDED","FAILING TO REDUCE SPEED TO AVOID CRASH",41.749339,-87.722052091
"3930","none",2021-11-11 11:30:00,11,"NOT ON SCENE (DESK REPORT)",2,30,"RAIN","DAYLIGHT","WET","ANGLE","NOT DIVIDED","FAILING TO YIELD RIGHT-OF-WAY",41.696468267,-87.642654121
"3931","none",2021-11-11 11:30:00,11,"ON SCENE",1,30,"CLOUDY/OVERCAST","DAYLIGHT","WET","FIXED OBJECT","DIVIDED - W/MEDIAN BARRIER","UNABLE TO DETERMINE",41.794612669,-87.633971647
"3932","none",2021-11-11 11:30:00,11,"ON SCENE",2,25,"CLOUDY/OVERCAST","DAYLIGHT","WET","TURNING","FOUR WAY","IMPROPER TURNING/NO SIGNAL",41.794112788,-87.664731705
"3933","none",2021-11-11 11:23:00,11,"ON SCENE",2,25,"RAIN","DAYLIGHT","WET","TURNING","ONE-WAY","UNABLE TO DETERMINE",41.999481702,-87.700436331
"3934","none",2021-11-11 11:23:00,11,"NOT ON SCENE (DESK REPORT)",2,30,"CLEAR","DAYLIGHT","DRY","REAR END","NOT DIVIDED","FOLLOWING TOO CLOSELY",41.858682568,-87.671270304
"3935","none",2021-11-11 11:15:00,11,"ON SCENE",2,25,"CLEAR","UNKNOWN","UNKNOWN","PARKED MOTOR VEHICLE","NOT DIVIDED","UNABLE TO DETERMINE",41.840007597,-87.700152552
"3936","none",2021-11-11 11:15:00,11,"NOT ON SCENE (DESK REPORT)",2,30,"RAIN","DAYLIGHT","WET","TURNING","NOT DIVIDED","UNABLE TO DETERMINE",41.893742078,-87.694884853
"3937","injuries",2021-11-11 11:08:00,11,"ON SCENE",2,30,"CLOUDY/OVERCAST","DAYLIGHT","WET","ANGLE","FOUR WAY","UNABLE TO DETERMINE",41.862428232,-87.725202942
"3938","injuries",2021-11-11 11:03:00,11,"ON SCENE",2,30,"RAIN","DAYLIGHT","WET","REAR END","DIVIDED - W/MEDIAN BARRIER","WEATHER",41.952255894,-87.836815774
"3939","none",2021-11-11 11:00:00,11,"NOT ON SCENE (DESK REPORT)",2,15,"CLEAR","DAYLIGHT","DRY","PARKED MOTOR VEHICLE","NOT DIVIDED","DRIVING SKILLS/KNOWLEDGE/EXPERIENCE",41.953825861,-87.64953062
"3940","none",2021-11-11 11:00:00,11,"NOT ON SCENE (DESK REPORT)",2,30,"RAIN","DAYLIGHT","WET","PARKED MOTOR VEHICLE","ONE-WAY","FAILING TO YIELD RIGHT-OF-WAY",41.881790063,-87.70541198
"3941","none",2021-11-11 11:00:00,11,"NOT ON SCENE (DESK REPORT)",2,30,"RAIN","DAYLIGHT","WET","REAR END","NOT DIVIDED","NOT APPLICABLE",41.714096831,-87.64365947
"3942","none",2021-11-11 11:00:00,11,"NOT ON SCENE (DESK REPORT)",2,30,"UNKNOWN","DAYLIGHT","UNKNOWN","PARKED MOTOR VEHICLE","ONE-WAY","UNABLE TO DETERMINE",41.868356231,-87.703740519
"3943","none",2021-11-11 11:00:00,11,"NOT ON SCENE (DESK REPORT)",2,30,"CLEAR","DAYLIGHT","DRY","TURNING","NOT DIVIDED","IMPROPER TURNING/NO SIGNAL",41.777841895,-87.76667389
"3944","none",2021-11-11 11:00:00,11,"NOT ON SCENE (DESK REPORT)",2,25,"CLEAR","DAYLIGHT","DRY","PARKED MOTOR VEHICLE","OTHER","NOT APPLICABLE",41.878658778,-87.68893858
"3945","none",2021-11-11 10:58:00,10,"ON SCENE",3,25,"RAIN","DAYLIGHT","WET","SIDESWIPE SAME DIRECTION","NOT DIVIDED","DRIVING SKILLS/KNOWLEDGE/EXPERIENCE",41.931777918,-87.697758542
"3946","none",2021-11-11 10:50:00,10,"ON SCENE",2,30,"FREEZING RAIN/DRIZZLE","DAYLIGHT","WET","TURNING","NOT DIVIDED","FAILING TO YIELD RIGHT-OF-WAY",41.755178528,-87.702695711
"3947","none",2021-11-11 10:31:00,10,"ON SCENE",2,30,"RAIN","DAWN","WET","REAR END","NOT DIVIDED","FOLLOWING TOO CLOSELY",41.765311361,-87.644477477
"3948","none",2021-11-11 10:20:00,10,"NOT ON SCENE (DESK REPORT)",2,15,"CLEAR","DAYLIGHT","WET","PARKED MOTOR VEHICLE","PARKING LOT","IMPROPER OVERTAKING/PASSING",41.872742312,-87.677446091
"3949","none",2021-11-11 10:15:00,10,"ON SCENE",2,30,"RAIN","DAYLIGHT","WET","ANGLE","NOT DIVIDED","IMPROPER OVERTAKING/PASSING",41.704651339,-87.720716667
"3950","none",2021-11-11 10:15:00,10,"UNKNOWN",2,30,"RAIN","DAYLIGHT","WET","SIDESWIPE SAME DIRECTION","NOT DIVIDED","FAILING TO YIELD RIGHT-OF-WAY",41.995855875,-87.699727462
"3951","none",2021-11-11 10:15:00,10,"NOT ON SCENE (DESK REPORT)",2,30,"RAIN","DAYLIGHT","WET","REAR END","NOT DIVIDED","WEATHER",41.831322137,-87.626309464
"3952","none",2021-11-11 10:15:00,10,"ON SCENE",2,0,"RAIN","DAYLIGHT","OTHER","PARKED MOTOR VEHICLE","OTHER","DRIVING SKILLS/KNOWLEDGE/EXPERIENCE",41.752986977,-87.681501347
"3953","none",2021-11-11 10:15:00,10,"ON SCENE",2,30,"RAIN","DAYLIGHT","WET","SIDESWIPE SAME DIRECTION","DIVIDED - W/MEDIAN (NOT RAISED)","UNABLE TO DETERMINE",41.830521592,-87.677691531
"3954","none",2021-11-11 10:03:00,10,"ON SCENE",1,35,"RAIN","DAYLIGHT","WET","FIXED OBJECT","NOT DIVIDED","UNABLE TO DETERMINE",41.66350259,-87.626506112
"3955","none",2021-11-11 10:00:00,10,"ON SCENE",2,30,"CLEAR","DARKNESS","WET","PARKED MOTOR VEHICLE","ONE-WAY","UNABLE TO DETERMINE",41.898177815,-87.697227232
"3956","none",2021-11-11 10:00:00,10,"ON SCENE",2,25,"RAIN","DAYLIGHT","WET","REAR END","DIVIDED - W/MEDIAN BARRIER","FOLLOWING TOO CLOSELY",41.743959697,-87.663130376
"3957","none",2021-11-11 10:00:00,10,"NOT ON SCENE (DESK REPORT)",3,30,"RAIN","DAYLIGHT","WET","REAR END","ONE-WAY","FOLLOWING TOO CLOSELY",41.881924027,-87.641341777
"3958","injuries",2021-11-11 10:00:00,10,"ON SCENE",2,30,"RAIN","DARKNESS, LIGHTED ROAD","WET","TURNING","DIVIDED - W/MEDIAN (NOT RAISED)","DISREGARDING TRAFFIC SIGNALS",41.940721131,-87.668537471
"3959","none",2021-11-11 10:00:00,10,"NOT ON SCENE (DESK REPORT)",2,30,"RAIN","DAYLIGHT","WET","REAR END","PARKING LOT","FOLLOWING TOO CLOSELY",42.008625626,-87.674027147
"3960","none",2021-11-11 10:00:00,10,"ON SCENE",2,30,"RAIN","DAYLIGHT","WET","REAR END","DIVIDED - W/MEDIAN BARRIER","FOLLOWING TOO CLOSELY",41.779926518,-87.631979326
"3961","none",2021-11-11 09:54:00,9,"ON SCENE",2,30,"RAIN","DAYLIGHT","WET","ANGLE","NOT DIVIDED","DISREGARDING TRAFFIC SIGNALS",41.765344255,-87.624823099
"3962","none",2021-11-11 09:45:00,9,"NOT ON SCENE (DESK REPORT)",3,30,"RAIN","DAYLIGHT","WET","REAR END","DIVIDED - W/MEDIAN (NOT RAISED)","FOLLOWING TOO CLOSELY",41.961188127,-87.690931087
"3963","none",2021-11-11 09:45:00,9,"NOT ON SCENE (DESK REPORT)",2,30,"RAIN","DAYLIGHT","WET","SIDESWIPE SAME DIRECTION","DIVIDED - W/MEDIAN (NOT RAISED)","UNABLE TO DETERMINE",41.868950634,-87.735212105
"3964","none",2021-11-11 09:40:00,9,"NOT ON SCENE (DESK REPORT)",2,30,"RAIN","DAYLIGHT","WET","REAR END","NOT DIVIDED","FOLLOWING TOO CLOSELY",41.917250055,-87.728549594
"3965","none",2021-11-11 09:40:00,9,"ON SCENE",2,35,"RAIN","DAYLIGHT","WET","TURNING","FOUR WAY","NOT APPLICABLE",41.751391989,-87.585593457
"3966","none",2021-11-11 09:39:00,9,"ON SCENE",2,30,"RAIN","DAYLIGHT","WET","REAR END","DIVIDED - W/MEDIAN (NOT RAISED)","FOLLOWING TOO CLOSELY",41.92344354,-87.800827392
"3967","none",2021-11-11 09:37:00,9,"ON SCENE",3,30,"RAIN","DAYLIGHT","WET","REAR END","DIVIDED - W/MEDIAN (NOT RAISED)","UNABLE TO DETERMINE",41.946345117,-87.721319565
"3968","none",2021-11-11 09:30:00,9,"ON SCENE",2,35,"RAIN","DAYLIGHT","WET","ANGLE","NOT DIVIDED","FAILING TO YIELD RIGHT-OF-WAY",41.706961715,-87.650188474
"3969","none",2021-11-11 09:30:00,9,"ON SCENE",2,25,"RAIN","DAYLIGHT","WET","TURNING","NOT DIVIDED","WEATHER",41.724258119,-87.586667057
"3970","none",2021-11-11 09:25:00,9,"NOT ON SCENE (DESK REPORT)",2,30,"RAIN","DAYLIGHT","WET","REAR END","NOT DIVIDED","UNABLE TO DETERMINE",41.917279903,-87.707937289
"3971","injuries",2021-11-11 09:10:00,9,"ON SCENE",2,30,"RAIN","DAYLIGHT","WET","PEDESTRIAN","FOUR WAY","FAILING TO YIELD RIGHT-OF-WAY",41.91821388,-87.653421975
"3972","none",2021-11-11 09:10:00,9,"ON SCENE",2,30,"RAIN","DAYLIGHT","WET","REAR END","FOUR WAY","FOLLOWING TOO CLOSELY",41.772801501,-87.615429082
"3973","none",2021-11-11 09:10:00,9,"NOT ON SCENE (DESK REPORT)",2,30,"RAIN","DAYLIGHT","WET","TURNING","NOT DIVIDED","IMPROPER OVERTAKING/PASSING",41.857614674,-87.676140074
"3974","none",2021-11-11 09:07:00,9,"ON SCENE",4,30,"RAIN","DAYLIGHT","WET","TURNING","ALLEY","FAILING TO YIELD RIGHT-OF-WAY",41.999806396,-87.669957733
"3975","none",2021-11-11 08:50:00,8,"ON SCENE",1,30,"RAIN","DAYLIGHT","WET","FIXED OBJECT","NOT DIVIDED","DISTRACTION - FROM INSIDE VEHICLE",41.792856765,-87.76157025
"3976","none",2021-11-11 08:50:00,8,"ON SCENE",1,15,"RAIN","DAYLIGHT","DRY","FIXED OBJECT","ALLEY","UNABLE TO DETERMINE",41.91530121,-87.680829096
"3977","none",2021-11-11 08:48:00,8,"NOT ON SCENE (DESK REPORT)",2,30,"RAIN","DAYLIGHT","WET","REAR END","FOUR WAY","FOLLOWING TOO CLOSELY",41.758293487,-87.624682868
"3978","none",2021-11-11 08:45:00,8,"NOT ON SCENE (DESK REPORT)",2,30,"RAIN","DAYLIGHT","DRY","REAR TO FRONT","NOT DIVIDED","IMPROPER BACKING",41.884209616,-87.655457096
"3979","injuries",2021-11-11 08:43:00,8,"ON SCENE",2,30,"RAIN","DAYLIGHT","WET","TURNING","NOT DIVIDED","UNABLE TO DETERMINE",41.744581196,-87.552902021
"3980","none",2021-11-11 08:37:00,8,"ON SCENE",2,30,"RAIN","DAYLIGHT","WET","TURNING","NOT DIVIDED","WEATHER",41.786173973,-87.714872724
"3981","none",2021-11-11 08:28:00,8,"NOT ON SCENE (DESK REPORT)",2,30,"RAIN","DAYLIGHT","WET","TURNING","NOT DIVIDED","UNABLE TO DETERMINE",41.788891434,-87.703279592
"3982","none",2021-11-11 08:25:00,8,"ON SCENE",2,30,"RAIN","DAYLIGHT","WET","TURNING","NOT DIVIDED","IMPROPER TURNING/NO SIGNAL",41.812643497,-87.704006254
"3983","none",2021-11-11 08:20:00,8,"NOT ON SCENE (DESK REPORT)",2,30,"RAIN","DAWN","WET","TURNING","OTHER","IMPROPER TURNING/NO SIGNAL",41.794299263,-87.62230967
"3984","injuries",2021-11-11 08:15:00,8,"ON SCENE",2,30,"RAIN","DAYLIGHT","WET","PEDESTRIAN","NOT DIVIDED","FAILING TO YIELD RIGHT-OF-WAY",41.893204345,-87.625482186
"3985","none",2021-11-11 08:15:00,8,"NOT ON SCENE (DESK REPORT)",2,30,"RAIN","DAYLIGHT","WET","PARKED MOTOR VEHICLE","NOT DIVIDED","UNABLE TO DETERMINE",41.923878487,-87.639472096
"3986","none",2021-11-11 08:15:00,8,"ON SCENE",2,30,"RAIN","DAYLIGHT","WET","TURNING","FOUR WAY","FAILING TO YIELD RIGHT-OF-WAY",41.707844955,-87.588938725
"3987","none",2021-11-11 08:10:00,8,"ON SCENE",2,30,"RAIN","DAYLIGHT","WET","TURNING","NOT DIVIDED","UNABLE TO DETERMINE",41.95417483,-87.678901961
"3988","none",2021-11-11 08:00:00,8,"ON SCENE",2,35,"RAIN","DAYLIGHT","WET","TURNING","NOT DIVIDED","UNABLE TO DETERMINE",41.887804621,-87.765268498
"3989","none",2021-11-11 08:00:00,8,"NOT ON SCENE (DESK REPORT)",2,30,"CLEAR","DAYLIGHT","DRY","REAR END","NOT DIVIDED","FOLLOWING TOO CLOSELY",41.889497844,-87.647450398
"3990","none",2021-11-11 07:58:00,7,"ON SCENE",1,30,"UNKNOWN","UNKNOWN","UNKNOWN","OTHER OBJECT","NOT DIVIDED","UNABLE TO DETERMINE",41.917093298,-87.741545502
"3991","injuries",2021-11-11 07:56:00,7,"ON SCENE",3,30,"RAIN","DAYLIGHT","WET","REAR END","OTHER","OPERATING VEHICLE IN ERRATIC, RECKLESS, CARELESS, NEGLIGENT OR AGGRESSIVE MANNER",41.74350578,-87.62819656
"3992","none",2021-11-11 07:45:00,7,"NOT ON SCENE (DESK REPORT)",2,35,"RAIN","UNKNOWN","DRY","SIDESWIPE SAME DIRECTION","NOT DIVIDED","UNABLE TO DETERMINE",41.910832096,-87.661128682
"3993","none",2021-11-11 07:35:00,7,"NOT ON SCENE (DESK REPORT)",2,30,"CLEAR","DAYLIGHT","DRY","REAR END","NOT DIVIDED","FOLLOWING TOO CLOSELY",41.860147067,-87.625808558
"3994","none",2021-11-11 07:30:00,7,"NOT ON SCENE (DESK REPORT)",2,30,"CLEAR","DAYLIGHT","DRY","REAR END","DIVIDED - W/MEDIAN (NOT RAISED)","FAILING TO REDUCE SPEED TO AVOID CRASH",41.771239495,-87.741998016
"3995","none",2021-11-11 07:10:00,7,"ON SCENE",3,30,"RAIN","DAYLIGHT","WET","ANGLE","NOT DIVIDED","FAILING TO YIELD RIGHT-OF-WAY",41.876671628,-87.654626239
"3996","none",2021-11-11 07:00:00,7,"NOT ON SCENE (DESK REPORT)",2,30,"UNKNOWN","DAYLIGHT","UNKNOWN","PARKED MOTOR VEHICLE","NOT DIVIDED","UNABLE TO DETERMINE",41.754705332,-87.566437864
"3997","none",2021-11-11 07:00:00,7,"ON SCENE",2,30,"RAIN","DAYLIGHT","WET","SIDESWIPE SAME DIRECTION","NOT DIVIDED","UNABLE TO DETERMINE",41.987979939,-87.666625958
"3998","none",2021-11-11 07:00:00,7,"ON SCENE",2,35,"CLEAR","DAYLIGHT","DRY","REAR END","NOT DIVIDED","NOT APPLICABLE",41.99784707,-87.676999341
"3999","injuries",2021-11-11 07:00:00,7,"ON SCENE",3,40,"CLOUDY/OVERCAST","DAYLIGHT","DRY","REAR END","DIVIDED - W/MEDIAN BARRIER","FAILING TO REDUCE SPEED TO AVOID CRASH",41.880623662,-87.617639968
"4000","none",2021-11-11 06:55:00,6,"ON SCENE",2,30,"CLEAR","DAYLIGHT","DRY","REAR TO FRONT","NOT DIVIDED","UNABLE TO DETERMINE",41.818349017,-87.724096405
"4001","none",2021-11-11 06:39:00,6,"ON SCENE",2,30,"RAIN","DAYLIGHT","WET","TURNING","NOT DIVIDED","IMPROPER TURNING/NO SIGNAL",41.782477024,-87.584724601
"4002","none",2021-11-11 06:01:00,6,"NOT ON SCENE (DESK REPORT)",2,35,"CLEAR","DAYLIGHT","DRY","REAR END","NOT DIVIDED","UNABLE TO DETERMINE",41.778318567,-87.742350674
"4003","injuries",2021-11-11 02:45:00,2,"ON SCENE",2,30,"CLEAR","DARKNESS, LIGHTED ROAD","DRY","REAR END","NOT DIVIDED","DRIVING SKILLS/KNOWLEDGE/EXPERIENCE",41.721325751,-87.662625098
"4004","injuries",2021-11-11 02:39:00,2,"ON SCENE",1,25,"CLEAR","DARKNESS, LIGHTED ROAD","DRY","FIXED OBJECT","NOT DIVIDED","PHYSICAL CONDITION OF DRIVER",41.917090726,-87.741772048
"4005","none",2021-11-11 01:50:00,1,"ON SCENE",3,25,"CLEAR","DARKNESS, LIGHTED ROAD","DRY","TURNING","FOUR WAY","IMPROPER OVERTAKING/PASSING",41.792308374,-87.778210515
"4006","none",2021-11-11 01:49:00,1,"ON SCENE",2,30,"CLEAR","DARKNESS, LIGHTED ROAD","DRY","TURNING","ONE-WAY","UNABLE TO DETERMINE",41.876957409,-87.633772857
"4007","none",2021-11-11 01:32:00,1,"ON SCENE",1,30,"CLEAR","DARKNESS, LIGHTED ROAD","DRY","FIXED OBJECT","NOT DIVIDED","UNABLE TO DETERMINE",41.850385403,-87.640692791
"4008","none",2021-11-11 01:30:00,1,"ON SCENE",3,30,"CLEAR","DAYLIGHT","DRY","REAR TO FRONT","PARKING LOT","FAILING TO YIELD RIGHT-OF-WAY",41.797814512,-87.743045016
"4009","none",2021-11-11 01:04:00,1,"ON SCENE",3,30,"CLEAR","DARKNESS, LIGHTED ROAD","DRY","ANGLE","T-INTERSECTION","DISREGARDING TRAFFIC SIGNALS",41.954545777,-87.650692769
"4010","none",2021-11-11 01:00:00,1,"ON SCENE",2,35,"CLEAR","UNKNOWN","DRY","PARKED MOTOR VEHICLE","ONE-WAY","UNABLE TO DETERMINE",41.95279849,-87.709356046
"4011","none",2021-11-11 00:49:00,0,"ON SCENE",2,30,"CLEAR","DARKNESS, LIGHTED ROAD","DRY","ANGLE","FOUR WAY","DISREGARDING TRAFFIC SIGNALS",41.877073679,-87.730302867
"4012","none",2021-11-11 00:48:00,0,"ON SCENE",3,35,"CLEAR","DARKNESS, LIGHTED ROAD","DRY","REAR END","DIVIDED - W/MEDIAN BARRIER","UNABLE TO DETERMINE",41.720919825,-87.675953165
"4013","none",2021-11-11 00:30:00,0,"NOT ON SCENE (DESK REPORT)",2,30,"CLEAR","DARKNESS, LIGHTED ROAD","DRY","REAR END","NOT DIVIDED","TEXTING",41.896593964,-87.626308102
"4014","none",2021-11-11 00:08:00,0,"ON SCENE",4,30,"UNKNOWN","DARKNESS","UNKNOWN","PARKED MOTOR VEHICLE","ONE-WAY","DRIVING ON WRONG SIDE/WRONG WAY",41.764439825,-87.584876431